symbol,ExpDate
ABBV,2020-01-17
ABEV,2020-01-17
AAPL,2020-01-17
ABT,2020-01-17
ACIA,2020-01-17
ADBE,2020-01-17
ADI,2020-01-17
ADSK,2020-01-17
AEIS,2020-01-17
AGCO,2020-01-17
ALRM,2020-01-17
AMAT,2020-01-17
AMD,2020-01-17
AMED,2020-01-17
AMKR,2020-01-17
APH,2020-01-17
ARES,2020-01-17
ASB,2020-01-17
ASML,2020-01-17
AVGO,2020-01-17
AVY,2020-01-17
AZN,2020-01-17
BA,2020-01-17
BABA,2020-01-17
BIDU,2020-01-17
BIG,2020-01-17
CAMT,2020-01-17
CAT,2020-01-17
CBOE,2020-01-17
CCMP,2020-01-17
CHCT,2020-01-17
CHKP,2020-01-17
CHL,2020-01-17
CHU,2020-01-17
CNMD,2020-01-17
COHR,2020-01-17
COST,2020-01-17
CRUS,2020-01-17
CTSH,2020-01-17
CY,2020-01-17
DG,2020-01-17
DGX,2020-01-17
DIOD,2020-01-17
DIS,2020-01-17
DLTR,2020-01-17
DOCU,2020-01-17
DPZ,2020-01-17
EFX,2020-01-17
ESE,2020-01-17
FAST,2020-01-17
FB,2020-01-17
FICO,2020-01-17
FISV,2020-01-17
FISV,2020-01-17
GIB,2020-01-17
HCKT,2020-01-17
HD,2020-01-17
HUBS,2020-01-17
IAA,2020-01-17
IBM,2020-01-17
INTC,2020-01-17
INTU,2020-01-17
IRBT,2020-01-17
ITRI,2020-01-17
JBL,2020-01-17
KEYS,2020-01-17
KLAC,2020-01-17
KO,2020-01-17
KRNT,2020-01-17
LEG,2020-01-17
LITE,2020-01-17
LOW,2020-01-17
LRCX,2020-01-17
LYFT,2020-01-17
MCD,2020-01-17
MCHP,2020-01-17
MLNX,2020-01-17
MRVL,2020-01-17
MSFT,2020-01-17
MU,2020-01-17
MXIM,2020-01-17
NFLX,2020-01-17
NKE,2020-01-17
NOVT,2020-01-17
NOW,2020-01-17
NVMI,2020-01-17
OLED,2020-01-17
OLLI,2020-01-17
ON,2020-01-17
ORA,2020-01-17
PAYC,2020-01-17
PCG,2020-01-17
PEP,2020-01-17
PFE,2020-01-17
PLXS,2020-01-17
PNR,2020-01-17
QCOM,2020-01-17
QQQ,2020-01-17
QRVO,2020-01-17
RDFN,2020-01-17
RDNT,2020-01-17
RH,2020-01-17
RMBS,2020-01-17
RMD,2020-01-17
RNG,2020-01-17
ROKU,2020-01-17
SAFE,2020-01-17
SAGE,2020-01-17
SBUX,2020-01-17
SIMO,2020-01-17
SLAB,2020-01-17
SPLK,2020-01-17
SPNS,2020-01-17
STX,2020-01-17
SWKS,2020-01-17
SYNA,2020-01-17
TEAM,2020-01-17
TECD,2020-01-17
TEL,2020-01-17
TER,2020-01-17
TGT,2020-01-17
TTEK,2020-01-17
TWTR,2020-01-17
UBER,2020-01-17
UEIC,2020-01-17
UI,2020-01-17
V,2020-01-17
VEEV,2020-01-17
WEN,2020-01-17
WIRE,2020-01-17
WMT,2020-01-17
Z,2020-01-17
ZEN,2020-01-17
GLD,2020-01-17
