Symbol,20191101,20191104,20191105,20191106,20191107,20191108,20191111,20191112,20191113,20191114,20191115,20191118,20191119,20191120,20191121,20191122
ABBV_112219C76,54,54:82.99,54:81.93,54:82.08,54:82.01:6560104:6.0:0,54:85.17:9420181:6.0:0,54:85.54:6219193:6.0:0,54:86.54:9648955:6.0:0,54:86.57:4948264:6.0:0,54:87.64:4676686:6.0:0,54:88.59:6687424:6.0:0,54:267.1:21677338:6.0:0,54:89.02:7469818:6.0:0,U:87.17:5804948:U:U,54:86.39:4706929:11.33:0,54:86.05:7728326:11.33:0
ABBV_112219C76.5,143,143:82.99,143:81.93,143:82.08,143:82.01:6560104:3.87:0,143:85.17:9420181:8.3:102,145:85.54:6219193:8.3:0,145:86.54:9648955:8.3:0,145:86.57:4948264:10.7:1,144:87.64:4676686:10.7:0,144:88.59:6687424:10.7:0,144:267.1:21677338:12.6:3,144:89.02:7469818:12.6:0,144:87.17:5804948:12.6:0,144:86.39:4706929:12.6:0,144:86.05:7728326:9.55:1
ABBV_112219C77,378,364:82.99,364:81.93,364:82.08,364:82.01:6560104:5.79:0,364:85.17:9420181:5.79:0,364:85.54:6219193:5.79:0,364:86.54:9648955:5.79:0,364:86.57:4948264:5.79:0,364:87.64:4676686:5.79:0,364:88.59:6687424:5.79:0,364:267.1:21677338:5.79:0,364:89.02:7469818:5.79:0,364:87.17:5804948:5.79:0,355:86.39:4706929:10.28:0,355:86.05:7728326:9.2:10
ABBV_112219C77.5,129,128:82.99,129:81.93,128:82.08,128:82.01:6560104:4.71:3,127:85.17:9420181:7.84:2,125:85.54:6219193:6.9:20,125:86.54:9648955:6.9:0,125:86.57:4948264:6.9:0,125:87.64:4676686:8.87:2,123:88.59:6687424:11.45:1,123:267.1:21677338:11.68:18,111:89.02:7469818:11.81:14,103:87.17:5804948:11.22:10,93:86.39:4706929:9.35:1,93:86.05:7728326:8.79:10
ABBV_112219C78,69,68:82.99,80:81.93,80:82.08,80:82.01:6560104:3.99:4,80:85.17:9420181:7.38:2,79:85.54:6219193:7.45:21,70:86.54:9648955:7.45:0,70:86.57:4948264:7.45:0,70:87.64:4676686:7.45:0,70:88.59:6687424:10.95:1,U:267.1:21677338::,71:89.02:7469818:10.8:0,71:87.17:5804948:9.77:1,71:86.39:4706929:9.27:0,71:86.05:7728326:8.25:0
ABBV_112219C78.5,792,792:82.99,792:81.93,792:82.08,792:82.01:6560104:3.75:3,791:85.17:9420181:6.86:5,790:85.54:6219193:6.86:0,790:86.54:9648955:6.86:0,790:86.57:4948264:8.68:1,789:87.64:4676686:8.68:0,789:88.59:6687424:8.68:0,U:267.1:21677338::,789:89.02:7469818:8.68:0,789:87.17:5804948:9.5:5,789:86.39:4706929:9.5:0,789:86.05:7728326:7.79:134
ABBV_112219C79,583,575:82.99,573:81.93,572:82.08,577:82.01:6560104:3.3:51,620:85.17:9420181:6.43:37,602:85.54:6219193:6.43:0,602:86.54:9648955:9.29:4,598:86.57:4948264:7.91:14,590:87.64:4676686:7.91:0,590:88.59:6687424:7.91:0,590:267.1:21677338:10.31:9,588:89.02:7469818:10.05:465,123:87.17:5804948:10.05:0,123:86.39:4706929:10.05:0,123:86.05:7728326:6.5:7
ABBV_112219C80,233,231:82.99,209:81.93,212:82.08,212:82.01:6560104:2.4:62,182:85.17:9420181:5.65:27,199:85.54:6219193:5.65:0,199:86.54:9648955:8.32:11,196:86.57:4948264:6.81:7,195:87.64:4676686:6.4:1,196:88.59:6687424:8.6:2,195:267.1:21677338:8.6:0,195:89.02:7469818:9.19:1,U:87.17:5804948:U:U,194:86.39:4706929:6.2:2,193:86.05:7728326:6.13:5
ABBV_112219C80.5,66,60:82.99,71:81.93,72:82.08,72:82.01:6560104:1.86:3,72:85.17:9420181:4.3:3,73:85.54:6219193:5.15:7,71:86.54:9648955:7.0:1,70:86.57:4948264:7.0:0,70:87.64:4676686:7.05:1,70:88.59:6687424:8.3:3,U:267.1:21677338::,64:89.02:7469818:8.57:12,53:87.17:5804948:8.57:0,53:86.39:4706929:8.57:0,[53:86.05:7728326:8.57:0
ABBV_112219C81.5,217,233:82.99,231:81.93,240:82.08,241:82.01:6560104:1.41:51,250:85.17:9420181:4.01:41,240:85.54:6219193:3.95:4,242:86.54:9648955:5.0:4,242:86.57:4948264:4.25:12,237:87.64:4676686:4.25:0,237:88.59:6687424:7.12:11,U:267.1:21677338::,234:89.02:7469818:7.97:20,234:87.17:5804948:6.35:9,225:86.39:4706929:4.85:8,[234:86.05:7728326:4.77:28
ABBV_112219C82.5,24,122:82.99,419:81.93,456:82.08,454:82.01:6560104:1.05:191,442:85.17:9420181:3.25:237,431:85.54:6219193:3.52:19,428:86.54:9648955:4.9:24,418:86.57:4948264:4.36:319,142:87.64:4676686:4.1:5,147:88.59:6687424:6.35:7,146:267.1:21677338:6.5:1,147:89.02:7469818:7.04:4,144:87.17:5804948:4.2:10,143:86.39:4706929:3.75:38,[146:86.05:7728326:3.25:14
ABBV_112219C83,6,23:82.99,57:81.93,92:82.08,100:82.01:6560104:0.8:23,82:85.17:9420181:2.82:49,106:85.54:6219193:2.88:12,101:86.54:9648955:3.85:24,90:86.57:4948264:4.15:8,97:87.64:4676686:3.64:4,99:88.59:6687424:5.75:30,122:267.1:21677338:6.25:19,113:89.02:7469818:6.25:11,103:87.17:5804948:4.28:9,106:86.39:4706929:3.4:8,[103:86.05:7728326:3.05:79
ABBV_112219C83.5,8,17:82.99,35:81.93,37:82.08,36:82.01:6560104:0.6:10,30:85.17:9420181:2.49:31,29:85.54:6219193:2.38:503,162:86.54:9648955:4.05:15,162:86.57:4948264:3.7:6,165:87.64:4676686:3.95:2,165:88.59:6687424:5.7:7,165:267.1:21677338:5.38:30,136:89.02:7469818:5.95:78,73:87.17:5804948:3.75:13,81:86.39:4706929:2.83:3,[82:86.05:7728326:2.15:31
ABBV_112219C84,3,17:82.99,38:81.93,66:82.08,57:82.01:6560104:0.41:15,70:85.17:9420181:2.11:126,111:85.54:6219193:2.31:71,141:86.54:9648955:2.95:49,111:86.57:4948264:3.0:23,115:87.64:4676686:3.7:41,105:88.59:6687424:4.95:21,97:267.1:21677338:5.33:7,92:89.02:7469818:5.1:21,83:87.17:5804948:3.3:558,553:86.39:4706929:2.19:28,[554:86.05:7728326:1.88:77
ABBV_112219C85,21,212:82.99,220:81.93,228:82.08,338:82.01:6560104:0.25:106,388:85.17:9420181:1.5:259,383:85.54:6219193:1.6:769,478:86.54:9648955:2.21:158,460:86.57:4948264:2.4:101,381:87.64:4676686:2.88:39,378:88.59:6687424:3.75:118,451:267.1:21677338:3.82:14,437:89.02:7469818:4.1:38,421:87.17:5804948:2.39:58,421:86.39:4706929:1.68:52,[416:86.05:7728326:1.12:110
ABBV_112219C86,0,4:82.99,98:81.93,98:82.08,98:82.01:6560104:0.13:17,98:85.17:9420181:1.04:345,295:85.54:6219193:1.04:227,442:86.54:9648955:1.52:214,398:86.57:4948264:1.49:54,397:87.64:4676686:2.04:74,386:88.59:6687424:2.99:158,368:267.1:21677338:2.95:34,364:89.02:7469818:3.46:9,363:87.17:5804948:1.3:19,357:86.39:4706929:0.78:115,[363:86.05:7728326:0.06:1059
ABBV_112219C86.5,0,0:82.99,1:81.93,1:82.08,1:82.01:6560104:0.25:0,1:85.17:9420181:0.78:13,12:85.54:6219193:0.76:33,31:86.54:9648955:1.25:97,77:86.57:4948264:1.18:227,116:87.64:4676686:1.83:191,154:88.59:6687424:2.5:37,U:267.1:21677338::,152:89.02:7469818:3.0:25,152:87.17:5804948:1.26:55,152:86.39:4706929:0.45:143,[198:86.05:7728326:0.01:326
ABBV_112219C87,0,0:82.99,23:81.93,23:82.08,22:82.01:6560104:0.08:0,22:85.17:9420181:0.63:301,257:85.54:6219193:0.59:162,377:86.54:9648955:1.04:536,370:86.57:4948264:0.95:987,500:87.64:4676686:1.53:220,519:88.59:6687424:1.99:190,U:267.1:21677338::,482:89.02:7469818:2.53:127,472:87.17:5804948:0.98:281,590:86.39:4706929:0.31:239,[666:86.05:7728326:0.01:548
ABBV_112219C90,0,0:82.99,0:81.93,1:82.08,1:82.01:6560104:0.03:0,1:85.17:9420181:0.13:147,148:85.54:6219193:0.1:10,155:86.54:9648955:0.2:1399,983:86.57:4948264:0.16:1361,1082:87.64:4676686:0.35:1420,1252:88.59:6687424:0.49:2603,U:267.1:21677338::,1674:89.02:7469818:0.45:4210,2333:87.17:5804948:0.08:2705,1900:86.39:4706929:0.02:181,[1951:86.05:7728326:0.01:46
ABBV_112919C76.5,34,34:82.99,34:81.93,36:82.08,36:82.01:6560104:5.19:4,34:85.17:9420181:5.19:0,34:85.54:6219193:5.19:0,34:86.54:9648955:5.19:0,34:86.57:4948264:5.19:0,34:87.64:4676686:5.19:0,34:88.59:6687424:12.1:8,38:267.1:21677338:12.85:3,40:89.02:7469818:12.85:0,U:87.17:5804948:5.0:U,40:86.39:4706929:12.85:0,40:86.05:7728326:12.85:0
ABBV_112919C77,67,72:82.99,72:81.93,69:82.08,69:82.01:6560104:5.0:1,70:85.17:9420181:8.49:12,80:85.54:6219193:8.49:0,80:86.54:9648955:11.3:1,80:86.57:4948264:11.3:0,80:87.64:4676686:11.3:0,80:88.59:6687424:11.3:0,80:267.1:21677338:11.3:0,80:89.02:7469818:11.3:0,80:87.17:5804948:11.3:0,80:86.39:4706929:11.3:0,80:86.05:7728326:9.05:1
ABBV_112919C77.5,134,130:82.99,129:81.93,139:82.08,137:82.01:6560104:4.23:25,137:85.17:9420181:7.83:4,141:85.54:6219193:7.83:0,141:86.54:9648955:9.8:10,131:86.57:4948264:9.8:0,131:87.64:4676686:8.9:1,131:88.59:6687424:8.9:0,131:267.1:21677338:8.9:0,:89.02:7469818:0.2:U,U:87.17:5804948:U:U,126:86.39:4706929:11.65:0,126:86.05:7728326:8.82:2
ABBV_112919C78,165,164:82.99,164:81.93,164:82.08,165:82.01:6560104:3.95:2,165:85.17:9420181:3.95:0,165:85.54:6219193:3.95:0,165:86.54:9648955:8.7:2,165:86.57:4948264:8.7:0,165:87.64:4676686:8.7:0,165:88.59:6687424:10.97:21,148:267.1:21677338:11.37:2,147:89.02:7469818:11.37:0,147:87.17:5804948:11.37:0,147:86.39:4706929:11.37:0,147:86.05:7728326:11.37:0
ABBV_112919C78.5,100,98:82.99,92:81.93,93:82.08,93:82.01:6560104:3.68:3,93:85.17:9420181:5.17:10,87:85.54:6219193:5.17:0,87:86.54:9648955:9.8:4,83:86.57:4948264:9.8:0,83:87.64:4676686:9.8:0,83:88.59:6687424:10.2:1,83:267.1:21677338:10.33:1,84:89.02:7469818:10.33:0,U:87.17:5804948:U:U,84:86.39:4706929:10.33:0,84:86.05:7728326:10.33:0
ABBV_112919C79,107,98:82.99,97:81.93,96:82.08,98:82.01:6560104:2.75:0,98:85.17:9420181:2.75:0,98:85.54:6219193:6.65:6,98:86.54:9648955:6.65:0,98:86.57:4948264:6.65:0,98:87.64:4676686:6.65:0,98:88.59:6687424:6.65:0,98:267.1:21677338:6.65:0,98:89.02:7469818:11.0:4,98:87.17:5804948:11.0:0,98:86.39:4706929:7.12:1,97:86.05:7728326:6.64:4
ABBV_112919C79.5,53,53:82.99,62:81.93,61:82.08,61:82.01:6560104:3.12:2,61:85.17:9420181:3.12:0,61:85.54:6219193:3.12:0,61:86.54:9648955:3.12:0,61:86.57:4948264:7.75:3,60:87.64:4676686:7.75:0,60:88.59:6687424:9.56:1,U:267.1:21677338::,60:89.02:7469818:9.56:0,60:87.17:5804948:9.56:0,60:86.39:4706929:9.56:0,60:86.05:7728326:9.56:0
ABBV_112919C80,384,359:82.99,365:81.93,364:82.08,351:82.01:6560104:2.74:87,345:85.17:9420181:5.45:30,319:85.54:6219193:5.88:5,318:86.54:9648955:6.88:18,304:86.57:4948264:6.88:0,304:87.64:4676686:6.88:0,304:88.59:6687424:9.05:63,U:267.1:21677338::,346:89.02:7469818:9.3:23,344:87.17:5804948:9.3:0,344:86.39:4706929:6.11:10,344:86.05:7728326:5.73:10
ABBV_112919C80.5,355,340:82.99,343:81.93,343:82.08,280:82.01:6560104:2.75:1,278:85.17:9420181:5.06:140,244:85.54:6219193:5.01:12,244:86.54:9648955:6.68:20,255:86.57:4948264:6.45:13,255:87.64:4676686:6.45:0,255:88.59:6687424:8.42:2,U:267.1:21677338::,256:89.02:7469818:8.42:0,256:87.17:5804948:7.82:7,249:86.39:4706929:7.82:0,[249:86.05:7728326:7.82:0
ABBV_112919C81.5,346,347:82.99,307:81.93,352:82.08,452:82.01:6560104:1.32:0,452:85.17:9420181:4.25:23,433:85.54:6219193:3.8:2,433:86.54:9648955:6.8:7,433:86.57:4948264:6.8:0,433:87.64:4676686:6.8:0,433:88.59:6687424:7.15:2,433:267.1:21677338:7.15:0,433:89.02:7469818:7.15:0,433:87.17:5804948:7.15:0,433:86.39:4706929:5.05:1,[433:86.05:7728326:4.8:3
ABBV_112919C82.5,425,462:82.99,484:81.93,536:82.08,530:82.01:6560104:1.25:99,552:85.17:9420181:3.45:25,544:85.54:6219193:3.45:0,544:86.54:9648955:5.11:5,539:86.57:4948264:4.75:21,519:87.64:4676686:4.75:0,519:88.59:6687424:6.17:6,U:267.1:21677338::,513:89.02:7469818:6.17:0,513:87.17:5804948:6.17:0,513:86.39:4706929:3.75:1,[513:86.05:7728326:3.65:3
ABBV_112919C83,276,349:82.99,370:81.93,377:82.08,377:82.01:6560104:1.07:33,379:85.17:9420181:2.99:56,382:85.54:6219193:2.93:8,378:86.54:9648955:4.65:8,371:86.57:4948264:4.0:14,385:87.64:4676686:3.85:9,385:88.59:6687424:5.79:31,U:267.1:21677338::,409:89.02:7469818:6.25:10,400:87.17:5804948:6.25:0,401:86.39:4706929:3.35:75,[323:86.05:7728326:2.75:6
ABBV_112919C83.5,15,20:82.99,46:81.93,81:82.08,92:82.01:6560104:0.82:42,124:85.17:9420181:2.68:40,121:85.54:6219193:2.54:14,124:86.54:9648955:3.65:2,123:86.57:4948264:3.65:0,123:87.64:4676686:4.15:4,120:88.59:6687424:4.15:0,120:267.1:21677338:4.15:0,120:89.02:7469818:4.15:0,120:87.17:5804948:3.59:5,122:86.39:4706929:3.1:9,[131:86.05:7728326:2.78:21
ABBV_112919C84,0,21:82.99,33:81.93,37:82.08,43:82.01:6560104:0.64:24,61:85.17:9420181:2.37:29,50:85.54:6219193:2.36:9,52:86.54:9648955:3.2:10,50:86.57:4948264:3.35:6,55:87.64:4676686:3.35:0,55:88.59:6687424:5.0:1,55:267.1:21677338:5.0:2,53:89.02:7469818:5.6:53,89:87.17:5804948:4.05:25,87:86.39:4706929:2.72:41,[79:86.05:7728326:2.35:70
ABBV_112919C85,62,73:82.99,130:81.93,156:82.08,159:82.01:6560104:0.41:46,165:85.17:9420181:1.74:108,202:85.54:6219193:1.79:102,239:86.54:9648955:2.41:104,211:86.57:4948264:2.52:13,212:87.64:4676686:2.52:0,212:88.59:6687424:3.97:13,209:267.1:21677338:4.55:8,206:89.02:7469818:4.6:65,209:87.17:5804948:2.68:26,209:86.39:4706929:1.8:66,[260:86.05:7728326:1.54:80
ABBV_112919C86,0,2:82.99,67:81.93,238:82.08,260:82.01:6560104:0.3:20,240:85.17:9420181:1.24:67,239:85.54:6219193:1.15:51,251:86.54:9648955:1.85:67,251:86.57:4948264:1.88:6,253:87.64:4676686:2.55:11,258:88.59:6687424:3.35:4,259:267.1:21677338:3.2:20,246:89.02:7469818:3.5:7,247:87.17:5804948:1.98:45,295:86.39:4706929:1.24:120,[374:86.05:7728326:0.96:212
ABBV_112919C86.5,0,3:82.99,30:81.93,30:82.08,30:82.01:6560104:0.31:0,30:85.17:9420181:1.02:27,36:85.54:6219193:0.92:15,47:86.54:9648955:1.52:15,54:86.57:4948264:1.54:99,55:87.64:4676686:2.11:39,71:88.59:6687424:3.0:28,U:267.1:21677338::,144:89.02:7469818:3.1:29,170:87.17:5804948:1.46:23,175:86.39:4706929:1.06:212,[229:86.05:7728326:0.7:286
ABBV_112919C87,0,0:82.99,22:81.93,22:82.08,22:82.01:6560104:0.3:0,22:85.17:9420181:0.79:3,24:85.54:6219193:0.75:18,39:86.54:9648955:1.32:57,74:86.57:4948264:1.24:35,80:87.64:4676686:1.74:51,97:88.59:6687424:2.4:29,96:267.1:21677338:2.51:24,97:89.02:7469818:2.94:31,98:87.17:5804948:1.37:82,191:86.39:4706929:0.78:641,[655:86.05:7728326:0.5:502
ABBV_112919C90,0,0:82.99,85:81.93,78:82.08,78:82.01:6560104:0.04:0,78:85.17:9420181:0.18:536,588:85.54:6219193:0.17:61,625:86.54:9648955:0.36:1006,809:86.57:4948264:0.31:542,979:87.64:4676686:0.57:710,944:88.59:6687424:0.71:1403,1173:267.1:21677338:0.7:1047,1029:89.02:7469818:0.81:577,1130:87.17:5804948:0.28:1293,1980:86.39:4706929:0.12:850,[1848:86.05:7728326:0.06:391
ABBV_120619C77,21,21:82.99,21:81.93,21:82.08,21:82.01:6560104:5.25:0,21:85.17:9420181:5.25:0,21:85.54:6219193:8.4:15,21:86.54:9648955:8.4:0,21:86.57:4948264:8.4:0,21:87.64:4676686:8.4:0,21:88.59:6687424:8.4:0,21:267.1:21677338:8.4:0,21:89.02:7469818:8.4:0,21:87.17:5804948:8.4:0,21:86.39:4706929:8.4:0,21:86.05:7728326:8.4:0
ABBV_120619C77.5,8,8:82.99,9:81.93,14:82.08,14:82.01:6560104:4.55:2,16:85.17:9420181:7.82:8,19:85.54:6219193:7.82:0,19:86.54:9648955:7.82:0,19:86.57:4948264:7.82:0,19:87.64:4676686:7.82:0,19:88.59:6687424:11.49:2,18:267.1:21677338:11.49:0,18:89.02:7469818:11.9:11,U:87.17:5804948:.:U,26:86.39:4706929:8.55:3,29:86.05:7728326:8.55:0
ABBV_120619C78,1,1:82.99,1:81.93,1:82.08,1:82.01:6560104:5.4:0,1:85.17:9420181:5.4:0,1:85.54:6219193:5.4:0,1:86.54:9648955:5.4:0,1:86.57:4948264:5.4:0,1:87.64:4676686:5.4:0,1:88.59:6687424:5.4:0,1:267.1:21677338:5.4:0,1:89.02:7469818:5.4:0,1:87.17:5804948:5.4:0,1:86.39:4706929:5.4:0,1:86.05:7728326:5.4:0
ABBV_120619C78.5,15,20:82.99,20:81.93,20:82.08,20:82.01:6560104:4.3:0,20:85.17:9420181:4.3:0,20:85.54:6219193:6.78:1,19:86.54:9648955:6.78:0,19:86.57:4948264:6.78:0,19:87.64:4676686:9.1:2,19:88.59:6687424:9.1:0,19:267.1:21677338:9.1:0,19:89.02:7469818:10.9:3,20:87.17:5804948:8.65:3,19:86.39:4706929:8.65:0,19:86.05:7728326:8.65:0
ABBV_120619C79,15,9:82.99,10:81.93,11:82.08,11:82.01:6560104:4.6:0,11:85.17:9420181:6.27:1,10:85.54:6219193:6.35:1,11:86.54:9648955:9.3:7,9:86.57:4948264:9.3:0,9:87.64:4676686:9.3:0,9:88.59:6687424:10.05:3,9:267.1:21677338:10.05:0,9:89.02:7469818:10.05:0,9:87.17:5804948:10.05:0,19:86.39:4706929:8.36:0,19:86.05:7728326:8.36:0
ABBV_120619C79.5,68,64:82.99,64:81.93,69:82.08,69:82.01:6560104:3.33:0,69:85.17:9420181:6.0:3,66:85.54:6219193:6.0:0,66:86.54:9648955:6.0:0,66:86.57:4948264:7.95:1,67:87.64:4676686:7.95:0,67:88.59:6687424:7.95:0,67:267.1:21677338:7.95:0,67:89.02:7469818:7.95:0,U:87.17:5804948:U:U,67:86.39:4706929:8.72:0,67:86.05:7728326:8.72:0
ABBV_120619C80,218,216:82.99,216:81.93,216:82.08,261:82.01:6560104:3.0:24,262:85.17:9420181:3.0:0,262:85.54:6219193:6.0:5,261:86.54:9648955:6.94:2,260:86.57:4948264:7.0:4,261:87.64:4676686:7.46:4,262:88.59:6687424:9.31:14,262:267.1:21677338:9.31:0,262:89.02:7469818:9.1:6,261:87.17:5804948:8.0:1,260:86.39:4706929:8.0:0,260:86.05:7728326:8.0:0
ABBV_120619C80.5,40,47:82.99,45:81.93,75:82.08,75:82.01:6560104:2.69:0,75:85.17:9420181:2.69:0,75:85.54:6219193:2.69:0,75:86.54:9648955:2.69:0,75:86.57:4948264:2.69:0,75:87.64:4676686:2.69:0,75:88.59:6687424:8.05:12,87:267.1:21677338:8.05:0,87:89.02:7469818:8.05:0,87:87.17:5804948:8.05:0,87:86.39:4706929:5.7:15,[102:86.05:7728326:5.7:0
ABBV_120619C81,172,171:82.99,171:81.93,171:82.08,178:82.01:6560104:2.45:9,182:85.17:9420181:4.7:13,177:85.54:6219193:4.7:1,177:86.54:9648955:4.7:0,177:86.57:4948264:4.7:0,177:87.64:4676686:4.7:0,177:88.59:6687424:7.95:2,175:267.1:21677338:7.95:0,175:89.02:7469818:7.95:0,175:87.17:5804948:7.95:0,175:86.39:4706929:5.22:1,[175:86.05:7728326:5.13:1
ABBV_120619C81.5,101,106:82.99,106:81.93,106:82.08,107:82.01:6560104:1.7:1,106:85.17:9420181:1.7:0,106:85.54:6219193:1.7:0,106:86.54:9648955:1.7:0,106:86.57:4948264:1.7:0,106:87.64:4676686:1.7:0,106:88.59:6687424:7.22:1,106:267.1:21677338:7.22:0,106:89.02:7469818:8.62:1,106:87.17:5804948:5.65:5,104:86.39:4706929:5.15:2,[106:86.05:7728326:5.18:2
ABBV_120619C82,111,145:82.99,148:81.93,246:82.08,243:82.01:6560104:1.63:1,243:85.17:9420181:4.04:318,459:85.54:6219193:3.88:5,458:86.54:9648955:6.0:9,451:86.57:4948264:5.17:1,450:87.64:4676686:5.95:7,444:88.59:6687424:6.87:312,439:267.1:21677338:6.87:0,439:89.02:7469818:6.87:0,439:87.17:5804948:6.87:0,439:86.39:4706929:6.87:0,[439:86.05:7728326:4.6:0
ABBV_120619C82.5,210,210:82.99,220:81.93,225:82.08,241:82.01:6560104:1.84:15,237:85.17:9420181:3.51:11,236:85.54:6219193:3.76:5,235:86.54:9648955:3.76:0,235:86.57:4948264:3.76:0,235:87.64:4676686:3.76:0,235:88.59:6687424:6.95:1,U:267.1:21677338::,235:89.02:7469818:7.02:3,234:87.17:5804948:7.02:0,234:86.39:4706929:7.02:0,[234:86.05:7728326:4.1:1
ABBV_120619C83,297,297:82.99,299:81.93,303:82.08,310:82.01:6560104:1.31:72,372:85.17:9420181:3.22:29,381:85.54:6219193:3.38:13,384:86.54:9648955:4.2:23,371:86.57:4948264:4.67:4,371:87.64:4676686:4.91:5,366:88.59:6687424:6.1:35,337:267.1:21677338:6.4:2,335:89.02:7469818:6.5:2,333:87.17:5804948:6.5:0,328:86.39:4706929:4.7:0,[328:86.05:7728326:3.4:5
ABBV_120619C83.5,8,57:82.99,57:81.93,57:82.08,57:82.01:6560104:0.98:4,59:85.17:9420181:2.59:5,64:85.54:6219193:2.59:0,64:86.54:9648955:5.22:4,61:86.57:4948264:5.22:0,61:87.64:4676686:5.22:0,61:88.59:6687424:5.85:8,59:267.1:21677338:5.85:0,59:89.02:7469818:5.85:0,59:87.17:5804948:5.85:0,59:86.39:4706929:5.85:0,[59:86.05:7728326:5.85:0
ABBV_120619C84,3,145:82.99,153:81.93,155:82.08,99:82.01:6560104:1.07:21,119:85.17:9420181:2.28:34,114:85.54:6219193:2.7:16,129:86.54:9648955:4.6:128,163:86.57:4948264:4.6:0,163:87.64:4676686:4.6:0,163:88.59:6687424:5.29:28,164:267.1:21677338:5.72:4,164:89.02:7469818:5.72:0,164:87.17:5804948:4.11:3,162:86.39:4706929:2.92:1,[161:86.05:7728326:2.71:26
ABBV_120619C85,12,44:82.99,125:81.93,123:82.08,157:82.01:6560104:0.56:24,159:85.17:9420181:2.0:63,179:85.54:6219193:2.0:20,187:86.54:9648955:2.99:233,315:86.57:4948264:2.77:198,312:87.64:4676686:3.5:6,311:88.59:6687424:4.4:28,316:267.1:21677338:4.3:16,316:89.02:7469818:4.75:7,315:87.17:5804948:3.55:7,315:86.39:4706929:2.27:7,[312:86.05:7728326:2.09:39
ABBV_120619C86,0,2:82.99,100:81.93,219:82.08,208:82.01:6560104:0.54:2,206:85.17:9420181:1.49:26,223:85.54:6219193:1.44:15,221:86.54:9648955:2.01:61,250:86.57:4948264:2.01:0,250:87.64:4676686:2.81:23,243:88.59:6687424:3.55:55,251:267.1:21677338:3.57:62,277:89.02:7469818:3.89:47,241:87.17:5804948:2.27:4,242:86.39:4706929:1.71:8,[252:86.05:7728326:1.57:8
ABBV_120619C86.5,1,1:82.99,16:81.93,16:82.08,16:82.01:6560104:0.6:0,16:85.17:9420181:1.3:11,26:85.54:6219193:1.21:8,26:86.54:9648955:1.89:10,26:86.57:4948264:2.12:11,30:87.64:4676686:2.54:22,35:88.59:6687424:3.1:2,U:267.1:21677338::,34:89.02:7469818:3.3:1,34:87.17:5804948:3.3:0,35:86.39:4706929:1.48:10,[40:86.05:7728326:1.39:144
ABBV_120619C87,2,3:82.99,38:81.93,46:82.08,46:82.01:6560104:0.27:0,46:85.17:9420181:1.06:151,175:85.54:6219193:0.95:10,179:86.54:9648955:2.19:64,151:86.57:4948264:1.64:17,166:87.64:4676686:2.16:48,200:88.59:6687424:2.79:89,U:267.1:21677338::,183:89.02:7469818:3.0:35,185:87.17:5804948:1.72:128,258:86.39:4706929:1.31:10,[225:86.05:7728326:1.11:139
ABBV_120619C90,10,13:82.99,39:81.93,39:82.08,39:82.01:6560104:0.13:0,39:85.17:9420181:0.3:20,37:85.54:6219193:0.24:28,64:86.54:9648955:0.55:85,72:86.57:4948264:0.56:33,95:87.64:4676686:0.87:14,92:88.59:6687424:1.06:307,U:267.1:21677338::,343:89.02:7469818:1.37:115,404:87.17:5804948:0.52:167,478:86.39:4706929:0.37:35,[475:86.05:7728326:0.27:80
ABBV_121319C77,0,1:82.99,1:81.93,1:82.08,1:82.01:6560104:4.46:0,1:85.17:9420181:8.5:1,0:85.54:6219193:8.5:0,0:86.54:9648955:8.5:0,0:86.57:4948264:8.5:0,0:87.64:4676686:9.57:1,1:88.59:6687424:9.57:0,U:267.1:21677338::,1:89.02:7469818:9.57:0,1:87.17:5804948:9.57:0,1:86.39:4706929:9.57:0,1:86.05:7728326:9.57:0
ABBV_121319C77.5,0,0:82.99,0:81.93,0:82.08,0:82.01:6560104:0.0:0,0:85.17:9420181:0.0:0,0:85.54:6219193:0.0:0,0:86.54:9648955:0.0:0,0:86.57:4948264:0.0:0,0:87.64:4676686:0.0:0,0:88.59:6687424:0.0:0,0:267.1:21677338:0.0:0,0:89.02:7469818:0.0:0,0:87.17:5804948:0.0:0,0:86.39:4706929:0.0:0,0:86.05:7728326:0.0:0
ABBV_121319C78,1,1:82.99,15:81.93,15:82.08,16:82.01:6560104:4.25:0,16:85.17:9420181:4.97:1,17:85.54:6219193:4.97:0,17:86.54:9648955:10.57:1,16:86.57:4948264:8.96:12,28:87.64:4676686:8.96:0,28:88.59:6687424:8.96:0,U:267.1:21677338::,:89.02:7469818:U:U,28:87.17:5804948:8.96:0,28:86.39:4706929:9.46:0,28:86.05:7728326:9.46:0
ABBV_121319C78.5,0,1:82.99,1:81.93,1:82.08,1:82.01:6560104:4.85:3,4:85.17:9420181:4.85:0,4:85.54:6219193:4.85:0,4:86.54:9648955:4.85:0,4:86.57:4948264:4.85:0,4:87.64:4676686:4.85:0,4:88.59:6687424:4.85:0,4:267.1:21677338:4.85:0,4:89.02:7469818:4.85:0,4:87.17:5804948:4.85:0,4:86.39:4706929:4.85:0,4:86.05:7728326:4.85:0
ABBV_121319C79,0,8:82.99,8:81.93,8:82.08,8:82.01:6560104:3.5:0,8:85.17:9420181:6.65:2,10:85.54:6219193:6.65:0,10:86.54:9648955:7.6:8,10:86.57:4948264:8.18:11,20:87.64:4676686:7.75:10,20:88.59:6687424:7.75:0,20:267.1:21677338:7.75:0,20:89.02:7469818:7.75:0,20:87.17:5804948:7.75:0,20:86.39:4706929:7.75:0,20:86.05:7728326:7.75:0
ABBV_121319C79.5,0,0:82.99,4:81.93,4:82.08,4:82.01:6560104:4.65:0,4:85.17:9420181:4.65:0,4:85.54:6219193:4.65:0,4:86.54:9648955:4.65:0,4:86.57:4948264:4.65:0,4:87.64:4676686:4.65:0,4:88.59:6687424:9.6:4,4:267.1:21677338:9.6:0,4:89.02:7469818:9.6:0,4:87.17:5804948:9.6:0,4:86.39:4706929:9.6:0,4:86.05:7728326:9.6:0
ABBV_121319C80,0,0:82.99,2:81.93,2:82.08,2:82.01:6560104:4.2:0,2:85.17:9420181:4.6:1,3:85.54:6219193:5.95:1,2:86.54:9648955:5.95:0,2:86.57:4948264:5.95:0,2:87.64:4676686:5.95:0,2:88.59:6687424:5.95:0,U:267.1:21677338::,2:89.02:7469818:5.95:0,2:87.17:5804948:5.95:0,2:86.39:4706929:5.95:0,2:86.05:7728326:5.95:0
ABBV_121319C80.5,18,21:82.99,22:81.93,21:82.08,21:82.01:6560104:3.2:69,90:85.17:9420181:5.35:37,87:85.54:6219193:5.35:0,87:86.54:9648955:7.1:1,88:86.57:4948264:7.1:0,88:87.64:4676686:7.6:8,83:88.59:6687424:8.29:93,72:267.1:21677338:8.29:0,72:89.02:7469818:8.29:0,72:87.17:5804948:8.29:0,72:86.39:4706929:8.29:0,72:86.05:7728326:8.29:0
ABBV_121319C81,32,39:82.99,39:81.93,39:82.08,41:82.01:6560104:2.4:0,41:85.17:9420181:4.45:4,42:85.54:6219193:4.45:0,42:86.54:9648955:7.4:1,41:86.57:4948264:7.4:0,41:87.64:4676686:6.91:3,39:88.59:6687424:8.12:35,59:267.1:21677338:8.12:0,59:89.02:7469818:8.12:0,59:87.17:5804948:8.12:0,59:86.39:4706929:8.12:0,59:86.05:7728326:5.6:1
ABBV_121319C81.5,25,25:82.99,25:81.93,25:82.08,25:82.01:6560104:2.41:0,25:85.17:9420181:2.41:0,25:85.54:6219193:2.41:0,25:86.54:9648955:7.15:49,71:86.57:4948264:7.15:0,71:87.64:4676686:7.15:0,71:88.59:6687424:7.15:0,U:267.1:21677338::,71:89.02:7469818:8.72:1,71:87.17:5804948:8.72:0,71:86.39:4706929:5.25:1,[70:86.05:7728326:5.25:0
ABBV_121319C82,1,4:82.99,4:81.93,5:82.08,10:82.01:6560104:2.01:0,10:85.17:9420181:4.19:5,8:85.54:6219193:4.19:0,8:86.54:9648955:6.7:31,35:86.57:4948264:5.74:1,36:87.64:4676686:5.74:0,36:88.59:6687424:5.74:0,36:267.1:21677338:5.74:0,36:89.02:7469818:7.38:11,46:87.17:5804948:7.38:0,46:86.39:4706929:7.38:0,[46:86.05:7728326:7.38:0
ABBV_121319C82.5,66,84:82.99,85:81.93,87:82.08,87:82.01:6560104:1.37:0,87:85.17:9420181:1.37:0,87:85.54:6219193:1.37:0,87:86.54:9648955:1.37:0,87:86.57:4948264:1.37:0,87:87.64:4676686:1.37:0,87:88.59:6687424:1.37:0,87:267.1:21677338:1.37:0,87:89.02:7469818:7.15:35,87:87.17:5804948:7.15:0,87:86.39:4706929:5.32:0,[87:86.05:7728326:4.4:3
ABBV_121319C83,0,1:82.99,3:81.93,9:82.08,23:82.01:6560104:1.46:5,23:85.17:9420181:3.12:25,20:85.54:6219193:3.12:0,20:86.54:9648955:5.72:4,22:86.57:4948264:5.72:0,22:87.64:4676686:5.72:0,22:88.59:6687424:5.74:2,24:267.1:21677338:5.74:0,24:89.02:7469818:5.74:0,24:87.17:5804948:5.74:0,24:86.39:4706929:5.74:0,[24:86.05:7728326:5.74:0
ABBV_121319C83.5,22,37:82.99,43:81.93,43:82.08,43:82.01:6560104:1.24:14,56:85.17:9420181:3.25:5,52:85.54:6219193:2.92:1,51:86.54:9648955:2.92:0,51:86.57:4948264:3.55:1,52:87.64:4676686:3.9:1,52:88.59:6687424:3.9:0,52:267.1:21677338:3.9:0,52:89.02:7469818:3.9:0,52:87.17:5804948:3.9:0,52:86.39:4706929:3.9:0,[52:86.05:7728326:3.9:0
ABBV_121319C84,0,4:82.99,4:81.93,4:82.08,4:82.01:6560104:1.15:0,4:85.17:9420181:1.15:0,4:85.54:6219193:1.15:0,4:86.54:9648955:4.79:2,4:86.57:4948264:4.79:0,4:87.64:4676686:3.6:5,9:88.59:6687424:5.59:4,9:267.1:21677338:5.59:0,9:89.02:7469818:5.59:0,9:87.17:5804948:4.61:2,7:86.39:4706929:3.0:2,[8:86.05:7728326:3.0:0
ABBV_121319C84.5,24,213:82.99,214:81.93,214:82.08,151:82.01:6560104:0.72:0,151:85.17:9420181:2.6:11,155:85.54:6219193:2.6:0,155:86.54:9648955:4.7:76,110:86.57:4948264:4.7:0,110:87.64:4676686:4.7:0,110:88.59:6687424:4.7:0,110:267.1:21677338:5.22:73,39:89.02:7469818:5.22:0,39:87.17:5804948:5.22:0,39:86.39:4706929:5.22:0,[39:86.05:7728326:2.78:3
ABBV_121319C85,5,15:82.99,25:81.93,25:82.08,25:82.01:6560104:1.05:2,27:85.17:9420181:2.34:20,28:85.54:6219193:2.13:8,31:86.54:9648955:3.68:10,39:86.57:4948264:3.08:2,40:87.64:4676686:3.8:1,40:88.59:6687424:4.71:4,42:267.1:21677338:4.71:0,42:89.02:7469818:5.0:6,43:87.17:5804948:3.82:3,46:86.39:4706929:3.82:0,[46:86.05:7728326:2.46:5
ABBV_121319C85.5,0,0:82.99,0:81.93,0:82.08,0:82.01:6560104:0.0:0,0:85.17:9420181:0.0:0,0:85.54:6219193:2.05:1,1:86.54:9648955:2.3:1,1:86.57:4948264:2.3:0,1:87.64:4676686:2.3:0,1:88.59:6687424:4.09:67,67:267.1:21677338:4.09:0,67:89.02:7469818:4.46:66,17:87.17:5804948:4.46:0,17:86.39:4706929:4.46:0,[17:86.05:7728326:1.9:1
ABBV_121319C86,3,3:82.99,31:81.93,189:82.08,192:82.01:6560104:0.7:10,202:85.17:9420181:1.8:26,207:85.54:6219193:1.84:117,213:86.54:9648955:2.45:16,205:86.57:4948264:2.65:4,208:87.64:4676686:2.17:6,214:88.59:6687424:3.6:5,U:267.1:21677338::,213:89.02:7469818:4.09:30,238:87.17:5804948:2.97:27,253:86.39:4706929:1.98:6,[253:86.05:7728326:1.91:6
ABBV_121319C86.5,0,0:82.99,0:81.93,0:82.08,4:82.01:6560104:0.5:0,4:85.17:9420181:1.56:10,10:85.54:6219193:1.56:1,10:86.54:9648955:2.21:16,7:86.57:4948264:2.08:5,12:87.64:4676686:2.02:2,12:88.59:6687424:2.02:0,12:267.1:21677338:2.02:0,12:89.02:7469818:2.02:0,12:87.17:5804948:2.02:0,12:86.39:4706929:1.73:2,[12:86.05:7728326:1.69:4
ABBV_122019C60,3,8:82.99,3:81.93,5:82.08,5:82.01:6560104:23.2:0,5:85.17:9420181:24.83:5,10:85.54:6219193:24.83:0,10:86.54:9648955:24.83:0,10:86.57:4948264:26.6:2,10:87.64:4676686:26.6:0,10:88.59:6687424:28.59:5,7:267.1:21677338:29.0:10,17:89.02:7469818:29.0:0,17:87.17:5804948:29.0:0,17:86.39:4706929:29.0:0,17:86.05:7728326:29.0:0
ABBV_122019C65,8,97:82.99,97:81.93,97:82.08,97:82.01:6560104:18.0:0,97:85.17:9420181:18.0:0,97:85.54:6219193:18.0:0,97:86.54:9648955:21.6:5,97:86.57:4948264:21.6:0,97:87.64:4676686:21.6:0,97:88.59:6687424:21.6:0,97:267.1:21677338:21.6:0,97:89.02:7469818:21.6:0,97:87.17:5804948:21.6:0,97:86.39:4706929:21.6:0,97:86.05:7728326:21.6:0
ABBV_122019C67.5,2,2:82.99,2:81.93,2:82.08,2:82.01:6560104:12.15:0,2:85.17:9420181:17.87:2,3:85.54:6219193:17.6:1,2:86.54:9648955:17.6:0,2:86.57:4948264:17.6:0,2:87.64:4676686:17.6:0,2:88.59:6687424:21.55:1,U:267.1:21677338::,3:89.02:7469818:21.55:0,3:87.17:5804948:21.55:0,3:86.39:4706929:21.55:0,3:86.05:7728326:21.55:0
ABBV_122019C70,46,65:82.99,63:81.93,63:82.08,64:82.01:6560104:12.13:2,63:85.17:9420181:15.5:2,65:85.54:6219193:15.5:0,65:86.54:9648955:15.5:0,65:86.57:4948264:15.5:0,65:87.64:4676686:16.4:1,65:88.59:6687424:18.82:14,U:267.1:21677338::,66:89.02:7469818:20.21:20,46:87.17:5804948:17.35:37,70:86.39:4706929:16.05:2,71:86.05:7728326:16.25:4
ABBV_122019C72.5,166,161:82.99,163:81.93,163:82.08,173:82.01:6560104:10.1:0,173:85.17:9420181:13.1:56,196:85.54:6219193:13.2:4,199:86.54:9648955:14.45:39,221:86.57:4948264:14.8:28,226:87.64:4676686:14.06:1,226:88.59:6687424:16.5:2,228:267.1:21677338:16.5:0,228:89.02:7469818:16.95:12,227:87.17:5804948:15.03:3,224:86.39:4706929:15.03:0,221:86.05:7728326:13.54:2
ABBV_122019C75,287,318:82.99,364:81.93,375:82.08,426:82.01:6560104:7.7:19,432:85.17:9420181:10.6:167,407:85.54:6219193:10.85:73,420:86.54:9648955:11.65:111,458:86.57:4948264:12.1:22,469:87.64:4676686:12.95:16,469:88.59:6687424:13.8:35,U:267.1:21677338::,468:89.02:7469818:14.34:23,U:87.17:5804948:U:U,499:86.39:4706929:11.3:3,500:86.05:7728326:10.8:4
ABBV_122019C77.5,522,552:82.99,693:81.93,787:82.08,962:82.01:6560104:5.5:52,967:85.17:9420181:8.35:190,1003:85.54:6219193:8.52:27,997:86.54:9648955:9.55:131,906:86.57:4948264:9.55:14,911:87.64:4676686:10.46:26,922:88.59:6687424:11.4:4,925:267.1:21677338:12.05:5,922:89.02:7469818:12.09:7,U:87.17:5804948:U:U,906:86.39:4706929:10.09:0,906:86.05:7728326:8.85:12
ABBV_122019C80,2147,3205:82.99,3118:81.93,3109:82.08,3927:82.01:6560104:3.6:118,3966:85.17:9420181:6.25:1033,3854:85.54:6219193:6.25:80,3887:86.54:9648955:7.21:167,3926:86.57:4948264:7.4:36,3946:87.64:4676686:8.2:46,3943:88.59:6687424:9.0:51,U:267.1:21677338::,3932:89.02:7469818:9.94:27,U:87.17:5804948:U:U,3959:86.39:4706929:6.7:54,3943:86.05:7728326:6.68:37
ABBV_122019C82.5,844,1557:82.99,1656:81.93,1850:82.08,1889:82.01:6560104:2.09:385,2101:85.17:9420181:4.28:423,1988:85.54:6219193:4.26:240,2016:86.54:9648955:5.2:268,2031:86.57:4948264:5.2:90,2046:87.64:4676686:6.0:55,2030:88.59:6687424:6.64:73,2025:267.1:21677338:7.1:61,1976:89.02:7469818:7.55:24,1986:87.17:5804948:5.5:63,1995:86.39:4706929:4.67:65,[2017:86.05:7728326:4.5:13
ABBV_122019C85,629,8296:82.99,8600:81.93,9194:82.08,9199:82.01:6560104:1.04:299,9218:85.17:9420181:2.67:1441,9186:85.54:6219193:2.6:2817,7986:86.54:9648955:3.32:5169,4686:86.57:4948264:3.35:1209,3844:87.64:4676686:4.13:160,3845:88.59:6687424:4.64:294,3853:267.1:21677338:4.94:172,3805:89.02:7469818:5.15:164,3787:87.17:5804948:3.75:174,3753:86.39:4706929:2.84:29,[3731:86.05:7728326:2.98:25
ABBV_122019C87.5,27,112:82.99,393:81.93,436:82.08,484:82.01:6560104:0.45:2156,2422:85.17:9420181:1.45:404,2470:85.54:6219193:1.38:289,2614:86.54:9648955:1.93:831,2977:86.57:4948264:1.85:473,3341:87.64:4676686:2.55:132,3329:88.59:6687424:2.9:1458,2942:267.1:21677338:3.0:407,3144:89.02:7469818:3.47:287,3213:87.17:5804948:2.16:347,3469:86.39:4706929:1.68:1067,[3373:86.05:7728326:1.52:122
ABBV_122019C90,23,93:82.99,362:81.93,408:82.08,429:82.01:6560104:0.21:20,424:85.17:9420181:0.74:1342,1342:85.54:6219193:0.66:1399,2489:86.54:9648955:0.97:1726,3555:86.57:4948264:0.97:470,3714:87.64:4676686:1.39:351,3824:88.59:6687424:1.55:1308,U:267.1:21677338::,5045:89.02:7469818:1.9:832,5209:87.17:5804948:1.15:1472,4402:86.39:4706929:0.79:379,[4431:86.05:7728326:0.64:248
ABBV_122019C95,112,117:82.99,180:81.93,190:82.08,190:82.01:6560104:0.07:0,190:85.17:9420181:0.14:196,344:85.54:6219193:0.11:342,668:86.54:9648955:0.22:516,723:86.57:4948264:0.2:23,726:87.64:4676686:0.28:38,730:88.59:6687424:0.31:158,759:267.1:21677338:0.37:205,843:89.02:7469818:0.46:712,U:87.17:5804948:U:U,1278:86.39:4706929:0.11:159,1380:86.05:7728326:0.11:83
ABBV_122019C100,0,0:82.99,0:81.93,0:82.08,5:82.01:6560104:0.02:0,5:85.17:9420181:0.07:10,15:85.54:6219193:0.03:28,33:86.54:9648955:0.06:530,561:86.57:4948264:0.05:17,563:87.64:4676686:0.07:21,583:88.59:6687424:0.06:44,620:267.1:21677338:0.07:12,632:89.02:7469818:0.08:36,U:87.17:5804948:U:U,1132:86.39:4706929:0.01:10,1222:86.05:7728326:0.03:2
ABBV_122019C105,0,0:82.99,0:81.93,0:82.08,0:82.01:6560104:0.0:0,0:85.17:9420181:0.0:0,0:85.54:6219193:0.0:0,0:86.54:9648955:0.04:100,100:86.57:4948264:0.04:0,100:87.64:4676686:0.03:10,110:88.59:6687424:0.03:0,U:267.1:21677338:0.0:0:267.1:21677338:.:,110:89.02:7469818:0.03:0,U:87.17:5804948:U:U,110:86.39:4706929:0.03:0,110:86.05:7728326:0.03:0
ABBV_122019C110,0,0:82.99,0:81.93,0:82.08,0:82.01:6560104:0.0:0,0:85.17:9420181:0.02:10,10:85.54:6219193:0.02:0,10:86.54:9648955:0.02:0,10:86.57:4948264:0.02:0,10:87.64:4676686:0.02:0,10:88.59:6687424:0.02:0,10:267.1:21677338:0.02:0,10:89.02:7469818:0.02:0,10:87.17:5804948:0.02:0,10:86.39:4706929:0.02:0,10:86.05:7728326:0.02:0
ABBV_121319C87,U,1:82.99,227:81.93,228:82.08,242:82.01:6560104:0.4:0,242:85.17:9420181:1.05:3,242:85.54:6219193:1.31:28,254:86.54:9648955:1.92:156,360:86.57:4948264:1.88:14,361:87.64:4676686:2.37:65,407:88.59:6687424:3.0:126,403:267.1:21677338:3.27:51,383:89.02:7469818:3.35:5,383:87.17:5804948:2.46:1,382:86.39:4706929:1.58:12,[408:86.05:7728326:1.3:149
ABBV_121319C90,U,0:82.99,0:81.93,0:82.08,0:82.01:6560104:0.0:0,0:85.17:9420181:0.49:16,15:85.54:6219193:0.39:1,15:86.54:9648955:0.77:184,122:86.57:4948264:0.77:0,122:87.64:4676686:1.1:96,153:88.59:6687424:1.47:172,242:267.1:21677338:1.39:124,363:89.02:7469818:1.75:66,319:87.17:5804948:0.96:79,293:86.39:4706929:0.61:72,[329:86.05:7728326:0.51:69
ABBV_112219C95,U,U,0:81.93,0:82.08,0:82.01:6560104:0.0:0,0:85.17:9420181:0.0:0,0:85.54:6219193:0.0:0,0:86.54:9648955:0.04:1,1:86.57:4948264:0.04:0,1:87.64:4676686:1.08:30,31:88.59:6687424:0.04:101,130:267.1:21677338:0.02:24,140:89.02:7469818:0.02:101,231:87.17:5804948:0.02:0,231:86.39:4706929:0.02:0,[231:86.05:7728326:0.02:0
ABBV_112919C95,U,U,0:81.93,0:82.08,0:82.01:6560104:0.0:0,0:85.17:9420181:0.0:0,0:85.54:6219193:0.05:12,12:86.54:9648955:0.04:244,256:86.57:4948264:0.03:16,269:87.64:4676686:0.02:1,268:88.59:6687424:0.05:1,U:267.1:21677338::,568:89.02:7469818:0.06:0,568:87.17:5804948:0.06:0,569:86.39:4706929:0.02:0,569:86.05:7728326:0.02:10
ABBV_122019C92.5,U,U,0:81.93,0:82.08,53:82.01:6560104:0.09:0,53:85.17:9420181:0.31:626,472:85.54:6219193:0.26:37,496:86.54:9648955:0.48:722,1031:86.57:4948264:0.45:69,1054:87.64:4676686:0.65:1577,1609:88.59:6687424:0.73:2289,U:267.1:21677338::,3625:89.02:7469818:1.0:117,3508:87.17:5804948:0.54:134,3546:86.39:4706929:0.33:110,[3532:86.05:7728326:0.27:63
ABBV_120619C95,U,U,U,0:82.08,0:82.01:6560104:0.0:0,0:85.17:9420181:0.0:0,0:85.54:6219193:0.05:25,25:86.54:9648955:0.11:48,23:86.57:4948264:0.08:2,25:87.64:4676686:0.08:0,25:88.59:6687424:0.13:36,U:267.1:21677338::,45:89.02:7469818:0.15:219,251:87.17:5804948:0.15:0,251:86.39:4706929:0.05:9,244:86.05:7728326:0.03:8
ABBV_112219C88,U,U,U,U,0:82.01:6560104:0.0:0,0:85.17:9420181:0.38:269,232:85.54:6219193:0.33:136,346:86.54:9648955:0.6:1428,1007:86.57:4948264:0.55:539,1162:87.64:4676686:0.99:779,1266:88.59:6687424:1.35:752,1502:267.1:21677338:1.31:193,1535:89.02:7469818:1.49:266,1460:87.17:5804948:0.44:903,1317:86.39:4706929:0.12:603,[1376:86.05:7728326:0.01:225
ABBV_112919C88,U,U,U,U,0:82.01:6560104:0.0:0,0:85.17:9420181:0.51:33,20:85.54:6219193:0.47:1,21:86.54:9648955:0.85:95,87:86.57:4948264:0.85:128,122:87.64:4676686:1.35:249,267:88.59:6687424:1.76:162,267:267.1:21677338:1.68:215,276:89.02:7469818:2.07:80,285:87.17:5804948:0.84:506,578:86.39:4706929:0.44:387,[818:86.05:7728326:0.24:445
ABBV_120619C88,U,U,U,U,0:82.01:6560104:0.0:0,0:85.17:9420181:0.73:11,11:85.54:6219193:0.52:2,12:86.54:9648955:1.21:53,36:86.57:4948264:1.13:37,24:87.64:4676686:1.69:16,28:88.59:6687424:2.0:27,39:267.1:21677338:2.19:13,40:89.02:7469818:2.28:20,50:87.17:5804948:1.37:47,77:86.39:4706929:0.77:30,[82:86.05:7728326:0.71:48
ABBV_122719C77.5,U,U,U,U,0:82.01:6560104:0.0:0,0:85.17:9420181:0.0:0,0:85.54:6219193:0.0:0,0:86.54:9648955:9.47:3,3:86.57:4948264:9.47:0,3:87.64:4676686:9.47:0,3:88.59:6687424:11.72:9,12:267.1:21677338:11.72:0,12:89.02:7469818:11.72:0,12:87.17:5804948:11.72:0,12:86.39:4706929:11.72:0,12:86.05:7728326:11.72:0
ABBV_122719C78,U,U,U,U,0:82.01:6560104:0.0:0,0:85.17:9420181:7.8:14,14:85.54:6219193:7.8:0,14:86.54:9648955:7.8:0,14:86.57:4948264:9.55:14,7:87.64:4676686:9.55:0,7:88.59:6687424:9.55:0,7:267.1:21677338:9.55:0,7:89.02:7469818:9.55:0,7:87.17:5804948:9.55:0,7:86.39:4706929:9.55:0,7:86.05:7728326:9.55:0
ABBV_122719C78.5,U,U,U,U,0:82.01:6560104:0.0:0,0:85.17:9420181:0.0:0,0:85.54:6219193:0.0:0,0:86.54:9648955:0.0:0,0:86.57:4948264:0.0:0,0:87.64:4676686:0.0:0,0:88.59:6687424:0.0:0,U:267.1:21677338::,:89.02:7469818:.:U,0:87.17:5804948:0.0:0,1:86.39:4706929:9.29:0,1:86.05:7728326:9.29:0
ABBV_122719C79,U,U,U,U,0:82.01:6560104:3.88:4,4:85.17:9420181:3.88:0,4:85.54:6219193:3.88:0,4:86.54:9648955:3.88:0,4:86.57:4948264:3.88:0,4:87.64:4676686:3.88:0,4:88.59:6687424:3.88:0,4:267.1:21677338:3.88:0,4:89.02:7469818:3.88:0,U:87.17:5804948:U:U,4:86.39:4706929:3.88:0,4:86.05:7728326:3.88:0
ABBV_122719C79.5,U,U,U,U,0:82.01:6560104:0.0:0,0:85.17:9420181:0.0:0,0:85.54:6219193:0.0:0,0:86.54:9648955:0.0:0,0:86.57:4948264:0.0:0,0:87.64:4676686:0.0:0,0:88.59:6687424:0.0:0,0:267.1:21677338:0.0:0,0:89.02:7469818:0.0:0,0:87.17:5804948:0.0:0,0:86.39:4706929:0.0:0,0:86.05:7728326:0.0:0
ABBV_122719C80,U,U,U,U,0:82.01:6560104:0.0:0,0:85.17:9420181:5.1:1,1:85.54:6219193:5.1:0,1:86.54:9648955:5.1:0,1:86.57:4948264:7.61:3,2:87.64:4676686:7.61:0,2:88.59:6687424:7.61:0,2:267.1:21677338:7.61:0,2:89.02:7469818:9.64:1,U:87.17:5804948:U:U,3:86.39:4706929:9.64:0,3:86.05:7728326:6.85:31
ABBV_122719C80.5,U,U,U,U,0:82.01:6560104:0.0:0,0:85.17:9420181:0.0:0,0:85.54:6219193:0.0:0,0:86.54:9648955:8.25:39,39:86.57:4948264:8.25:0,39:87.64:4676686:8.25:0,39:88.59:6687424:8.25:0,39:267.1:21677338:8.25:0,39:89.02:7469818:8.25:0,39:87.17:5804948:8.25:0,39:86.39:4706929:8.25:0,39:86.05:7728326:8.25:0
ABBV_122719C81,U,U,U,U,0:82.01:6560104:0.0:0,0:85.17:9420181:0.0:0,0:85.54:6219193:0.0:0,0:86.54:9648955:0.0:0,0:86.57:4948264:0.0:0,0:87.64:4676686:0.0:0,0:88.59:6687424:0.0:0,U:267.1:21677338:.:,0:89.02:7469818:0.0:0,0:87.17:5804948:0.0:0,0:86.39:4706929:0.0:0,0:86.05:7728326:0.0:0
ABBV_122719C81.5,U,U,U,U,0:82.01:6560104:0.0:0,0:85.17:9420181:3.3:47,47:85.54:6219193:3.3:0,47:86.54:9648955:3.3:0,47:86.57:4948264:3.3:0,47:87.64:4676686:3.3:0,47:88.59:6687424:3.3:0,U:267.1:21677338::,47:89.02:7469818:3.3:0,47:87.17:5804948:3.3:0,47:86.39:4706929:3.3:0,[47:86.05:7728326:3.3:0
ABBV_122719C82,U,U,U,U,0:82.01:6560104:2.55:2,2:85.17:9420181:5.1:1,3:85.54:6219193:5.1:0,3:86.54:9648955:5.35:8,10:86.57:4948264:5.35:0,10:87.64:4676686:5.35:0,10:88.59:6687424:7.78:8,10:267.1:21677338:7.78:0,10:89.02:7469818:7.78:0,10:87.17:5804948:7.78:0,10:86.39:4706929:7.78:0,[10:86.05:7728326:4.94:11
ABBV_122719C82.5,U,U,U,U,0:82.01:6560104:0.0:0,0:85.17:9420181:0.0:0,0:85.54:6219193:4.35:5,5:86.54:9648955:4.35:0,5:86.57:4948264:4.35:0,5:87.64:4676686:4.35:0,5:88.59:6687424:4.35:0,5:267.1:21677338:4.35:0,5:89.02:7469818:4.35:0,5:87.17:5804948:4.35:0,5:86.39:4706929:4.35:0,[5:86.05:7728326:4.35:0
ABBV_122719C83,U,U,U,U,0:82.01:6560104:0.0:0,0:85.17:9420181:3.94:10,10:85.54:6219193:3.94:0,10:86.54:9648955:3.94:0,10:86.57:4948264:4.8:1,10:87.64:4676686:4.8:0,10:88.59:6687424:6.4:4,10:267.1:21677338:6.4:0,10:89.02:7469818:7.7:1,9:87.17:5804948:5.1:3,9:86.39:4706929:5.1:0,[9:86.05:7728326:5.1:0
ABBV_122719C83.5,U,U,U,U,0:82.01:6560104:0.0:0,0:85.17:9420181:3.57:603,601:85.54:6219193:3.57:0,601:86.54:9648955:3.57:0,601:86.57:4948264:4.91:300,900:87.64:4676686:4.91:0,900:88.59:6687424:6.43:900,253:267.1:21677338:6.43:0,253:89.02:7469818:6.43:0,253:87.17:5804948:6.43:0,253:86.39:4706929:6.43:0,[253:86.05:7728326:6.43:0
ABBV_122719C84,U,U,U,U,0:82.01:6560104:0.0:0,0:85.17:9420181:2.99:24,24:85.54:6219193:2.99:0,24:86.54:9648955:2.99:0,24:86.57:4948264:2.99:0,24:87.64:4676686:2.99:0,24:88.59:6687424:2.99:0,U:267.1:21677338::,24:89.02:7469818:2.99:0,24:87.17:5804948:2.99:0,24:86.39:4706929:2.99:0,[24:86.05:7728326:3.65:24
ABBV_122719C84.5,U,U,U,U,0:82.01:6560104:0.0:0,0:85.17:9420181:0.0:0,0:85.54:6219193:0.0:0,0:86.54:9648955:0.0:0,0:86.57:4948264:0.0:0,0:87.64:4676686:0.0:0,0:88.59:6687424:0.0:0,0:267.1:21677338:0.0:0,0:89.02:7469818:0.0:0,0:87.17:5804948:0.0:0,0:86.39:4706929:0.0:0,[0:86.05:7728326:0.0:0
ABBV_122719C85,U,U,U,U,0:82.01:6560104:1.11:3,3:85.17:9420181:2.63:7,9:85.54:6219193:2.55:8,17:86.54:9648955:4.57:24,27:86.57:4948264:4.57:0,27:87.64:4676686:4.05:5,27:88.59:6687424:4.9:1,U:267.1:21677338::,28:89.02:7469818:5.25:5,28:87.17:5804948:5.25:0,30:86.39:4706929:3.8:0,[30:86.05:7728326:3.0:2
ABBV_122719C85.5,U,U,U,U,0:82.01:6560104:0.0:0,0:85.17:9420181:2.45:2,2:85.54:6219193:2.45:0,2:86.54:9648955:2.45:0,2:86.57:4948264:2.45:0,2:87.64:4676686:2.45:0,2:88.59:6687424:2.45:0,U:267.1:21677338::,2:89.02:7469818:2.45:0,2:87.17:5804948:2.45:0,2:86.39:4706929:2.45:0,[2:86.05:7728326:2.45:0
ABBV_122719C86,U,U,U,U,0:82.01:6560104:0.0:0,0:85.17:9420181:1.82:7,7:85.54:6219193:2.16:3,10:86.54:9648955:3.96:7,10:86.57:4948264:2.76:1,11:87.64:4676686:3.34:3,8:88.59:6687424:4.5:8,U:267.1:21677338::,16:89.02:7469818:5.18:1,15:87.17:5804948:5.18:0,15:86.39:4706929:2.7:50,[76:86.05:7728326:2.48:49
ABBV_122719C86.5,U,U,U,U,0:82.01:6560104:0.0:0,0:85.17:9420181:1.69:3,2:85.54:6219193:1.69:0,2:86.54:9648955:2.59:1,1:86.57:4948264:2.58:22,22:87.64:4676686:2.58:0,22:88.59:6687424:2.58:0,22:267.1:21677338:2.58:0,22:89.02:7469818:2.58:0,22:87.17:5804948:2.58:0,22:86.39:4706929:2.38:273,[156:86.05:7728326:2.3:432
ABBV_122719C87,U,U,U,U,0:82.01:6560104:0.61:4,4:85.17:9420181:1.55:52,56:85.54:6219193:1.69:1,57:86.54:9648955:2.35:9,58:86.57:4948264:2.48:2,58:87.64:4676686:2.85:59,79:88.59:6687424:3.58:31,72:267.1:21677338:3.58:0,72:89.02:7469818:3.85:1,72:87.17:5804948:3.85:0,79:86.39:4706929:2.11:107,[152:86.05:7728326:1.91:198
ABBV_112219C81,U,U,U,U,U,0:85.17:9420181:3.8:2,0:85.54:6219193:4.0:3,3:86.54:9648955:4.0:0,3:86.57:4948264:4.0:0,3:87.64:4676686:5.95:2,3:88.59:6687424:5.95:0,U:267.1:21677338::,4:89.02:7469818:8.25:0,4:87.17:5804948:8.25:0,4:86.39:4706929:5.25:3,[3:86.05:7728326:4.75:3
ABBV_112219C82,U,U,U,U,U,0:85.17:9420181:3.22:8,5:85.54:6219193:3.81:2,6:86.54:9648955:5.91:5,7:86.57:4948264:5.91:0,7:87.64:4676686:5.91:0,7:88.59:6687424:6.15:1,8:267.1:21677338:6.7:3,11:89.02:7469818:7.6:1,11:87.17:5804948:7.6:0,11:86.39:4706929:4.1:17,[23:86.05:7728326:4.17:10
ABBV_112219C89,U,U,U,U,U,0:85.17:9420181:0.22:73,71:85.54:6219193:0.16:11,73:86.54:9648955:0.36:551,239:86.57:4948264:0.32:188,272:87.64:4676686:0.61:585,388:88.59:6687424:0.87:1026,636:267.1:21677338:0.76:732,709:89.02:7469818:0.88:318,675:87.17:5804948:0.21:445,708:86.39:4706929:0.03:136,[654:86.05:7728326:0.02:31
ABBV_112219C91,U,U,U,U,U,0:85.17:9420181:0.07:3,3:85.54:6219193:0.04:13,15:86.54:9648955:0.1:355,186:86.57:4948264:0.09:41,203:87.64:4676686:1.22:128,255:88.59:6687424:0.25:1879,U:267.1:21677338::,1443:89.02:7469818:0.22:2017,1242:87.17:5804948:0.03:304,1357:86.39:4706929:0.01:28,[1343:86.05:7728326:0.01:3
ABBV_112219C92,U,U,U,U,U,0:85.17:9420181:0.0:0,0:85.54:6219193:0.0:0,0:86.54:9648955:0.07:60,45:86.57:4948264:0.07:33,18:87.64:4676686:0.07:24,29:88.59:6687424:0.13:422,400:267.1:21677338:0.1:809,1069:89.02:7469818:0.1:2381,1729:87.17:5804948:0.01:103,1708:86.39:4706929:0.01:1,[1700:86.05:7728326:0.01:10
ABBV_112219C93,U,U,U,U,U,0:85.17:9420181:0.04:5,5:85.54:6219193:0.04:0,5:86.54:9648955:0.1:325,330:86.57:4948264:0.04:45,375:87.64:4676686:0.04:100,475:88.59:6687424:0.08:524,U:267.1:21677338::,1126:89.02:7469818:0.04:644,594:87.17:5804948:0.01:3,596:86.39:4706929:0.01:0,[596:86.05:7728326:0.01:0
ABBV_112219C94,U,U,U,U,U,0:85.17:9420181:0.0:0,0:85.54:6219193:0.0:0,0:86.54:9648955:0.0:0,0:86.57:4948264:0.0:0,0:87.64:4676686:0.02:10,10:88.59:6687424:0.06:3,U:267.1:21677338::,31:89.02:7469818:0.02:39,61:87.17:5804948:0.02:0,61:86.39:4706929:0.02:0,[61:86.05:7728326:0.02:0
ABBV_121319C88,U,U,U,U,U,75:85.17:9420181:1.0:4,79:85.54:6219193:0.95:1,80:86.54:9648955:1.46:65,133:86.57:4948264:1.5:8,140:87.64:4676686:2.0:41,151:88.59:6687424:2.45:38,121:267.1:21677338:2.5:46,87:89.02:7469818:2.88:5,90:87.17:5804948:1.5:77,179:86.39:4706929:1.15:15,[200:86.05:7728326:1.01:50
ABBV_121319C95,U,U,U,U,U,0:85.17:9420181:0.08:12,12:85.54:6219193:0.05:4,12:86.54:9648955:0.21:8,17:86.57:4948264:0.14:2,17:87.64:4676686:0.22:3,20:88.59:6687424:0.22:1,21:267.1:21677338:0.25:13,14:89.02:7469818:0.3:26,35:87.17:5804948:0.3:0,44:86.39:4706929:0.16:0,44:86.05:7728326:0.16:0
ABBV_122719C87.5,U,U,U,U,U,0:85.17:9420181:1.59:6,6:85.54:6219193:1.51:10,16:86.54:9648955:2.53:18,20:86.57:4948264:2.33:2,22:87.64:4676686:2.56:2,22:88.59:6687424:3.05:6,22:267.1:21677338:3.36:1,22:89.02:7469818:3.36:0,22:87.17:5804948:2.2:3,24:86.39:4706929:1.97:1,[25:86.05:7728326:1.9:4
ABBV_122719C88,U,U,U,U,U,0:85.17:9420181:1.41:136,136:85.54:6219193:1.32:12,147:86.54:9648955:1.77:160,299:86.57:4948264:1.77:0,299:87.64:4676686:2.26:15,323:88.59:6687424:2.87:12,331:267.1:21677338:2.87:0,331:89.02:7469818:2.87:0,331:87.17:5804948:2.31:7,336:86.39:4706929:1.67:355,[770:86.05:7728326:1.49:571
ABBV_122719C90,U,U,U,U,U,U,U,0:86.54:9648955:1.13:110,109:86.57:4948264:1.09:15,120:87.64:4676686:1.43:903,1010:88.59:6687424:1.75:726,1707:267.1:21677338:1.85:410,2100:89.02:7469818:2.17:352,2433:87.17:5804948:1.25:52,2560:86.39:4706929:0.98:138,[2642:86.05:7728326:0.91:23
ABBV_122719C95,U,U,U,U,U,U,U,0:86.54:9648955:0.2:145,132:86.57:4948264:0.27:42,173:87.64:4676686:0.35:134,307:88.59:6687424:0.47:33,330:267.1:21677338:0.45:32,312:89.02:7469818:0.52:256,526:87.17:5804948:0.3:12,536:86.39:4706929:0.3:0,536:86.05:7728326:0.16:31
ABBV_112219C96,U,U,U,U,U,U,U,U,10:86.57:4948264:0.03:0,10:87.64:4676686:0.03:0,10:88.59:6687424:0.02:10,20:267.1:21677338:0.02:0,20:89.02:7469818:0.02:0,20:87.17:5804948:0.02:0,20:86.39:4706929:0.02:0,20:86.05:7728326:0.02:0
ABBV_011720C100,U,U,U,U,U,U,U,U,U,6884:87.64:4676686:0.19:155,6974:88.59:6687424:0.25:283,7150:267.1:21677338:0.23:489,7472:89.02:7469818:0.3:494,7463:87.17:5804948:0.17:444,7476:86.39:4706929:0.15:119,[7589:86.05:7728326:0.13:134
ABBV_011720C105,U,U,U,U,U,U,U,U,U,1532:87.64:4676686:0.05:4,1532:88.59:6687424:0.07:29,1549:267.1:21677338:0.09:69,1597:89.02:7469818:0.08:17,1610:87.17:5804948:0.08:9,1611:86.39:4706929:0.07:6,[1612:86.05:7728326:0.07:4
ABBV_011720C110,U,U,U,U,U,U,U,U,U,1351:87.64:4676686:0.03:0,1351:88.59:6687424:0.04:43,U:267.1:21677338::,1365:89.02:7469818:0.03:13,1375:87.17:5804948:0.05:2,1377:86.39:4706929:0.02:21,[1377:86.05:7728326:0.02:0
ABBV_011720C115,U,U,U,U,U,U,U,U,U,887:87.64:4676686:0.03:0,887:88.59:6687424:0.02:3,U:267.1:21677338::,890:89.02:7469818:0.04:7,892:87.17:5804948:0.04:0,892:86.39:4706929:0.03:0,[892:86.05:7728326:0.03:0
ABBV_011720C120,U,U,U,U,U,U,U,U,U,11563:87.64:4676686:0.03:0,11563:88.59:6687424:0.02:48,11611:267.1:21677338:0.02:1,11611:89.02:7469818:0.03:57,11668:87.17:5804948:0.03:5,11673:86.39:4706929:0.03:25,[11697:86.05:7728326:0.02:3
ABBV_011720C125,U,U,U,U,U,U,U,U,U,508:87.64:4676686:0.02:0,508:88.59:6687424:0.02:0,508:267.1:21677338:0.02:0,508:89.02:7469818:0.02:0,508:87.17:5804948:0.02:0,508:86.39:4706929:0.02:0,508:86.05:7728326:0.02:0
ABBV_011720C65,U,U,U,U,U,U,U,U,U,1694:87.64:4676686:22.41:0,1694:88.59:6687424:24.05:5,1691:267.1:21677338:24.49:5,1686:89.02:7469818:24.41:17,1676:87.17:5804948:24.41:0,1676:86.39:4706929:24.41:0,[1676:86.05:7728326:24.41:0
ABBV_011720C67.5,U,U,U,U,U,U,U,U,U,3419:87.64:4676686:20.35:11,3408:88.59:6687424:21.73:4,3407:267.1:21677338:21.73:0,3407:89.02:7469818:22.64:1,3406:87.17:5804948:20.35:7,3403:86.39:4706929:20.1:0,[3403:86.05:7728326:19.0:12
ABBV_011720C70,U,U,U,U,U,U,U,U,U,5199:87.64:4676686:17.95:12,5189:88.59:6687424:18.99:158,5051:267.1:21677338:19.15:18,5042:89.02:7469818:19.4:114,5015:87.17:5804948:17.52:37,4991:86.39:4706929:16.58:7,[4991:86.05:7728326:16.51:54
ABBV_011720C72.5,U,U,U,U,U,U,U,U,U,6438:87.64:4676686:15.51:10,6430:88.59:6687424:16.57:41,6459:267.1:21677338:16.8:2,6457:89.02:7469818:17.1:4,6454:87.17:5804948:15.0:208,6253:86.39:4706929:14.24:108,[6118:86.05:7728326:14.15:85
ABBV_011720C75,U,U,U,U,U,U,U,U,U,15295:87.64:4676686:13.0:66,15276:88.59:6687424:14.35:232,15124:267.1:21677338:14.25:47,15110:89.02:7469818:14.55:26,15081:87.17:5804948:12.75:111,15010:86.39:4706929:11.86:15,[14995:86.05:7728326:11.72:23
ABBV_011720C77.5,U,U,U,U,U,U,U,U,U,6502:87.64:4676686:10.65:114,6497:88.59:6687424:11.65:143,U:267.1:21677338::,6427:89.02:7469818:12.2:80,6431:87.17:5804948:10.2:129,6435:86.39:4706929:9.66:28,[6424:86.05:7728326:9.65:7
ABBV_011720C80,U,U,U,U,U,U,U,U,U,14578:87.64:4676686:8.5:104,14551:88.59:6687424:9.4:200,14505:267.1:21677338:9.49:159,14483:89.02:7469818:10.35:146,14461:87.17:5804948:8.25:97,14456:86.39:4706929:7.5:190,[14435:86.05:7728326:7.4:71
ABBV_011720C82.5,U,U,U,U,U,U,U,U,U,4965:87.64:4676686:6.63:54,4968:88.59:6687424:7.23:115,4965:267.1:21677338:7.7:49,4949:89.02:7469818:7.87:47,4946:87.17:5804948:6.15:48,4943:86.39:4706929:5.71:193,[5016:86.05:7728326:5.49:143
ABBV_011720C85,U,U,U,U,U,U,U,U,U,7488:87.64:4676686:4.77:271,7388:88.59:6687424:5.36:166,7348:267.1:21677338:5.6:51,7332:89.02:7469818:5.85:467,7243:87.17:5804948:4.52:144,7238:86.39:4706929:3.94:201,[7264:86.05:7728326:3.75:258
ABBV_011720C87.5,U,U,U,U,U,U,U,U,U,5693:87.64:4676686:3.2:209,5763:88.59:6687424:3.65:302,U:267.1:21677338::,5770:89.02:7469818:4.25:63,5748:87.17:5804948:3.1:308,5820:86.39:4706929:2.58:199,[5879:86.05:7728326:2.36:243
ABBV_011720C90,U,U,U,U,U,U,U,U,U,3856:87.64:4676686:2.01:451,3655:88.59:6687424:2.34:800,U:267.1:21677338::,4418:89.02:7469818:2.79:656,4376:87.17:5804948:1.99:751,4178:86.39:4706929:1.61:485,[4266:86.05:7728326:1.4:469
ABBV_011720C92.5,U,U,U,U,U,U,U,U,U,3033:87.64:4676686:1.1:116,3034:88.59:6687424:1.44:2951,U:267.1:21677338::,5526:89.02:7469818:1.77:244,5616:87.17:5804948:1.15:562,6068:86.39:4706929:0.85:231,[6261:86.05:7728326:0.79:114
ABBV_011720C95,U,U,U,U,U,U,U,U,U,5607:87.64:4676686:0.65:951,5967:88.59:6687424:0.84:1066,6921:267.1:21677338:0.82:1069,7697:89.02:7469818:1.01:831,7809:87.17:5804948:0.65:622,7906:86.39:4706929:0.51:372,[7833:86.05:7728326:0.41:686
ABBV_011720C97.5,U,U,U,U,U,U,U,U,U,1743:87.64:4676686:0.35:51,1705:88.59:6687424:0.44:140,U:267.1:21677338::,1841:89.02:7469818:0.56:535,2070:87.17:5804948:0.34:275,2196:86.39:4706929:0.24:40,[2227:86.05:7728326:0.22:38
ABBV_112219C97,U,U,U,U,U,U,U,U,U,0:87.64:4676686:0.0:0,0:88.59:6687424:0.0:0,U:267.1:21677338::,0:89.02:7469818:0.0:0,0:87.17:5804948:0.0:0,0:86.39:4706929:0.0:0,0:86.05:7728326:0.0:0
ABBV_112919C89,U,U,U,U,U,U,U,U,U,0:87.64:4676686:0.86:47,45:88.59:6687424:1.17:957,280:267.1:21677338:1.18:437,375:89.02:7469818:1.36:245,371:87.17:5804948:0.52:369,524:86.39:4706929:0.23:159,[621:86.05:7728326:0.11:576
ABBV_112919C91,U,U,U,U,U,U,U,U,U,0:87.64:4676686:0.29:5,5:88.59:6687424:0.43:152,131:267.1:21677338:0.48:473,367:89.02:7469818:0.51:1605,767:87.17:5804948:0.16:348,1220:86.39:4706929:0.06:4,[1217:86.05:7728326:0.03:28
ABBV_112919C91.5,U,U,U,U,U,U,U,U,U,0:87.64:4676686:0.21:1,1:88.59:6687424:0.35:21,19:267.1:21677338:0.42:47,54:89.02:7469818:0.38:45,67:87.17:5804948:0.12:40,105:86.39:4706929:0.04:12,[94:86.05:7728326:0.02:5
ABBV_112919C92,U,U,U,U,U,U,U,U,U,0:87.64:4676686:0.0:0,0:88.59:6687424:0.28:81,66:267.1:21677338:0.25:60,99:89.02:7469818:0.29:182,179:87.17:5804948:0.09:97,179:86.39:4706929:0.04:9,[176:86.05:7728326:0.02:2
ABBV_112919C92.5,U,U,U,U,U,U,U,U,U,0:87.64:4676686:0.0:0,0:88.59:6687424:0.22:192,192:267.1:21677338:0.19:25,215:89.02:7469818:0.23:668,771:87.17:5804948:0.07:35,810:86.39:4706929:0.03:11,[818:86.05:7728326:0.02:14
ABBV_112919C93,U,U,U,U,U,U,U,U,U,0:87.64:4676686:0.08:1,1:88.59:6687424:0.14:11,12:267.1:21677338:0.2:11,21:89.02:7469818:0.17:840,844:87.17:5804948:0.07:2,843:86.39:4706929:0.07:0,[843:86.05:7728326:0.07:0
ABBV_112919C93.5,U,U,U,U,U,U,U,U,U,0:87.64:4676686:0.0:0,0:88.59:6687424:0.11:276,U:267.1:21677338::,276:89.02:7469818:0.11:0,276:87.17:5804948:0.05:2,278:86.39:4706929:0.05:0,278:86.05:7728326:0.02:1
ABBV_120619C89,U,U,U,U,U,U,U,U,U,0:87.64:4676686:1.18:14,14:88.59:6687424:1.63:191,175:267.1:21677338:1.66:18,180:89.02:7469818:1.75:86,217:87.17:5804948:0.84:63,261:86.39:4706929:0.59:159,[347:86.05:7728326:0.46:330
ABBV_120619C91,U,U,U,U,U,U,U,U,U,0:87.64:4676686:0.0:0,0:88.59:6687424:0.79:3,U:267.1:21677338::,10:89.02:7469818:0.89:37,37:87.17:5804948:0.33:14,26:86.39:4706929:0.23:4,[28:86.05:7728326:0.23:0
ABBV_120619C91.5,U,U,U,U,U,U,U,U,U,0:87.64:4676686:0.44:10,10:88.59:6687424:0.44:0,10:267.1:21677338:0.71:55,56:89.02:7469818:0.74:50,83:87.17:5804948:0.32:17,76:86.39:4706929:0.13:11,[76:86.05:7728326:0.13:1
ABBV_120619C92,U,U,U,U,U,U,U,U,U,0:87.64:4676686:0.0:0,0:88.59:6687424:0.49:7,7:267.1:21677338:0.56:48,53:89.02:7469818:0.62:47,91:87.17:5804948:0.25:41,117:86.39:4706929:0.18:5,[115:86.05:7728326:0.09:3
ABBV_120619C92.5,U,U,U,U,U,U,U,U,U,0:87.64:4676686:0.0:0,0:88.59:6687424:0.45:5,5:267.1:21677338:0.47:74,45:89.02:7469818:0.45:77,93:87.17:5804948:0.22:9,92:86.39:4706929:0.13:2,[92:86.05:7728326:0.09:1
ABBV_120619C93,U,U,U,U,U,U,U,U,U,0:87.64:4676686:0.2:10,10:88.59:6687424:0.2:0,U:267.1:21677338::,21:89.02:7469818:0.37:71,92:87.17:5804948:0.16:5,97:86.39:4706929:0.16:0,[107:86.05:7728326:0.09:0
ABBV_120619C93.5,U,U,U,U,U,U,U,U,U,0:87.64:4676686:0.0:0,0:88.59:6687424:0.23:1,1:267.1:21677338:0.31:6,6:89.02:7469818:0.3:73,79:87.17:5804948:0.3:0,79:86.39:4706929:0.3:0,79:86.05:7728326:0.3:0
ABBV_121319C89,U,U,U,U,U,U,U,U,U,0:87.64:4676686:1.36:16,16:88.59:6687424:1.95:15,23:267.1:21677338:1.98:5,23:89.02:7469818:2.3:10,23:87.17:5804948:1.35:1,23:86.39:4706929:0.81:27,[41:86.05:7728326:0.73:37
ABBV_121319C91,U,U,U,U,U,U,U,U,U,0:87.64:4676686:0.0:0,0:88.59:6687424:1.06:194,165:267.1:21677338:1.05:31,188:89.02:7469818:1.19:53,229:87.17:5804948:0.63:46,212:86.39:4706929:0.4:7,[217:86.05:7728326:0.29:3
ABBV_121319C91.5,U,U,U,U,U,U,U,U,U,0:87.64:4676686:0.0:0,0:88.59:6687424:0.74:1,1:267.1:21677338:1.0:8,8:89.02:7469818:1.25:6,4:87.17:5804948:1.25:0,4:86.39:4706929:1.25:0,[4:86.05:7728326:1.25:0
ABBV_121319C92,U,U,U,U,U,U,U,U,U,0:87.64:4676686:0.0:0,0:88.59:6687424:0.76:3,U:267.1:21677338::,4:89.02:7469818:0.87:267,253:87.17:5804948:0.49:2,257:86.39:4706929:0.29:1,[262:86.05:7728326:0.25:0
ABBV_121319C92.5,U,U,U,U,U,U,U,U,U,0:87.64:4676686:0.0:0,0:88.59:6687424:0.65:929,901:267.1:21677338:0.69:262,1047:89.02:7469818:0.68:6,1051:87.17:5804948:0.38:1,1050:86.39:4706929:0.38:0,[1050:86.05:7728326:0.15:1
ABBV_121319C93,U,U,U,U,U,U,U,U,U,0:87.64:4676686:0.43:3,3:88.59:6687424:0.43:0,3:267.1:21677338:0.57:24,22:89.02:7469818:0.56:57,79:87.17:5804948:0.56:0,79:86.39:4706929:0.56:0,[79:86.05:7728326:0.14:2
ABBV_121319C93.5,U,U,U,U,U,U,U,U,U,0:87.64:4676686:0.0:0,0:88.59:6687424:0.41:4,4:267.1:21677338:0.41:0,4:89.02:7469818:0.51:48,45:87.17:5804948:0.25:1,44:86.39:4706929:0.25:0,44:86.05:7728326:0.25:0
ABBV_122719C89,U,U,U,U,U,U,U,U,U,0:87.64:4676686:1.71:3,3:88.59:6687424:2.47:11,8:267.1:21677338:2.46:12,17:89.02:7469818:2.46:0,17:87.17:5804948:1.99:2,19:86.39:4706929:1.29:442,[423:86.05:7728326:1.16:44
ABBV_122719C91,U,U,U,U,U,U,U,U,U,0:87.64:4676686:1.11:42,42:88.59:6687424:1.55:5,47:267.1:21677338:1.6:2,49:89.02:7469818:1.72:90,111:87.17:5804948:1.01:9,116:86.39:4706929:0.8:84,[190:86.05:7728326:0.63:53
ABBV_122719C91.5,U,U,U,U,U,U,U,U,U,0:87.64:4676686:0.0:0,0:88.59:6687424:1.18:4,4:267.1:21677338:1.18:0,4:89.02:7469818:1.34:10,4:87.17:5804948:1.34:0,4:86.39:4706929:1.34:0,[6:86.05:7728326:0.64:0
ABBV_122719C92,U,U,U,U,U,U,U,U,U,0:87.64:4676686:0.62:2,2:88.59:6687424:1.05:43,25:267.1:21677338:1.19:104,103:89.02:7469818:1.4:4,104:87.17:5804948:0.85:2,106:86.39:4706929:0.58:6,[104:86.05:7728326:0.58:0
ABBV_122719C92.5,U,U,U,U,U,U,U,U,U,0:87.64:4676686:0.68:5,5:88.59:6687424:0.84:10,15:267.1:21677338:0.98:2,15:89.02:7469818:1.11:12,15:87.17:5804948:1.11:0,15:86.39:4706929:0.53:1,[16:86.05:7728326:0.53:0
ABBV_122719C93,U,U,U,U,U,U,U,U,U,0:87.64:4676686:0.6:2,1:88.59:6687424:0.82:14,12:267.1:21677338:0.82:0,12:89.02:7469818:1.22:1,13:87.17:5804948:1.22:0,13:86.39:4706929:0.45:1,14:86.05:7728326:0.45:0
ABBV_122719C93.5,U,U,U,U,U,U,U,U,U,0:87.64:4676686:0.51:25,25:88.59:6687424:0.77:3,28:267.1:21677338:0.77:0,28:89.02:7469818:0.82:163,192:87.17:5804948:0.82:0,192:86.39:4706929:0.82:0,192:86.05:7728326:0.82:0
ABBV_112219C98,U,U,U,U,U,U,U,U,U,U,0:88.59:6687424:0.0:0,0:267.1:21677338:0.0:0,0:89.02:7469818:0.0:0,U:87.17:5804948:U:U,0:86.39:4706929:0.0:0,0:86.05:7728326:0.0:0
ABBV_112219C99,U,U,U,U,U,U,U,U,U,U,U,U,0:89.02:7469818:0.0:0,0:87.17:5804948:0.0:0,0:86.39:4706929:0.0:0,0:86.05:7728326:0.0:0
ABBV_112919C94,U,U,U,U,U,U,U,U,U,U,U,U,0:89.02:7469818:0.18:4,4:87.17:5804948:0.03:2,6:86.39:4706929:0.03:0,6:86.05:7728326:0.03:0
ABBV_112919C96,U,U,U,U,U,U,U,U,U,U,U,U,0:89.02:7469818:0.0:0,0:87.17:5804948:0.0:0,0:86.39:4706929:0.0:0,0:86.05:7728326:0.0:0
ABBV_120619C100,U,U,U,U,U,U,U,U,U,U,U,U,0:89.02:7469818:0.05:40,40:87.17:5804948:0.05:0,40:86.39:4706929:0.05:0,40:86.05:7728326:0.05:0
ABBV_121319C100,U,U,U,U,U,U,U,U,U,U,U,U,0:89.02:7469818:0.0:0,U:87.17:5804948:U:U,0:86.39:4706929:0.0:0,0:86.05:7728326:0.0:0
ABBV_122019C84,U,U,U,U,U,U,U,U,U,U,U,U,17:89.02:7469818:6.15:28,35:87.17:5804948:6.15:0,35:86.39:4706929:3.71:20,[51:86.05:7728326:3.17:3
ABBV_122019C84.5,U,U,U,U,U,U,U,U,U,U,U,U,8:89.02:7469818:5.15:0,8:87.17:5804948:4.7:2,8:86.39:4706929:3.42:24,[28:86.05:7728326:2.86:21
ABBV_122019C85.5,U,U,U,U,U,U,U,U,U,U,U,U,0:89.02:7469818:4.85:28,28:87.17:5804948:3.6:3,28:86.39:4706929:2.89:10,[39:86.05:7728326:2.52:68
ABBV_122019C86,U,U,U,U,U,U,U,U,U,U,U,U,41:89.02:7469818:4.49:31,12:87.17:5804948:3.51:64,74:86.39:4706929:2.47:31,[102:86.05:7728326:2.21:114
ABBV_122019C86.5,U,U,U,U,U,U,U,U,U,U,U,U,0:89.02:7469818:3.99:12,11:87.17:5804948:2.5:10,17:86.39:4706929:2.2:1302,[1314:86.05:7728326:1.9:70
ABBV_122019C87,U,U,U,U,U,U,U,U,U,U,U,U,4:89.02:7469818:3.8:28,41:87.17:5804948:2.51:1023,1066:86.39:4706929:1.77:37,[1065:86.05:7728326:1.71:19
ABBV_122019C88,U,U,U,U,U,U,U,U,U,U,U,U,35:89.02:7469818:3.13:36,49:87.17:5804948:1.74:37,78:86.39:4706929:1.46:30,[88:86.05:7728326:1.25:43
ABBV_122019C89,U,U,U,U,U,U,U,U,U,U,U,U,164:89.02:7469818:2.63:181,255:87.17:5804948:1.38:39,268:86.39:4706929:1.07:31,[273:86.05:7728326:1.02:16
ABBV_122019C91,U,U,U,U,U,U,U,U,U,U,U,U,36:89.02:7469818:1.5:62,89:87.17:5804948:0.88:88,143:86.39:4706929:0.58:101,[180:86.05:7728326:0.5:151
ABBV_122019C91.5,U,U,U,U,U,U,U,U,U,U,U,U,12:89.02:7469818:1.3:34,17:87.17:5804948:0.74:310,287:86.39:4706929:0.74:0,[287:86.05:7728326:0.37:10
ABBV_122019C92,U,U,U,U,U,U,U,U,U,U,U,U,78:89.02:7469818:1.16:60,119:87.17:5804948:0.58:217,252:86.39:4706929:0.36:14,[250:86.05:7728326:0.33:28
ABBV_122019C93,U,U,U,U,U,U,U,U,U,U,U,U,25:89.02:7469818:0.81:26,44:87.17:5804948:0.49:36,52:86.39:4706929:0.25:2,52:86.05:7728326:0.19:1
ABBV_122019C93.5,U,U,U,U,U,U,U,U,U,U,U,U,6:89.02:7469818:0.65:190,195:87.17:5804948:0.45:7,200:86.39:4706929:0.22:11,209:86.05:7728326:0.17:5
ABBV_122019C97.5,U,U,U,U,U,U,U,U,U,U,U,U,0:89.02:7469818:0.19:42,U:87.17:5804948:U:U,43:86.39:4706929:0.12:0,43:86.05:7728326:0.06:5
ABBV_122719C100,U,U,U,U,U,U,U,U,U,U,U,U,0:89.02:7469818:0.11:3,3:87.17:5804948:0.11:0,3:86.39:4706929:0.11:0,3:86.05:7728326:0.11:0
ABBV_122019C83,U,U,U,U,U,U,U,U,U,U,U,U,U,0:87.17:5804948:0.0:0,2:86.39:4706929:4.2:18,[22:86.05:7728326:3.85:33
ABBV_112919C82,U,U,U,U,U,U,U,U,U,U,U,U,U,0:87.17:5804948:0.0:0,0:86.39:4706929:0.0:0,[0:86.05:7728326:0.0:0
ABBV_122019C83.5,U,U,U,U,U,U,U,U,U,U,U,U,U,30:87.17:5804948:5.75:1,30:86.39:4706929:3.95:42,[48:86.05:7728326:3.7:23
ABBV_011720C62.5,U,U,U,U,U,U,U,U,U,U,U,U,U,367:87.17:5804948:26.7:0,367:86.39:4706929:26.7:0,[372:86.05:7728326:24.2:0
ABBV_010320C88,U,U,U,U,U,U,U,U,U,U,U,U,U,U,U,2:86.05:7728326:1.75:2
ABBV_010320C85.5,U,U,U,U,U,U,U,U,U,U,U,U,U,U,U,0:86.05:7728326:0.0:0
ABBV_010320C81.5,U,U,U,U,U,U,U,U,U,U,U,U,U,U,U,0:86.05:7728326:0.0:0
ABBV_010320C89,U,U,U,U,U,U,U,U,U,U,U,U,U,U,U,0:86.05:7728326:0.0:0
ABBV_010320C90,U,U,U,U,U,U,U,U,U,U,U,U,U,U,U,11:86.05:7728326:1.08:16
ABBV_010320C87.5,U,U,U,U,U,U,U,U,U,U,U,U,U,U,U,0:86.05:7728326:0.0:0
ABBV_010320C84,U,U,U,U,U,U,U,U,U,U,U,U,U,U,U,0:86.05:7728326:0.0:0
ABBV_010320C89.5,U,U,U,U,U,U,U,U,U,U,U,U,U,U,U,0:86.05:7728326:0.0:0
ABBV_010320C82,U,U,U,U,U,U,U,U,U,U,U,U,U,U,U,0:86.05:7728326:0.0:0
ABBV_010320C86.5,U,U,U,U,U,U,U,U,U,U,U,U,U,U,U,0:86.05:7728326:2.54:5
ABBV_010320C86,U,U,U,U,U,U,U,U,U,U,U,U,U,U,U,0:86.05:7728326:2.6:30
ABBV_112919C81,U,U,U,U,U,U,U,U,U,U,U,U,U,U,U,2:86.05:7728326:5.2:0
ABBV_122019C81.5,U,U,U,U,U,U,U,U,U,U,U,U,U,U,U,22:86.05:7728326:5.45:0
ABBV_010320C84.5,U,U,U,U,U,U,U,U,U,U,U,U,U,U,U,0:86.05:7728326:0.0:0
ABBV_010320C91,U,U,U,U,U,U,U,U,U,U,U,U,U,U,U,0:86.05:7728326:0.65:1
ABBV_010320C88.5,U,U,U,U,U,U,U,U,U,U,U,U,U,U,U,0:86.05:7728326:0.0:0
ABBV_010320C83,U,U,U,U,U,U,U,U,U,U,U,U,U,U,U,0:86.05:7728326:0.0:0
ABBV_122019C82,U,U,U,U,U,U,U,U,U,U,U,U,U,U,U,43:86.05:7728326:7.2:0
ABBV_010320C82.5,U,U,U,U,U,U,U,U,U,U,U,U,U,U,U,0:86.05:7728326:0.0:0
ABBV_010320C83.5,U,U,U,U,U,U,U,U,U,U,U,U,U,U,U,0:86.05:7728326:0.0:0
ABBV_010320C90.5,U,U,U,U,U,U,U,U,U,U,U,U,U,U,U,22:86.05:7728326:0.83:1
ABBV_010320C87,U,U,U,U,U,U,U,U,U,U,U,U,U,U,U,0:86.05:7728326:2.1:3
ABBV_010320C85,U,U,U,U,U,U,U,U,U,U,U,U,U,U,U,2:86.05:7728326:3.1:1
