Symbol,20191023,20191024,20191025,20191028,20191029,20191030,20191031,20191101,20191104,20191105,20191106,20191107,20191108,20191111,20191112,20191113,20191114,20191115,20191118,20191119,20191120,20191121,20191122
BIDU_112219C97.5,0.0,0:103.69,0:103.87,0:104.86,0:102.9,0:101.76,0:101.85,0.0,0:109.62,0:108.05,1:107.36,1:121.87:16213163:11.25:0,1:124.56:10078599:11.25:0,1:120.87:4022432:11.25:0,1:121.8:3466459:11.25:0,1:118.29:3622674:11.25:0,1:118.2:4727909:11.25:0,1:117.05:3794537:11.25:0,1:116.52:2482706:11.25:0,1:115.69:2574436:11.25:0,1:114.84:2309793:11.25:0,1:115.65:2796382:11.25:0,1:117.99:3006608:11.25:0
BIDU_112219C98,0.0,0:103.69,1:103.87,1:104.86,1:102.9,1:101.76,1:101.85,57.0,56:109.62,56:108.05,56:107.36,56:121.87:16213163:19.46:55,3:124.56:10078599:19.46:0,3:120.87:4022432:19.46:0,3:121.8:3466459:24.45:1,2:118.29:3622674:24.45:0,2:118.2:4727909:24.45:0,2:117.05:3794537:24.45:0,2:116.52:2482706:24.45:0,2:115.69:2574436:24.45:0,2:114.84:2309793:24.45:0,2:115.65:2796382:24.45:0,2:117.99:3006608:24.45:0
BIDU_112219C98.5,0.0,0:103.69,0:103.87,0:104.86,0:102.9,0:101.79,0:101.85,3.0,3:109.62,3:108.05,4:107.36,4:121.87:16213163:10.45:0,4:124.56:10078599:10.45:0,4:120.87:4022432:10.45:0,4:121.8:3466459:10.45:0,4:118.29:3622674:10.45:0,4:118.2:4727909:10.45:0,4:117.05:3794537:10.45:0,4:116.52:2482706:10.45:0,4:115.69:2574436:10.45:0,U:114.84:2309793:U:U,4:115.65:2796382:10.45:0,4:117.99:3006608:10.45:0
BIDU_112219C99,1.0,1:103.69,1:103.87,1:104.86,1:102.9,2:101.79,2:101.85,2.0,2:109.62,2:108.05,2:107.36,3:121.87:16213163:21.0:1,2:124.56:10078599:21.0:0,2:120.87:4022432:21.0:0,2:121.8:3466459:21.0:0,2:118.29:3622674:21.0:0,2:118.2:4727909:21.0:0,2:117.05:3794537:21.0:0,U:116.52:2482706::,:115.69:2574436:U:U,2:114.84:2309793:21.0:0,2:115.65:2796382:21.0:0,2:117.99:3006608:21.0:0
BIDU_112219C99.5,2.0,2:103.69,2:103.87,2:104.86,2:102.9,2:101.79,2:101.85,2.0,2:109.62,2:108.05,2:107.36,2:121.87:16213163:6.2:0,2:124.56:10078599:6.2:0,2:120.87:4022432:6.2:0,2:121.8:3466459:6.2:0,2:118.29:3622674:6.2:0,2:118.2:4727909:6.2:0,2:117.05:3794537:6.2:0,2:116.52:2482706:6.2:0,2:115.69:2574436:6.2:0,2:114.84:2309793:6.2:0,2:115.65:2796382:6.2:0,2:117.99:3006608:6.2:0
BIDU_112219C100,22.0,22:103.69,29:103.87,48:104.86,48:102.9,63:101.8,67:101.85,130.0,122:109.62,93:108.05,86:107.36,87:121.87:16213163:21.75:51,58:124.56:10078599:24.75:7,53:120.87:4022432:24.75:0,53:121.8:3466459:24.75:0,53:118.29:3622674:19.1:1,54:118.2:4727909:18.2:3,54:117.05:3794537:17.2:4,57:116.52:2482706:17.2:0,57:115.69:2574436:17.2:0,57:114.84:2309793:14.85:1,56:115.65:2796382:15.66:1,56:117.99:3006608:18.2:3
BIDU_112219C101,3.0,3:103.69,3:103.87,3:104.86,3:102.9,3:101.77,4:101.85,4.0,5:109.62,9:108.05,14:107.36,15:121.87:16213163:16.3:2,14:124.56:10078599:16.3:0,14:120.87:4022432:16.3:0,14:121.8:3466459:16.3:0,14:118.29:3622674:17.8:2,14:118.2:4727909:15.51:1,15:117.05:3794537:17.85:1,16:116.52:2482706:17.85:0,16:115.69:2574436:17.85:0,U:114.84:2309793:U:U,15:115.65:2796382:13.45:0,15:117.99:3006608:13.45:0
BIDU_112219C102,20.0,20:103.69,20:103.87,20:104.86,20:102.9,22:101.77,22:101.85,23.0,22:109.62,20:108.05,20:107.36,28:121.87:16213163:19.07:2,30:124.56:10078599:19.07:0,30:120.87:4022432:19.07:0,30:121.8:3466459:19.07:0,30:118.29:3622674:19.07:0,30:118.2:4727909:19.07:0,30:117.05:3794537:19.07:0,U:116.52:2482706:.0:,:115.69:2574436:U:U,30:114.84:2309793:19.07:0,30:115.65:2796382:19.07:0,30:117.99:3006608:15.81:2
BIDU_112219C103,73.0,73:103.69,73:103.87,74:104.86,74:102.9,125:101.77,129:101.85,132.0,133:109.62,98:108.05,98:107.36,98:121.87:16213163:17.75:6,96:124.56:10078599:23.45:1,96:120.87:4022432:23.45:0,96:121.8:3466459:23.45:0,96:118.29:3622674:23.45:0,96:118.2:4727909:23.45:0,96:117.05:3794537:23.45:0,96:116.52:2482706:23.45:0,96:115.69:2574436:23.45:0,96:114.84:2309793:23.45:0,96:115.65:2796382:23.45:0,96:117.99:3006608:23.45:0
BIDU_112219C104,8.0,11:103.69,11:103.87,11:104.86,11:102.9,11:101.77,42:101.85,54.0,51:109.62,51:108.05,51:107.36,47:121.87:16213163:16.95:22,37:124.56:10078599:16.95:0,37:120.87:4022432:16.95:0,37:121.8:3466459:16.95:0,37:118.29:3622674:16.95:0,37:118.2:4727909:16.95:0,37:117.05:3794537:16.95:0,37:116.52:2482706:16.95:0,:115.69:2574436:U:U,37:114.84:2309793:16.95:0,37:115.65:2796382:16.95:0,37:117.99:3006608:16.95:0
BIDU_112219C105,559.0,559:103.69,578:103.87,585:104.86,659:102.9,660:101.77,662:101.85,662.0,663:109.62,661:108.05,671:107.36,660:121.87:16213163:15.7:231,553:124.56:10078599:19.4:56,524:120.87:4022432:19.4:0,524:121.8:3466459:19.4:0,524:118.29:3622674:19.4:0,524:118.2:4727909:13.5:1,525:117.05:3794537:12.37:9,524:116.52:2482706:11.73:48,515:115.69:2574436:11.8:4,512:114.84:2309793:11.8:0,511:115.65:2796382:9.91:0,511:117.99:3006608:11.7:54
BIDU_112219C106,3.0,2:103.69,6:103.87,6:104.86,13:102.9,13:101.77,15:101.85,19.0,19:109.62,24:108.05,24:107.36,210:121.87:16213163:12.61:3,208:124.56:10078599:18.94:7,202:120.87:4022432:15.27:1,203:121.8:3466459:17.0:1,202:118.29:3622674:17.0:0,202:118.2:4727909:10.65:175,377:117.05:3794537:10.65:0,U:116.52:2482706::,377:115.69:2574436:10.65:0,377:114.84:2309793:10.05:10,382:115.65:2796382:9.55:1,U:117.99:3006608:U:U
BIDU_112219C107,106.0,106:103.69,105:103.87,113:104.86,207:102.9,208:101.77,209:101.85,176.0,176:109.62,175:108.05,87:107.36,117:121.87:16213163:14.35:16,112:124.56:10078599:14.35:0,112:120.87:4022432:14.35:0,112:121.8:3466459:14.35:0,112:118.29:3622674:14.35:0,112:118.2:4727909:14.35:0,112:117.05:3794537:14.35:0,112:116.52:2482706:14.35:0,112:115.69:2574436:8.89:20,94:114.84:2309793:8.89:0,94:115.65:2796382:8.0:0,94:117.99:3006608:10.45:2
BIDU_112219C108,646.0,646:103.69,596:103.87,597:104.86,597:102.9,494:101.77,490:101.85,487.0,485:109.62,538:108.05,532:107.36,542:121.87:16213163:14.3:79,531:124.56:10078599:17.01:6,528:120.87:4022432:13.1:10,518:121.8:3466459:13.1:0,518:118.29:3622674:13.1:0,518:118.2:4727909:9.83:10,528:117.05:3794537:9.83:0,528:116.52:2482706:9.83:0,528:115.69:2574436:9.83:0,528:114.84:2309793:9.83:0,528:115.65:2796382:7.28:10,[528:117.99:3006608:10.45:8
BIDU_112219C109,4.0,4:103.69,4:103.87,11:104.86,11:102.9,11:101.77,12:101.85,14.0,14:109.62,17:108.05,16:107.36,24:121.87:16213163:10.0:9,19:124.56:10078599:10.0:0,19:120.87:4022432:12.65:4,21:121.8:3466459:12.65:0,21:118.29:3622674:12.65:0,21:118.2:4727909:12.65:0,21:117.05:3794537:12.65:0,21:116.52:2482706:12.65:0,21:115.69:2574436:12.65:0,21:114.84:2309793:12.65:0,21:115.65:2796382:12.65:0,[21:117.99:3006608:9.25:3
BIDU_112219C110,373.0,273:103.69,273:103.87,273:104.86,280:102.9,283:101.77,284:101.85,281.0,284:109.62,299:108.05,312:107.36,317:121.87:16213163:12.62:156,283:124.56:10078599:15.1:30,262:120.87:4022432:10.9:6,258:121.8:3466459:11.9:2,259:118.29:3622674:8.39:2,261:118.2:4727909:8.6:37,271:117.05:3794537:7.35:18,266:116.52:2482706:6.35:2,268:115.69:2574436:5.9:13,273:114.84:2309793:5.1:13,268:115.65:2796382:5.7:11,[269:117.99:3006608:8.3:52
BIDU_112219C111,4.0,4:103.69,8:103.87,9:104.86,14:102.9,16:101.77,16:101.85,16.0,16:109.62,23:108.05,27:107.36,39:121.87:16213163:10.25:32,26:124.56:10078599:14.93:9,27:120.87:4022432:11.32:1,26:121.8:3466459:11.32:0,26:118.29:3622674:11.32:0,26:118.2:4727909:11.32:0,26:117.05:3794537:6.28:1,27:116.52:2482706:6.5:9,31:115.69:2574436:5.1:29,38:114.84:2309793:3.6:28,54:115.65:2796382:4.65:6,[53:117.99:3006608:7.08:8
BIDU_112219C112,16.0,17:103.69,17:103.87,16:104.86,16:102.9,18:101.77,18:101.85,20.0,21:109.62,70:108.05,93:107.36,143:121.87:16213163:9.72:89,87:124.56:10078599:13.74:45,80:120.87:4022432:9.5:9,79:121.8:3466459:9.5:0,79:118.29:3622674:9.5:0,79:118.2:4727909:6.55:77,117:117.05:3794537:7.9:1,118:116.52:2482706:4.25:10,124:115.69:2574436:4.75:14,124:114.84:2309793:2.99:64,131:115.65:2796382:4.28:12,[132:117.99:3006608:6.05:20
BIDU_112219C113,15.0,14:103.69,14:103.87,14:104.86,14:102.9,12:101.77,12:101.85,12.0,47:109.62,68:108.05,84:107.36,135:121.87:16213163:8.85:55,107:124.56:10078599:12.1:1,107:120.87:4022432:9.0:15,102:121.8:3466459:9.05:5,106:118.29:3622674:5.8:5,111:118.2:4727909:5.75:8,115:117.05:3794537:5.75:0,115:116.52:2482706:3.65:16,129:115.69:2574436:3.35:11,134:114.84:2309793:2.25:121,142:115.65:2796382:3.3:104,[162:117.99:3006608:5.05:14
BIDU_112219C114,15.0,15:103.69,15:103.87,25:104.86,25:102.9,25:101.77,25:101.85,25.0,25:109.62,24:108.05,34:107.36,35:121.87:16213163:8.0:23,39:124.56:10078599:10.52:30,42:120.87:4022432:7.85:29,39:121.8:3466459:7.85:0,39:118.29:3622674:5.15:7,40:118.2:4727909:4.95:175,188:117.05:3794537:3.9:15,177:116.52:2482706:3.25:37,198:115.69:2574436:2.56:122,225:114.84:2309793:1.75:115,257:115.65:2796382:1.81:212,[199:117.99:3006608:4.0:72
BIDU_112919C97.5,0.0,0:103.69,0:103.87,0:104.86,0:102.9,0:101.77,0:101.85,0.0,0:109.62,0:108.05,0:107.36,0:121.87:16213163:0.0:0,0:124.56:10078599:0.0:0,0:120.87:4022432:0.0:0,0:121.8:3466459:0.0:0,0:118.29:3622674:0.0:0,0:118.2:4727909:0.0:0,0:117.05:3794537:0.0:0,0:116.52:2482706:0.0:0,:115.69:2574436:U:U,0:114.84:2309793:0.0:0,0:115.65:2796382:0.0:0,0:117.99:3006608:0.0:0
BIDU_112919C98,0.0,0:103.69,0:103.87,0:104.86,0:102.9,0:101.77,0:101.85,0.0,0:109.62,0:108.05,0:107.36,0:121.87:16213163:0.0:0,0:124.56:10078599:0.0:0,0:120.87:4022432:0.0:0,0:121.8:3466459:0.0:0,0:118.29:3622674:0.0:0,0:118.2:4727909:0.0:0,0:117.05:3794537:0.0:0,0:116.52:2482706:0.0:0,0:115.69:2574436:0.0:0,0:114.84:2309793:0.0:0,0:115.65:2796382:0.0:0,0:117.99:3006608:0.0:0
BIDU_112919C98.5,0.0,0:103.69,0:103.87,0:104.86,0:102.9,0:101.78,0:101.85,0.0,0:109.62,0:108.05,0:107.36,0:121.87:16213163:0.0:0,0:124.56:10078599:0.0:0,0:120.87:4022432:0.0:0,0:121.8:3466459:0.0:0,0:118.29:3622674:0.0:0,0:118.2:4727909:0.0:0,0:117.05:3794537:0.0:0,U:116.52:2482706::,0:115.69:2574436:0.0:0,U:114.84:2309793:U:U,0:115.65:2796382:0.0:0,0:117.99:3006608:0.0:0
BIDU_112919C99,1.0,1:103.69,1:103.87,1:104.86,1:102.9,1:101.78,1:101.85,1.0,1:109.62,1:108.05,2:107.36,2:121.87:16213163:10.42:0,2:124.56:10078599:10.42:0,2:120.87:4022432:10.42:0,2:121.8:3466459:10.42:0,2:118.29:3622674:20.0:1,2:118.2:4727909:18.0:2,1:117.05:3794537:20.0:1,1:116.52:2482706:20.0:0,1:115.69:2574436:17.4:3,2:114.84:2309793:17.4:0,2:115.65:2796382:17.4:0,2:117.99:3006608:19.0:1
BIDU_112919C99.5,0.0,0:103.69,0:103.87,0:104.86,0:102.9,0:101.73,0:101.85,0.0,0:109.62,0:108.05,0:107.36,7:121.87:16213163:11.25:0,7:124.56:10078599:11.25:0,7:120.87:4022432:11.25:0,7:121.8:3466459:11.25:0,7:118.29:3622674:11.25:0,7:118.2:4727909:11.25:0,7:117.05:3794537:11.25:0,7:116.52:2482706:11.25:0,7:115.69:2574436:11.25:0,U:114.84:2309793:U:U,U:115.65:2796382:0.4:U,7:117.99:3006608:11.25:0
BIDU_112919C100,2.0,2:103.69,2:103.87,2:104.86,2:102.9,40:101.73,42:101.85,42.0,14:109.62,11:108.05,11:107.36,11:121.87:16213163:18.7:2,11:124.56:10078599:18.7:0,11:120.87:4022432:18.7:0,11:121.8:3466459:18.7:0,11:118.29:3622674:18.3:1,10:118.2:4727909:18.3:0,10:117.05:3794537:18.6:4,10:116.52:2482706:16.35:10,20:115.69:2574436:15.5:1,21:114.84:2309793:14.85:11,13:115.65:2796382:14.85:0,13:117.99:3006608:17.0:1
BIDU_112919C101,0.0,0:103.69,0:103.87,0:104.86,0:102.9,0:101.73,0:101.85,0.0,0:109.62,0:108.05,0:107.36,0:121.87:16213163:0.0:0,0:124.56:10078599:0.0:0,0:120.87:4022432:0.0:0,0:121.8:3466459:0.0:0,0:118.29:3622674:0.0:0,0:118.2:4727909:0.0:0,0:117.05:3794537:0.0:0,0:116.52:2482706:0.0:0,0:115.69:2574436:0.0:0,0:114.84:2309793:0.0:0,0:115.65:2796382:0.0:0,0:117.99:3006608:0.0:0
BIDU_112919C102,0.0,0:103.69,0:103.87,4:104.86,4:102.9,5:101.73,16:101.85,8.0,8:109.62,8:108.05,9:107.36,9:121.87:16213163:19.7:4,6:124.56:10078599:19.7:0,6:120.87:4022432:19.7:0,6:121.8:3466459:19.7:0,6:118.29:3622674:19.7:0,6:118.2:4727909:19.7:0,6:117.05:3794537:19.7:0,6:116.52:2482706:19.7:0,6:115.69:2574436:19.7:0,6:114.84:2309793:19.7:0,6:115.65:2796382:19.7:0,6:117.99:3006608:19.7:0
BIDU_112919C103,3.0,4:103.69,5:103.87,11:104.86,9:102.9,22:101.73,25:101.85,85.0,100:109.62,79:108.05,79:107.36,79:121.87:16213163:17.5:1,79:124.56:10078599:22.1:2,81:120.87:4022432:22.1:0,81:121.8:3466459:22.1:0,81:118.29:3622674:22.1:0,81:118.2:4727909:22.1:0,81:117.05:3794537:22.1:0,81:116.52:2482706:22.1:0,81:115.69:2574436:22.1:0,81:114.84:2309793:22.1:0,81:115.65:2796382:22.1:0,81:117.99:3006608:22.1:0
BIDU_112919C104,6.0,6:103.69,6:103.87,7:104.86,7:102.9,7:101.73,9:101.85,9.0,17:109.62,14:108.05,24:107.36,77:121.87:16213163:16.75:10,69:124.56:10078599:16.75:0,69:120.87:4022432:17.7:1,70:121.8:3466459:19.3:60,70:118.29:3622674:16.15:1,69:118.2:4727909:16.15:0,69:117.05:3794537:16.15:0,69:116.52:2482706:16.15:0,69:115.69:2574436:16.15:0,69:114.84:2309793:16.15:0,69:115.65:2796382:16.15:0,69:117.99:3006608:14.3:3
BIDU_112919C105,162.0,162:103.69,172:103.87,203:104.86,210:102.9,214:101.73,221:101.85,231.0,234:109.62,227:108.05,225:107.36,250:121.87:16213163:17.0:137,222:124.56:10078599:19.9:16,221:120.87:4022432:19.9:0,221:121.8:3466459:16.55:4,217:118.29:3622674:13.8:6,213:118.2:4727909:13.8:0,213:117.05:3794537:13.8:0,U:116.52:2482706::,213:115.69:2574436:13.8:0,213:114.84:2309793:13.8:0,213:115.65:2796382:10.85:5,214:117.99:3006608:12.6:4
BIDU_112919C106,19.0,22:103.69,28:103.87,46:104.86,46:102.9,47:101.77,47:101.85,47.0,55:109.62,49:108.05,50:107.36,52:121.87:16213163:11.72:6,52:124.56:10078599:19.25:17,44:120.87:4022432:19.25:0,44:121.8:3466459:17.11:1,43:118.29:3622674:17.11:0,43:118.2:4727909:12.85:1,43:117.05:3794537:12.25:2,45:116.52:2482706:12.25:0,45:115.69:2574436:12.25:0,45:114.84:2309793:12.25:0,45:115.65:2796382:12.25:0,45:117.99:3006608:12.25:0
BIDU_112919C107,5.0,5:103.69,21:103.87,31:104.86,36:102.9,37:101.77,43:101.85,43.0,57:109.62,59:108.05,60:107.36,162:121.87:16213163:14.4:105,61:124.56:10078599:14.4:0,61:120.87:4022432:14.4:0,61:121.8:3466459:14.4:0,61:118.29:3622674:14.4:0,61:118.2:4727909:14.4:0,61:117.05:3794537:12.59:6,55:116.52:2482706:12.59:0,55:115.69:2574436:12.59:0,55:114.84:2309793:12.59:0,55:115.65:2796382:12.59:0,55:117.99:3006608:12.59:0
BIDU_112919C108,42.0,42:103.69,42:103.87,42:104.86,47:102.9,47:101.77,47:101.85,47.0,51:109.62,68:108.05,73:107.36,87:121.87:16213163:13.16:37,61:124.56:10078599:13.16:0,61:120.87:4022432:13.85:2,60:121.8:3466459:13.96:22,48:118.29:3622674:12.0:1,48:118.2:4727909:9.56:1,48:117.05:3794537:11.55:2,47:116.52:2482706:8.45:3,47:115.69:2574436:8.45:0,47:114.84:2309793:7.55:1,48:115.65:2796382:7.54:15,[49:117.99:3006608:10.26:2
BIDU_112919C109,25.0,25:103.69,25:103.87,25:104.86,25:102.9,25:101.77,25:101.85,25.0,25:109.62,32:108.05,35:107.36,37:121.87:16213163:12.75:8,35:124.56:10078599:16.77:5,30:120.87:4022432:16.77:0,30:121.8:3466459:16.77:0,30:118.29:3622674:16.77:0,30:118.2:4727909:16.77:0,30:117.05:3794537:16.77:0,30:116.52:2482706:16.77:0,30:115.69:2574436:16.77:0,30:114.84:2309793:16.77:0,30:115.65:2796382:16.77:0,[30:117.99:3006608:16.77:0
BIDU_112919C110,11.0,11:103.69,14:103.87,15:104.86,21:102.9,29:101.77,29:101.85,31.0,35:109.62,53:108.05,59:107.36,91:121.87:16213163:11.65:40,58:124.56:10078599:15.1:15,65:120.87:4022432:11.57:4,65:121.8:3466459:11.57:0,65:118.29:3622674:8.9:5,69:118.2:4727909:8.8:20,80:117.05:3794537:8.79:12,80:116.52:2482706:6.6:4,84:115.69:2574436:6.4:2,82:114.84:2309793:6.35:22,90:115.65:2796382:6.45:13,[91:117.99:3006608:7.45:25
BIDU_112919C111,24.0,24:103.69,24:103.87,25:104.86,27:102.9,27:101.77,29:101.85,29.0,29:109.62,30:108.05,30:107.36,30:121.87:16213163:11.4:8,30:124.56:10078599:16.26:2,30:120.87:4022432:16.26:0,30:121.8:3466459:12.35:1,30:118.29:3622674:12.35:0,30:118.2:4727909:12.35:0,30:117.05:3794537:8.17:1,31:116.52:2482706:8.17:0,31:115.69:2574436:5.25:2,32:114.84:2309793:5.3:15,47:115.65:2796382:4.45:0,[47:117.99:3006608:7.28:3
BIDU_112919C112,7.0,7:103.69,7:103.87,24:104.86,27:102.9,27:101.77,27:101.85,27.0,27:109.62,30:108.05,40:107.36,37:121.87:16213163:10.55:22,30:124.56:10078599:10.55:0,30:120.87:4022432:10.25:4,34:121.8:3466459:10.95:5,39:118.29:3622674:6.6:3,36:118.2:4727909:5.8:1,35:117.05:3794537:5.8:0,35:116.52:2482706:5.49:5,40:115.69:2574436:4.6:4,42:114.84:2309793:4.0:30,45:115.65:2796382:4.35:11,[48:117.99:3006608:6.1:6
BIDU_112919C113,8.0,7:103.69,7:103.87,7:104.86,8:102.9,6:101.77,6:101.85,6.0,6:109.62,14:108.05,16:107.36,16:121.87:16213163:6.41:1,17:124.56:10078599:14.0:1,16:120.87:4022432:14.0:0,16:121.8:3466459:14.0:0,16:118.29:3622674:6.53:2,17:118.2:4727909:6.53:0,17:117.05:3794537:5.2:7,23:116.52:2482706:4.9:2,24:115.69:2574436:3.95:4,28:114.84:2309793:3.4:50,58:115.65:2796382:3.6:16,[63:117.99:3006608:3.6:0
BIDU_112919C114,1.0,1:103.69,1:103.87,1:104.86,1:102.9,1:101.77,1:101.85,11.0,12:109.62,21:108.05,22:107.36,21:121.87:16213163:8.2:13,25:124.56:10078599:11.9:1,25:120.87:4022432:11.9:0,25:121.8:3466459:11.9:0,25:118.29:3622674:5.55:6,29:118.2:4727909:4.5:1,29:117.05:3794537:4.55:11,32:116.52:2482706:3.75:33,46:115.69:2574436:3.31:263,232:114.84:2309793:2.73:80,242:115.65:2796382:3.1:134,[282:117.99:3006608:4.6:59
BIDU_122019C60,5.0,5:103.69,5:103.87,5:104.86,5:102.9,5:101.77,5:101.85,5.0,5:109.62,5:108.05,5:107.36,5:121.87:16213163:49.3:0,5:124.56:10078599:49.3:0,5:120.87:4022432:49.3:0,5:121.8:3466459:49.3:0,5:118.29:3622674:49.3:0,5:118.2:4727909:58.0:3,2:117.05:3794537:58.0:0,2:116.52:2482706:58.0:0,2:115.69:2574436:58.0:0,2:114.84:2309793:58.0:0,2:115.65:2796382:58.0:0,2:117.99:3006608:58.0:0
BIDU_122019C65,4.0,4:103.69,4:103.87,4:104.86,4:102.9,4:101.77,4:101.85,4.0,4:109.62,4:108.05,4:107.36,4:121.87:16213163:48.0:0,4:124.56:10078599:48.0:0,4:120.87:4022432:48.0:0,4:121.8:3466459:48.0:0,4:118.29:3622674:48.0:0,4:118.2:4727909:48.0:0,4:117.05:3794537:48.0:0,4:116.52:2482706:48.0:0,:115.69:2574436:U:U,4:114.84:2309793:48.0:0,U:115.65:2796382:U:U,4:117.99:3006608:48.0:0
BIDU_122019C70,13.0,13:103.69,13:103.87,18:104.86,18:102.9,18:101.77,18:101.85,18.0,18:109.62,18:108.05,18:107.36,18:121.87:16213163:34.3:0,18:124.56:10078599:34.3:0,18:120.87:4022432:34.3:0,18:121.8:3466459:34.3:0,18:118.29:3622674:34.3:0,18:118.2:4727909:34.3:0,18:117.05:3794537:34.3:0,18:116.52:2482706:34.3:0,18:115.69:2574436:34.3:0,U:114.84:2309793:U:U,18:115.65:2796382:45.03:1,17:117.99:3006608:45.03:0
BIDU_122019C75,200.0,200:103.69,200:103.87,200:104.86,200:102.9,200:101.77,200:101.85,200.0,200:109.62,201:108.05,201:107.36,201:121.87:16213163:35.58:0,201:124.56:10078599:35.58:0,201:120.87:4022432:35.58:0,201:121.8:3466459:35.58:0,201:118.29:3622674:35.58:0,201:118.2:4727909:35.58:0,201:117.05:3794537:35.58:0,201:116.52:2482706:35.58:0,:115.69:2574436:U:U,U:114.84:2309793:U:U,201:115.65:2796382:35.58:0,201:117.99:3006608:35.58:0
BIDU_122019C80,66.0,66:103.69,66:103.87,66:104.86,66:102.9,66:101.77,66:101.85,66.0,66:109.62,66:108.05,71:107.36,71:121.87:16213163:27.48:0,71:124.56:10078599:45.58:2,69:120.87:4022432:45.58:0,69:121.8:3466459:45.58:0,69:118.29:3622674:45.58:0,69:118.2:4727909:45.58:0,69:117.05:3794537:45.58:0,69:116.52:2482706:45.58:0,69:115.69:2574436:45.58:0,69:114.84:2309793:45.58:0,U:115.65:2796382:U:U,69:117.99:3006608:45.58:0
BIDU_122019C85,36.0,36:103.69,36:103.87,36:104.86,36:102.9,36:101.77,36:101.85,36.0,36:109.62,36:108.05,36:107.36,36:121.87:16213163:17.45:0,36:124.56:10078599:17.45:0,36:120.87:4022432:17.45:0,36:121.8:3466459:17.45:0,36:118.29:3622674:17.45:0,36:118.2:4727909:17.45:0,36:117.05:3794537:17.45:0,U:116.52:2482706::,36:115.69:2574436:17.45:0,U:114.84:2309793:U:U,36:115.65:2796382:17.45:0,36:117.99:3006608:17.45:0
BIDU_122019C90,2677.0,2677:103.69,2677:103.87,2677:104.86,2677:102.9,2677:101.77,2677:101.85,2677.0,2677:109.62,2677:108.05,2677:107.36,2677:121.87:16213163:28.0:11,2677:124.56:10078599:35.04:21,2673:120.87:4022432:35.04:0,2673:121.8:3466459:35.04:0,2673:118.29:3622674:35.04:0,2673:118.2:4727909:28.3:1,2673:117.05:3794537:29.0:2,U:116.52:2482706::,2673:115.69:2574436:29.0:0,2673:114.84:2309793:29.0:0,2673:115.65:2796382:29.0:0,2673:117.99:3006608:29.0:0
BIDU_122019C95,603.0,603:103.69,601:103.87,604:104.86,608:102.9,623:101.77,613:101.85,598.0,599:109.62,586:108.05,587:107.36,587:121.87:16213163:27.35:3,586:124.56:10078599:27.35:0,586:120.87:4022432:27.35:0,586:121.8:3466459:28.42:2,586:118.29:3622674:28.42:0,586:118.2:4727909:28.42:0,586:117.05:3794537:28.42:0,U:116.52:2482706::,586:115.69:2574436:28.42:0,586:114.84:2309793:28.42:0,586:115.65:2796382:28.42:0,586:117.99:3006608:28.42:0
BIDU_122019C100,1809.0,1812:103.69,1811:103.87,1825:104.86,1827:102.9,1827:101.75,1828:101.85,1828.0,1846:109.62,1811:108.05,1814:107.36,1865:121.87:16213163:22.0:151,1758:124.56:10078599:25.15:44,1721:120.87:4022432:21.7:21,1720:121.8:3466459:22.15:14,1707:118.29:3622674:18.58:4,1704:118.2:4727909:18.58:0,1704:117.05:3794537:18.58:0,U:116.52:2482706::,1513:115.69:2574436:16.65:0,1513:114.84:2309793:16.65:0,1513:115.65:2796382:16.18:1,1513:117.99:3006608:18.6:11
BIDU_122019C105,2632.0,2704:103.69,2715:103.87,2760:104.86,2762:102.9,2814:101.75,2856:101.85,2855.0,3113:109.62,2945:108.05,2959:107.36,2538:121.87:16213163:18.31:826,2475:124.56:10078599:20.2:524,2397:120.87:4022432:17.1:26,2399:121.8:3466459:18.78:7,2396:118.29:3622674:14.1:22,2408:118.2:4727909:14.05:1,2408:117.05:3794537:14.54:8,2400:116.52:2482706:12.3:3,2401:115.69:2574436:11.73:1,2401:114.84:2309793:10.82:4,2399:115.65:2796382:11.27:2,2397:117.99:3006608:13.8:23
BIDU_122019C110,6603.0,6566:103.69,6719:103.87,6737:104.86,6767:102.9,6757:101.75,6761:101.85,6719.0,6736:109.62,6828:108.05,6868:107.36,6970:121.87:16213163:13.8:927,6771:124.56:10078599:15.78:263,6724:120.87:4022432:12.63:145,6680:121.8:3466459:13.71:163,6609:118.29:3622674:10.0:42,6606:118.2:4727909:10.3:451,6821:117.05:3794537:8.95:82,6790:116.52:2482706:8.23:66,6765:115.69:2574436:7.95:20,6754:114.84:2309793:7.45:421,6975:115.65:2796382:7.7:192,[6732:117.99:3006608:9.4:53
BIDU_122019C115,2333.0,2352:103.69,2369:103.87,2432:104.86,3027:102.9,3028:101.75,3062:101.85,2781.0,2835:109.62,3723:108.05,3598:107.36,4067:121.87:16213163:10.14:1669,4601:124.56:10078599:11.55:226,4604:120.87:4022432:8.8:144,4637:121.8:3466459:8.95:115,4623:118.29:3622674:6.59:444,4321:118.2:4727909:6.55:187,4389:117.05:3794537:5.71:451,4711:116.52:2482706:5.13:53,4723:115.69:2574436:4.73:95,4720:114.84:2309793:4.21:661,4171:115.65:2796382:4.35:293,[4027:117.99:3006608:5.82:332
BIDU_122019C120,3007.0,3057:103.69,3135:103.87,2877:104.86,3020:102.9,3037:101.75,3142:101.85,3150.0,3249:109.62,3294:108.05,3456:107.36,3708:121.87:16213163:6.95:3066,4139:124.56:10078599:7.9:976,4024:120.87:4022432:5.7:373,4097:121.8:3466459:6.01:136,4101:118.29:3622674:4.2:625,4492:118.2:4727909:4.0:538,4653:117.05:3794537:3.25:1865,5621:116.52:2482706:2.84:1004,5684:115.69:2574436:2.6:536,5731:114.84:2309793:2.22:1258,5792:115.65:2796382:2.32:678,[5707:117.99:3006608:3.1:1371
BIDU_122019C125,2158.0,2168:103.69,2183:103.87,2469:104.86,3517:102.9,3911:101.79,3902:101.85,2801.0,2973:109.62,4048:108.05,3815:107.36,4419:121.87:16213163:4.5:1385,4600:124.56:10078599:5.2:3091,6186:120.87:4022432:3.45:776,6602:121.8:3466459:3.61:1850,5928:118.29:3622674:2.34:2060,6332:118.2:4727909:2.24:437,6525:117.05:3794537:1.76:2854,7916:116.52:2482706:1.45:1643,7327:115.69:2574436:1.34:271,7321:114.84:2309793:1.09:278,7389:115.65:2796382:1.09:441,[7400:117.99:3006608:1.6:871
BIDU_122019C130,2831.0,2833:103.69,2834:103.87,3048:104.86,3088:102.9,3127:101.79,3127:101.85,3156.0,2822:109.62,2826:108.05,6535:107.36,6700:121.87:16213163:2.85:2120,6695:124.56:10078599:3.18:3656,7183:120.87:4022432:1.97:917,7615:121.8:3466459:2.05:2587,9220:118.29:3622674:1.3:428,9156:118.2:4727909:1.17:733,9324:117.05:3794537:0.94:671,U:116.52:2482706::,9201:115.69:2574436:0.69:221,9221:114.84:2309793:0.58:205,9130:115.65:2796382:0.54:190,9111:117.99:3006608:0.74:538
BIDU_122019C135,1594.0,1600:103.69,1589:103.87,1583:104.86,1601:102.9,1601:101.79,1600:101.85,1600.0,1586:109.62,1601:108.05,1620:107.36,1640:121.87:16213163:1.8:625,1870:124.56:10078599:1.86:928,2195:120.87:4022432:1.11:353,2350:121.8:3466459:1.18:391,2567:118.29:3622674:0.66:118,2525:118.2:4727909:0.66:183,2468:117.05:3794537:0.48:214,U:116.52:2482706::,2379:115.69:2574436:0.35:51,2354:114.84:2309793:0.29:87,2285:115.65:2796382:0.28:92,2303:117.99:3006608:0.39:67
BIDU_122019C140,1290.0,1295:103.69,1295:103.87,1307:104.86,1303:102.9,1302:101.79,1303:101.85,1304.0,1304:109.62,1311:108.05,1308:107.36,1313:121.87:16213163:1.07:411,1420:124.56:10078599:1.1:1703,2402:120.87:4022432:0.63:437,2494:121.8:3466459:0.65:200,2441:118.29:3622674:0.38:303,2387:118.2:4727909:0.38:419,2381:117.05:3794537:0.32:63,2357:116.52:2482706:0.26:43,:115.69:2574436:U:U,2371:114.84:2309793:0.18:59,U:115.65:2796382:U:U,U:117.99:3006608:.0:U
BIDU_122019C145,1366.0,1344:103.69,1344:103.87,1344:104.86,1317:102.9,1314:101.79,1323:101.85,1323.0,1413:109.62,1426:108.05,1431:107.36,1437:121.87:16213163:0.66:273,1417:124.56:10078599:0.65:288,1502:120.87:4022432:0.38:201,1541:121.8:3466459:0.4:86,1547:118.29:3622674:0.25:22,1546:118.2:4727909:0.25:22,1542:117.05:3794537:0.21:13,1541:116.52:2482706:0.19:74,1501:115.69:2574436:0.16:13,U:114.84:2309793:U:U,1500:115.65:2796382:0.11:11,1490:117.99:3006608:0.14:2
BIDU_122019C150,2295.0,2295:103.69,2295:103.87,2295:104.86,2285:102.9,2285:101.79,2285:101.85,2374.0,2374:109.62,2402:108.05,2391:107.36,2426:121.87:16213163:0.45:704,2260:124.56:10078599:0.38:838,2446:120.87:4022432:0.25:488,2535:121.8:3466459:0.27:560,2789:118.29:3622674:0.17:214,2965:118.2:4727909:0.2:391,2859:117.05:3794537:0.18:55,2890:116.52:2482706:0.15:140,2891:115.69:2574436:0.12:91,2871:114.84:2309793:0.09:516,2549:115.65:2796382:0.08:10,2545:117.99:3006608:0.09:63
BIDU_122019C155,337.0,337:103.69,337:103.87,337:104.86,337:102.9,329:101.79,329:101.85,329.0,329:109.62,329:108.05,329:107.36,330:121.87:16213163:0.27:94,401:124.56:10078599:0.27:111,457:120.87:4022432:0.16:4,453:121.8:3466459:0.19:5,454:118.29:3622674:0.11:7,452:118.2:4727909:0.08:10,452:117.05:3794537:0.11:12,450:116.52:2482706:0.11:0,:115.69:2574436:U:U,450:114.84:2309793:0.11:0,449:115.65:2796382:0.07:0,449:117.99:3006608:0.06:13
BIDU_120619C107,0.0,0:103.69,0:103.87,0:104.86,0:102.9,0:101.79,0:101.85,0.0,5:109.62,5:108.05,10:107.36,14:121.87:16213163:14.04:5,15:124.56:10078599:20.6:1,15:120.87:4022432:20.6:0,15:121.8:3466459:20.6:0,15:118.29:3622674:20.6:0,15:118.2:4727909:20.6:0,15:117.05:3794537:20.6:0,15:116.52:2482706:20.6:0,15:115.69:2574436:20.6:0,15:114.84:2309793:9.62:1,14:115.65:2796382:9.62:0,14:117.99:3006608:9.62:0
BIDU_120619C98.5,0.0,0:103.69,0:103.87,0:104.86,0:102.9,0:101.79,0:101.85,0.0,0:109.62,0:108.05,0:107.36,0:121.87:16213163:0.0:0,0:124.56:10078599:0.0:0,0:120.87:4022432:0.0:0,0:121.8:3466459:0.0:0,0:118.29:3622674:0.0:0,0:118.2:4727909:0.0:0,0:117.05:3794537:0.0:0,U:116.52:2482706::,0:115.69:2574436:0.0:0,0:114.84:2309793:0.0:0,0:115.65:2796382:0.0:0,0:117.99:3006608:0.0:0
BIDU_120619C112,0.0,0:103.69,1:103.87,1:104.86,2:102.9,2:101.79,2:101.85,2.0,4:109.62,15:108.05,15:107.36,15:121.87:16213163:10.3:11,25:124.56:10078599:10.3:0,25:120.87:4022432:10.3:0,25:121.8:3466459:10.3:0,25:118.29:3622674:7.63:1,25:118.2:4727909:7.63:0,25:117.05:3794537:7.63:0,25:116.52:2482706:6.15:1,25:115.69:2574436:6.15:0,25:114.84:2309793:4.7:11,34:115.65:2796382:5.25:10,[29:117.99:3006608:7.0:10
BIDU_120619C111,0.0,0:103.69,0:103.87,0:104.86,0:102.9,1:101.79,1:101.85,1.0,21:109.62,27:108.05,27:107.36,27:121.87:16213163:10.73:6,23:124.56:10078599:10.73:0,23:120.87:4022432:12.35:1,24:121.8:3466459:12.35:0,24:118.29:3622674:8.23:1,23:118.2:4727909:8.23:0,23:117.05:3794537:8.23:0,23:116.52:2482706:8.23:0,23:115.69:2574436:8.23:0,23:114.84:2309793:5.35:1,24:115.65:2796382:6.15:2,[24:117.99:3006608:6.15:0
BIDU_120619C97,0.0,0:103.69,0:103.87,0:104.86,0:102.9,0:101.79,0:101.85,0.0,4:109.62,4:108.05,4:107.36,4:121.87:16213163:9.31:0,4:124.56:10078599:9.31:0,4:120.87:4022432:9.31:0,4:121.8:3466459:9.31:0,4:118.29:3622674:9.31:0,4:118.2:4727909:9.31:0,4:117.05:3794537:9.31:0,U:116.52:2482706::,:115.69:2574436:U:U,4:114.84:2309793:9.31:0,4:115.65:2796382:9.31:0,4:117.99:3006608:9.31:0
BIDU_120619C109,0.0,0:103.69,0:103.87,0:104.86,0:102.9,6:101.79,7:101.85,8.0,21:109.62,21:108.05,31:107.36,38:121.87:16213163:12.85:36,37:124.56:10078599:12.85:0,37:120.87:4022432:12.75:2,37:121.8:3466459:12.75:0,37:118.29:3622674:12.75:0,37:118.2:4727909:12.75:0,37:117.05:3794537:8.81:6,31:116.52:2482706:8.81:0,31:115.69:2574436:8.81:0,31:114.84:2309793:7.0:5,32:115.65:2796382:7.45:1,[33:117.99:3006608:9.45:1
BIDU_120619C110,0.0,0:103.69,0:103.87,80:104.86,90:102.9,91:101.79,91:101.85,94.0,104:109.62,111:108.05,111:107.36,105:121.87:16213163:12.65:62,83:124.56:10078599:15.73:1,83:120.87:4022432:15.73:0,83:121.8:3466459:15.73:0,83:118.29:3622674:9.3:4,82:118.2:4727909:9.38:1,81:117.05:3794537:9.38:0,81:116.52:2482706:9.38:0,81:115.69:2574436:9.38:0,81:114.84:2309793:9.38:0,82:115.65:2796382:9.38:0,[82:117.99:3006608:9.38:0
BIDU_112919C97,0.0,0:103.69,0:103.87,0:104.86,0:102.9,10:101.79,10:101.85,10.0,10:109.62,10:108.05,10:107.36,10:121.87:16213163:8.15:0,10:124.56:10078599:8.15:0,10:120.87:4022432:8.15:0,10:121.8:3466459:8.15:0,10:118.29:3622674:8.15:0,10:118.2:4727909:8.15:0,10:117.05:3794537:8.15:0,U:116.52:2482706::,10:115.69:2574436:8.15:0,10:114.84:2309793:8.15:0,10:115.65:2796382:8.15:0,10:117.99:3006608:8.15:0
BIDU_120619C106,0.0,0:103.69,0:103.87,0:104.86,0:102.9,0:101.79,0:101.85,0.0,24:109.62,39:108.05,39:107.36,39:121.87:16213163:15.0:20,39:124.56:10078599:15.0:0,39:120.87:4022432:15.0:0,39:121.8:3466459:15.0:0,39:118.29:3622674:13.0:10,49:118.2:4727909:13.0:0,49:117.05:3794537:13.0:0,U:116.52:2482706::,49:115.69:2574436:13.0:0,49:114.84:2309793:9.4:2,50:115.65:2796382:9.4:0,50:117.99:3006608:9.4:0
BIDU_120619C104,0.0,0:103.69,0:103.87,0:104.86,0:102.9,0:101.79,0:101.85,0.0,0:109.62,0:108.05,0:107.36,0:121.87:16213163:0.0:0,0:124.56:10078599:0.0:0,0:120.87:4022432:0.0:0,0:121.8:3466459:0.0:0,0:118.29:3622674:0.0:0,0:118.2:4727909:0.0:0,0:117.05:3794537:0.0:0,U:116.52:2482706::,0:115.69:2574436:0.0:0,0:114.84:2309793:0.0:0,U:115.65:2796382:U:U,0:117.99:3006608:14.04:2
BIDU_120619C113,0.0,0:103.69,0:103.87,4:104.86,5:102.9,5:101.79,5:101.85,11.0,13:109.62,25:108.05,25:107.36,30:121.87:16213163:7.0:5,30:124.56:10078599:7.0:0,30:120.87:4022432:9.3:2,32:121.8:3466459:9.3:0,32:118.29:3622674:9.3:0,32:118.2:4727909:5.62:1,31:117.05:3794537:5.62:0,31:116.52:2482706:5.15:12,43:115.69:2574436:4.7:12,43:114.84:2309793:3.9:5,48:115.65:2796382:3.9:0,[48:117.99:3006608:3.9:0
BIDU_120619C108,0.0,0:103.69,1:103.87,2:104.86,3:102.9,3:101.79,3:101.85,3.0,5:109.62,5:108.05,11:107.36,19:121.87:16213163:15.0:12,19:124.56:10078599:16.8:2,21:120.87:4022432:16.8:0,21:121.8:3466459:16.8:0,21:118.29:3622674:16.8:0,21:118.2:4727909:9.45:1,20:117.05:3794537:9.45:0,20:116.52:2482706:8.96:2,20:115.69:2574436:8.5:4,20:114.84:2309793:8.5:0,20:115.65:2796382:7.25:1,[21:117.99:3006608:7.25:0
BIDU_120619C97.5,0.0,0:103.69,0:103.87,0:104.86,0:102.9,0:101.79,0:101.85,0.0,0:109.62,0:108.05,0:107.36,0:121.87:16213163:0.0:0,0:124.56:10078599:0.0:0,0:120.87:4022432:0.0:0,0:121.8:3466459:0.0:0,0:118.29:3622674:0.0:0,0:118.2:4727909:0.0:0,0:117.05:3794537:0.0:0,U:116.52:2482706::,0:115.69:2574436:0.0:0,0:114.84:2309793:0.0:0,0:115.65:2796382:0.0:0,0:117.99:3006608:0.0:0
BIDU_120619C103,0.0,0:103.69,0:103.87,0:104.86,0:102.9,13:101.79,18:101.85,18.0,33:109.62,28:108.05,38:107.36,48:121.87:16213163:17.6:40,42:124.56:10078599:17.6:0,42:120.87:4022432:17.6:0,42:121.8:3466459:17.6:0,42:118.29:3622674:17.6:0,42:118.2:4727909:17.6:0,42:117.05:3794537:17.6:0,U:116.52:2482706::,42:115.69:2574436:17.6:0,42:114.84:2309793:17.6:0,42:115.65:2796382:17.6:0,42:117.99:3006608:17.6:0
BIDU_120619C101,0.0,0:103.69,0:103.87,0:104.86,0:102.9,0:101.83,1:101.85,1.0,2:109.62,2:108.05,4:107.36,3:121.87:16213163:20.36:3,3:124.56:10078599:20.36:0,3:120.87:4022432:20.36:0,3:121.8:3466459:20.36:0,3:118.29:3622674:20.36:0,3:118.2:4727909:20.36:0,3:117.05:3794537:20.36:0,3:116.52:2482706:20.36:0,3:115.69:2574436:20.36:0,U:114.84:2309793:U:U,3:115.65:2796382:20.36:0,3:117.99:3006608:20.36:0
BIDU_120619C99.5,0.0,0:103.69,0:103.87,0:104.86,0:102.9,0:101.85,0:101.85,0.0,0:109.62,0:108.05,0:107.36,0:121.87:16213163:0.0:0,0:124.56:10078599:0.0:0,0:120.87:4022432:0.0:0,0:121.8:3466459:0.0:0,0:118.29:3622674:0.0:0,0:118.2:4727909:0.0:0,0:117.05:3794537:0.0:0,0:116.52:2482706:0.0:0,0:115.69:2574436:0.0:0,0:114.84:2309793:0.0:0,0:115.65:2796382:0.0:0,0:117.99:3006608:0.0:0
BIDU_112219C97,0.0,9:103.69,9:103.87,9:104.86,9:102.9,9:101.85,9:101.85,9.0,9:109.62,10:108.05,10:107.36,10:121.87:16213163:12.7:0,10:124.56:10078599:12.7:0,10:120.87:4022432:12.7:0,10:121.8:3466459:12.7:0,10:118.29:3622674:12.7:0,10:118.2:4727909:12.7:0,10:117.05:3794537:12.7:0,10:116.52:2482706:12.7:0,10:115.69:2574436:12.7:0,10:114.84:2309793:12.7:0,U:115.65:2796382:U:U,10:117.99:3006608:12.7:0
BIDU_120619C105,0.0,0:103.69,0:103.87,0:104.86,0:102.9,0:101.85,0:101.85,0.0,1:109.62,1:108.05,1:107.36,2:121.87:16213163:16.01:9,10:124.56:10078599:16.01:0,10:120.87:4022432:16.61:1,9:121.8:3466459:16.61:0,9:118.29:3622674:13.88:1,9:118.2:4727909:13.88:0,9:117.05:3794537:13.42:12,U:116.52:2482706::,21:115.69:2574436:13.42:0,21:114.84:2309793:13.42:0,21:115.65:2796382:13.42:0,21:117.99:3006608:13.42:0
BIDU_120619C100,0.0,0:103.69,0:103.87,0:104.86,0:102.9,0:101.85,0:101.85,0.0,0:109.62,0:108.05,0:107.36,0:121.87:16213163:0.0:0,0:124.56:10078599:0.0:0,0:120.87:4022432:0.0:0,0:121.8:3466459:0.0:0,0:118.29:3622674:0.0:0,0:118.2:4727909:0.0:0,0:117.05:3794537:0.0:0,0:116.52:2482706:0.0:0,0:115.69:2574436:0.0:0,0:114.84:2309793:0.0:0,0:115.65:2796382:0.0:0,0:117.99:3006608:0.0:0
BIDU_120619C98,0.0,0:103.69,0:103.87,0:104.86,0:102.9,0:101.85,0:101.85,0.0,0:109.62,0:108.05,0:107.36,0:121.87:16213163:0.0:0,0:124.56:10078599:0.0:0,0:120.87:4022432:0.0:0,0:121.8:3466459:0.0:0,0:118.29:3622674:0.0:0,0:118.2:4727909:0.0:0,0:117.05:3794537:0.0:0,0:116.52:2482706:0.0:0,0:115.69:2574436:0.0:0,0:114.84:2309793:0.0:0,0:115.65:2796382:0.0:0,0:117.99:3006608:0.0:0
BIDU_120619C99,0.0,0:103.69,0:103.87,0:104.86,0:102.9,1:101.85,1:101.85,1.0,1:109.62,1:108.05,1:107.36,1:121.87:16213163:19.36:1,1:124.56:10078599:19.36:0,1:120.87:4022432:19.36:0,1:121.8:3466459:19.36:0,1:118.29:3622674:19.36:0,1:118.2:4727909:19.36:0,1:117.05:3794537:19.36:0,1:116.52:2482706:19.36:0,:115.69:2574436:U:U,1:114.84:2309793:19.36:0,1:115.65:2796382:19.36:0,1:117.99:3006608:19.36:0
BIDU_120619C102,0.0,0:103.69,0:103.87,0:104.86,0:102.9,3:101.85,4:101.85,4.0,4:109.62,4:108.05,4:107.36,4:121.87:16213163:5.53:0,4:124.56:10078599:5.53:0,4:120.87:4022432:5.53:0,4:121.8:3466459:5.53:0,4:118.29:3622674:5.53:0,4:118.2:4727909:5.53:0,4:117.05:3794537:15.24:3,1:116.52:2482706:15.24:0,1:115.69:2574436:15.24:0,1:114.84:2309793:15.24:0,1:115.65:2796382:15.24:0,1:117.99:3006608:15.24:0
BIDU_120619C114,0.0,0,0,2:104.86,2:102.9,2:101.88,3:101.85,3.0,9:109.62,9:108.05,9:107.36,11:121.87:16213163:8.55:22,21:124.56:10078599:11.87:7,15:120.87:4022432:8.65:9,13:121.8:3466459:10.09:1,12:118.29:3622674:6.1:3,13:118.2:4727909:6.1:0,13:117.05:3794537:7.0:11,20:116.52:2482706:7.0:0,20:115.69:2574436:4.7:2,22:114.84:2309793:4.05:17,21:115.65:2796382:3.8:25,[41:117.99:3006608:5.2:24
BIDU_112919C96.5,0.0,0,0,0,0:102.9,0:101.88,0:101.85,0.0,0:109.62,0:108.05,0:107.36,0:121.87:16213163:0.0:0,0:124.56:10078599:0.0:0,0:120.87:4022432:0.0:0,0:121.8:3466459:0.0:0,0:118.29:3622674:0.0:0,0:118.2:4727909:0.0:0,0:117.05:3794537:0.0:0,U:116.52:2482706::,:115.69:2574436:U:U,0:114.84:2309793:0.0:0,0:115.65:2796382:0.0:0,0:117.99:3006608:0.0:0
BIDU_120619C96.5,0.0,0,0,0,0:102.9,0:101.88,0:101.85,0.0,0:109.62,0:108.05,0:107.36,0:121.87:16213163:0.0:0,0:124.56:10078599:0.0:0,0:120.87:4022432:0.0:0,0:121.8:3466459:0.0:0,0:118.29:3622674:0.0:0,0:118.2:4727909:0.0:0,0:117.05:3794537:0.0:0,U:116.52:2482706::,0:115.69:2574436:0.0:0,0:114.84:2309793:0.0:0,0:115.65:2796382:0.0:0,0:117.99:3006608:0.0:0
BIDU_112219C96.5,0.0,0,0,0,0:102.9,5:101.88,5:101.85,5.0,5:109.62,5:108.05,5:107.36,5:121.87:16213163:8.7:0,5:124.56:10078599:8.7:0,5:120.87:4022432:8.7:0,5:121.8:3466459:8.7:0,5:118.29:3622674:8.7:0,5:118.2:4727909:8.7:0,5:117.05:3794537:8.7:0,5:116.52:2482706:8.7:0,5:115.69:2574436:8.7:0,5:114.84:2309793:8.7:0,5:115.65:2796382:8.7:0,5:117.99:3006608:8.7:0
BIDU_121319C100,0.0,0,0,0,0,0,0:101.85,0.0,40:109.62,42:108.05,42:107.36,42:121.87:16213163:21.3:7,36:124.56:10078599:21.3:0,36:120.87:4022432:21.3:0,36:121.8:3466459:22.87:15,21:118.29:3622674:22.87:0,21:118.2:4727909:22.87:0,21:117.05:3794537:22.87:0,U:116.52:2482706::,21:115.69:2574436:22.87:0,U:114.84:2309793:U:U,21:115.65:2796382:15.45:0,21:117.99:3006608:15.45:0
BIDU_121319C110,0.0,0,0,0,0,0,0:101.85,1.0,8:109.62,84:108.05,94:107.36,106:121.87:16213163:13.2:173,157:124.56:10078599:15.9:34,175:120.87:4022432:12.04:3,176:121.8:3466459:13.59:3,176:118.29:3622674:10.1:10,166:118.2:4727909:8.76:1,165:117.05:3794537:9.45:22,185:116.52:2482706:7.89:1,185:115.69:2574436:7.89:0,185:114.84:2309793:6.6:8,187:115.65:2796382:6.6:0,[187:117.99:3006608:8.65:21
BIDU_121319C101,0.0,0,0,0,0,0,0:101.85,0.0,2:109.62,2:108.05,2:107.36,2:121.87:16213163:6.53:0,2:124.56:10078599:6.53:0,2:120.87:4022432:6.53:0,2:121.8:3466459:6.53:0,2:118.29:3622674:6.53:0,2:118.2:4727909:6.53:0,2:117.05:3794537:6.53:0,U:116.52:2482706::,2:115.69:2574436:6.53:0,2:114.84:2309793:15.27:2,2:115.65:2796382:15.27:0,2:117.99:3006608:15.27:0
BIDU_121319C106,0.0,0,0,0,0,0,0:101.85,0.0,0:109.62,41:108.05,48:107.36,65:121.87:16213163:16.08:43,32:124.56:10078599:19.19:20,26:120.87:4022432:19.19:0,26:121.8:3466459:19.19:0,26:118.29:3622674:19.19:0,26:118.2:4727909:19.19:0,26:117.05:3794537:19.19:0,U:116.52:2482706::,26:115.69:2574436:19.19:0,26:114.84:2309793:10.86:2,26:115.65:2796382:10.86:0,26:117.99:3006608:10.86:0
BIDU_121319C96.5,0.0,0,0,0,0,0,0:101.85,0.0,0:109.62,0:108.05,0:107.36,0:121.87:16213163:0.0:0,0:124.56:10078599:0.0:0,0:120.87:4022432:0.0:0,0:121.8:3466459:0.0:0,0:118.29:3622674:0.0:0,0:118.2:4727909:0.0:0,0:117.05:3794537:0.0:0,0:116.52:2482706:0.0:0,:115.69:2574436:U:U,0:114.84:2309793:0.0:0,0:115.65:2796382:0.0:0,0:117.99:3006608:0.0:0
BIDU_121319C105,0.0,0,0,0,0,0,0:101.85,2.0,5:109.62,13:108.05,13:107.36,14:121.87:16213163:6.63:0,14:124.56:10078599:6.63:0,14:120.87:4022432:16.48:1,14:121.8:3466459:16.48:0,14:118.29:3622674:16.48:0,14:118.2:4727909:16.48:0,14:117.05:3794537:16.48:0,14:116.52:2482706:16.48:0,:115.69:2574436:U:U,14:114.84:2309793:16.48:0,14:115.65:2796382:16.48:0,14:117.99:3006608:16.48:0
BIDU_121319C99,0.0,0,0,0,0,0,0:101.85,0.0,0:109.62,0:108.05,0:107.36,0:121.87:16213163:0.0:0,0:124.56:10078599:0.0:0,0:120.87:4022432:0.0:0,0:121.8:3466459:0.0:0,0:118.29:3622674:0.0:0,0:118.2:4727909:0.0:0,0:117.05:3794537:0.0:0,0:116.52:2482706:0.0:0,0:115.69:2574436:0.0:0,0:114.84:2309793:0.0:0,0:115.65:2796382:0.0:0,0:117.99:3006608:0.0:0
BIDU_121319C102,0.0,0,0,0,0,0,0:101.85,0.0,2:109.62,2:108.05,2:107.36,2:121.87:16213163:6.03:0,2:124.56:10078599:6.03:0,2:120.87:4022432:6.03:0,2:121.8:3466459:6.03:0,2:118.29:3622674:6.03:0,2:118.2:4727909:6.03:0,2:117.05:3794537:6.03:0,2:116.52:2482706:6.03:0,2:115.69:2574436:6.03:0,2:114.84:2309793:14.31:2,2:115.65:2796382:14.31:0,2:117.99:3006608:14.31:0
BIDU_121319C111,0.0,0,0,0,0,0,0:101.85,0.0,6:109.62,63:108.05,73:107.36,88:121.87:16213163:12.34:46,58:124.56:10078599:14.62:20,52:120.87:4022432:14.62:0,52:121.8:3466459:14.62:0,52:118.29:3622674:14.62:0,52:118.2:4727909:14.62:0,52:117.05:3794537:14.62:0,52:116.52:2482706:14.62:0,52:115.69:2574436:14.62:0,52:114.84:2309793:6.8:2,52:115.65:2796382:6.8:0,[52:117.99:3006608:8.17:1
BIDU_120619C96,0.0,0,0,0,0,0,14:101.85,14.0,15:109.62,15:108.05,15:107.36,15:121.87:16213163:14.45:0,15:124.56:10078599:14.45:0,15:120.87:4022432:14.45:0,15:121.8:3466459:14.45:0,15:118.29:3622674:14.45:0,15:118.2:4727909:14.45:0,15:117.05:3794537:14.45:0,15:116.52:2482706:14.45:0,15:115.69:2574436:14.45:0,15:114.84:2309793:14.45:0,15:115.65:2796382:14.45:0,15:117.99:3006608:14.45:0
BIDU_121319C109,0.0,0,0,0,0,0,0:101.85,0.0,0:109.62,2:108.05,4:107.36,9:121.87:16213163:13.32:9,4:124.56:10078599:13.32:0,4:120.87:4022432:13.32:0,4:121.8:3466459:13.32:0,4:118.29:3622674:12.03:1,5:118.2:4727909:12.03:0,5:117.05:3794537:12.03:0,5:116.52:2482706:12.03:0,5:115.69:2574436:8.1:4,7:114.84:2309793:7.35:6,13:115.65:2796382:7.35:0,[13:117.99:3006608:7.35:0
BIDU_121319C96,0.0,0,0,0,0,0,0:101.85,1.0,1:109.62,1:108.05,1:107.36,1:121.87:16213163:13.15:0,1:124.56:10078599:13.15:0,1:120.87:4022432:13.15:0,1:121.8:3466459:13.15:0,1:118.29:3622674:13.15:0,1:118.2:4727909:13.15:0,1:117.05:3794537:13.15:0,1:116.52:2482706:13.15:0,1:115.69:2574436:13.15:0,U:114.84:2309793:U:U,U:115.65:2796382:.:U,1:117.99:3006608:13.15:0
BIDU_121319C103,0.0,0,0,0,0,0,0:101.85,0.0,5:109.62,5:108.05,5:107.36,5:121.87:16213163:10.4:0,5:124.56:10078599:10.4:0,5:120.87:4022432:10.4:0,5:121.8:3466459:10.4:0,5:118.29:3622674:16.22:1,4:118.2:4727909:16.22:0,4:117.05:3794537:16.22:0,U:116.52:2482706::,:115.69:2574436:U:U,4:114.84:2309793:16.22:0,U:115.65:2796382:U:U,5:117.99:3006608:16.22:0
BIDU_121319C107,0.0,0,0,0,0,0,0:101.85,0.0,6:109.62,8:108.05,9:107.36,39:121.87:16213163:14.25:11,39:124.56:10078599:14.25:0,39:120.87:4022432:14.85:3,42:121.8:3466459:16.15:2,43:118.29:3622674:16.15:0,43:118.2:4727909:12.2:2,43:117.05:3794537:10.95:1,43:116.52:2482706:10.1:1,44:115.69:2574436:10.1:0,44:114.84:2309793:9.05:2,44:115.65:2796382:9.9:1,43:117.99:3006608:9.9:0
BIDU_121319C108,0.0,0,0,0,0,0,0:101.85,0.0,6:109.62,6:108.05,7:107.36,7:121.87:16213163:10.25:1,6:124.56:10078599:10.25:0,6:120.87:4022432:10.25:0,6:121.8:3466459:10.25:0,6:118.29:3622674:10.25:0,6:118.2:4727909:10.25:0,6:117.05:3794537:10.25:0,6:116.52:2482706:10.25:0,6:115.69:2574436:10.25:0,6:114.84:2309793:8.1:17,23:115.65:2796382:8.1:0,[23:117.99:3006608:10.0:2
BIDU_121319C104,0.0,0,0,0,0,0,0:101.85,0.0,3:109.62,4:108.05,4:107.36,4:121.87:16213163:17.2:3,4:124.56:10078599:17.2:0,4:120.87:4022432:17.2:0,4:121.8:3466459:17.2:0,4:118.29:3622674:16.4:1,5:118.2:4727909:16.4:0,5:117.05:3794537:16.4:0,5:116.52:2482706:16.4:0,5:115.69:2574436:16.4:0,U:114.84:2309793:U:U,5:115.65:2796382:16.4:0,5:117.99:3006608:16.4:0
BIDU_112919C96,0.0,0,0,0,0,0,1:101.85,1.0,1:109.62,1:108.05,1:107.36,1:121.87:16213163:10.15:0,1:124.56:10078599:10.15:0,1:120.87:4022432:10.15:0,1:121.8:3466459:10.15:0,1:118.29:3622674:10.15:0,1:118.2:4727909:10.15:0,1:117.05:3794537:10.15:0,1:116.52:2482706:10.15:0,1:115.69:2574436:10.15:0,1:114.84:2309793:10.15:0,1:115.65:2796382:10.15:0,1:117.99:3006608:10.15:0
BIDU_121319C99.5,0.0,0,0,0,0,0,0:101.85,0.0,0:109.62,0:108.05,0:107.36,0:121.87:16213163:0.0:0,0:124.56:10078599:0.0:0,0:120.87:4022432:0.0:0,0:121.8:3466459:0.0:0,0:118.29:3622674:0.0:0,0:118.2:4727909:0.0:0,0:117.05:3794537:0.0:0,0:116.52:2482706:0.0:0,:115.69:2574436:U:U,0:114.84:2309793:0.0:0,0:115.65:2796382:0.0:0,0:117.99:3006608:0.0:0
BIDU_121319C97.5,0.0,0,0,0,0,0,0:101.85,0.0,0:109.62,0:108.05,0:107.36,0:121.87:16213163:0.0:0,0:124.56:10078599:0.0:0,0:120.87:4022432:0.0:0,0:121.8:3466459:0.0:0,0:118.29:3622674:0.0:0,0:118.2:4727909:0.0:0,0:117.05:3794537:0.0:0,0:116.52:2482706:0.0:0,0:115.69:2574436:0.0:0,U:114.84:2309793:U:U,0:115.65:2796382:0.0:0,0:117.99:3006608:0.0:0
BIDU_121319C97,0.0,0,0,0,0,0,0:101.85,0.0,0:109.62,0:108.05,0:107.36,0:121.87:16213163:0.0:0,0:124.56:10078599:0.0:0,0:120.87:4022432:0.0:0,0:121.8:3466459:0.0:0,0:118.29:3622674:0.0:0,0:118.2:4727909:0.0:0,0:117.05:3794537:0.0:0,U:116.52:2482706::,0:115.69:2574436:0.0:0,U:114.84:2309793:U:U,0:115.65:2796382:0.0:0,0:117.99:3006608:0.0:0
BIDU_121319C98,0.0,0,0,0,0,0,0:101.85,0.0,0:109.62,0:108.05,0:107.36,0:121.87:16213163:0.0:0,0:124.56:10078599:0.0:0,0:120.87:4022432:0.0:0,0:121.8:3466459:0.0:0,0:118.29:3622674:0.0:0,0:118.2:4727909:0.0:0,0:117.05:3794537:0.0:0,0:116.52:2482706:0.0:0,0:115.69:2574436:0.0:0,0:114.84:2309793:0.0:0,0:115.65:2796382:0.0:0,0:117.99:3006608:0.0:0
BIDU_121319C98.5,0.0,0,0,0,0,0,0:101.85,0.0,0:109.62,0:108.05,0:107.36,0:121.87:16213163:0.0:0,0:124.56:10078599:0.0:0,0:120.87:4022432:0.0:0,0:121.8:3466459:0.0:0,0:118.29:3622674:0.0:0,0:118.2:4727909:0.0:0,0:117.05:3794537:0.0:0,0:116.52:2482706:0.0:0,0:115.69:2574436:0.0:0,U:114.84:2309793:U:U,0:115.65:2796382:0.0:0,0:117.99:3006608:0.0:0
BIDU_112219C96,0.0,0,0,0,0,0,0:101.85,0.0,0:109.62,0:108.05,0:107.36,0:121.87:16213163:0.0:0,0:124.56:10078599:0.0:0,0:120.87:4022432:0.0:0,0:121.8:3466459:0.0:0,0:118.29:3622674:0.0:0,0:118.2:4727909:0.0:0,0:117.05:3794537:0.0:0,U:116.52:2482706::,:115.69:2574436:U:U,0:114.84:2309793:0.0:0,0:115.65:2796382:0.0:0,0:117.99:3006608:0.0:0
BIDU_121319C112,U,U,U,U,U,U,U,1.0,9:109.62,26:108.05,30:107.36,30:121.87:16213163:4.35:0,30:124.56:10078599:4.35:0,30:120.87:4022432:4.35:0,30:121.8:3466459:11.03:1,31:118.29:3622674:11.03:0,31:118.2:4727909:11.03:0,31:117.05:3794537:11.03:0,31:116.52:2482706:7.1:14,31:115.69:2574436:6.0:10,31:114.84:2309793:6.0:0,31:115.65:2796382:6.0:0,[31:117.99:3006608:7.11:17
BIDU_121319C113,U,U,U,U,U,U,U,0.0,4:109.62,14:108.05,19:107.36,21:121.87:16213163:10.1:8,19:124.56:10078599:12.8:1,19:120.87:4022432:12.8:0,19:121.8:3466459:12.8:0,19:118.29:3622674:12.8:0,19:118.2:4727909:12.8:0,19:117.05:3794537:12.8:0,19:116.52:2482706:5.7:1,19:115.69:2574436:5.7:0,19:114.84:2309793:4.7:5,24:115.65:2796382:4.7:0,[24:117.99:3006608:7.03:5
BIDU_121319C114,U,U,U,U,U,U,U,0.0,0:109.62,9:108.05,9:107.36,9:121.87:16213163:9.26:5,7:124.56:10078599:11.95:2,9:120.87:4022432:9.28:1,10:121.8:3466459:9.28:0,10:118.29:3622674:9.28:0,10:118.2:4727909:9.28:0,10:117.05:3794537:9.28:0,10:116.52:2482706:5.01:9,11:115.69:2574436:4.84:5,16:114.84:2309793:4.1:12,24:115.65:2796382:4.35:2,[24:117.99:3006608:6.23:7
BIDU_112219C115,U,U,U,U,U,U,U,U,643:109.62,385:108.05,426:107.36,450:121.87:16213163:8.4:1159,1057:124.56:10078599:10.3:84,1001:120.87:4022432:6.58:18,1001:121.8:3466459:8.0:4,1000:118.29:3622674:4.3:53,1022:118.2:4727909:4.13:1243,1747:117.05:3794537:3.26:233,1722:116.52:2482706:2.56:209,1723:115.69:2574436:1.87:457,1820:114.84:2309793:1.19:586,1833:115.65:2796382:1.12:1801,[2874:117.99:3006608:3.0:1958
BIDU_112219C116,U,U,U,U,U,U,U,U,29:109.62,27:108.05,27:107.36,36:121.87:16213163:6.17:29,42:124.56:10078599:9.4:23,59:120.87:4022432:5.9:7,57:121.8:3466459:7.15:5,62:118.29:3622674:3.8:85,97:118.2:4727909:3.66:22,98:117.05:3794537:2.52:60,102:116.52:2482706:1.93:258,170:115.69:2574436:1.29:999,459:114.84:2309793:0.8:555,614:115.65:2796382:0.66:3036,[1792:117.99:3006608:2.02:2560
BIDU_112219C117,U,U,U,U,U,U,U,U,56:109.62,71:108.05,71:107.36,143:121.87:16213163:6.95:1625,1499:124.56:10078599:8.4:31,1512:120.87:4022432:5.1:12,1518:121.8:3466459:6.05:4,1519:118.29:3622674:3.0:201,1540:118.2:4727909:2.97:180,1571:117.05:3794537:2.04:182,1585:116.52:2482706:1.34:916,1798:115.69:2574436:0.93:634,2005:114.84:2309793:0.5:1679,1897:115.65:2796382:0.31:423,[1950:117.99:3006608:1.1:3318
BIDU_112219C118,U,U,U,U,U,U,U,U,11:109.62,25:108.05,25:107.36,32:121.87:16213163:5.95:198,83:124.56:10078599:8.07:36,80:120.87:4022432:4.55:14,84:121.8:3466459:5.02:17,85:118.29:3622674:2.5:375,203:118.2:4727909:2.38:478,359:117.05:3794537:1.54:372,481:116.52:2482706:1.02:815,861:115.69:2574436:0.64:1033,1055:114.84:2309793:0.28:1127,1185:115.65:2796382:0.18:545,[1184:117.99:3006608:0.07:2819
BIDU_112219C119,U,U,U,U,U,U,U,U,4:109.62,10:108.05,10:107.36,60:121.87:16213163:5.45:75,84:124.56:10078599:6.89:30,86:120.87:4022432:4.15:2,85:121.8:3466459:4.09:36,101:118.29:3622674:2.08:140,146:118.2:4727909:1.93:436,236:117.05:3794537:1.18:783,610:116.52:2482706:0.76:365,755:115.69:2574436:0.41:677,989:114.84:2309793:0.19:1183,570:115.65:2796382:0.09:287,[597:117.99:3006608:0.01:819
BIDU_112919C115,U,U,U,U,U,U,U,U,109:109.62,124:108.05,140:107.36,166:121.87:16213163:8.75:412,430:124.56:10078599:10.1:168,395:120.87:4022432:7.2:149,371:121.8:3466459:7.2:0,371:118.29:3622674:5.36:24,363:118.2:4727909:4.9:70,369:117.05:3794537:3.75:36,369:116.52:2482706:3.3:292,521:115.69:2574436:3.03:85,554:114.84:2309793:2.12:242,560:115.65:2796382:2.17:189,[554:117.99:3006608:3.71:192
BIDU_112919C116,U,U,U,U,U,U,U,U,13:109.62,15:108.05,15:107.36,18:121.87:16213163:6.67:17,17:124.56:10078599:10.0:6,18:120.87:4022432:10.0:0,18:121.8:3466459:10.0:0,18:118.29:3622674:4.5:8,24:118.2:4727909:4.1:48,42:117.05:3794537:3.26:55,60:116.52:2482706:2.64:103,107:115.69:2574436:2.15:443,291:114.84:2309793:1.65:234,294:115.65:2796382:1.62:326,[374:117.99:3006608:3.05:525
BIDU_112919C117,U,U,U,U,U,U,U,U,4:109.62,5:108.05,4:107.36,9:121.87:16213163:6.65:47,25:124.56:10078599:8.73:4,25:120.87:4022432:6.25:3,26:121.8:3466459:6.85:3,27:118.29:3622674:3.66:11,28:118.2:4727909:3.65:361,248:117.05:3794537:2.69:168,194:116.52:2482706:2.02:129,233:115.69:2574436:1.67:366,259:114.84:2309793:1.26:687,308:115.65:2796382:1.2:426,[361:117.99:3006608:2.25:734
BIDU_112919C118,U,U,U,U,U,U,U,U,23:109.62,24:108.05,54:107.36,76:121.87:16213163:5.7:62,72:124.56:10078599:9.45:17,68:120.87:4022432:5.15:33,62:121.8:3466459:6.1:5,63:118.29:3622674:3.13:77,111:118.2:4727909:3.05:114,81:117.05:3794537:2.25:57,108:116.52:2482706:1.65:225,154:115.69:2574436:1.27:227,295:114.84:2309793:0.95:117,281:115.65:2796382:0.89:416,[393:117.99:3006608:1.67:1636
BIDU_112919C119,U,U,U,U,U,U,U,U,39:109.62,44:108.05,46:107.36,46:121.87:16213163:4.99:30,56:124.56:10078599:7.82:26,58:120.87:4022432:4.41:8,58:121.8:3466459:4.8:6,59:118.29:3622674:2.59:107,137:118.2:4727909:2.58:188,143:117.05:3794537:1.79:221,194:116.52:2482706:1.31:99,233:115.69:2574436:1.0:327,430:114.84:2309793:0.74:265,482:115.65:2796382:0.64:180,[434:117.99:3006608:1.23:1462
BIDU_120619C115,U,U,U,U,U,U,U,U,50:109.62,55:108.05,65:107.36,67:121.87:16213163:8.2:61,56:124.56:10078599:10.6:10,60:120.87:4022432:9.01:1,60:121.8:3466459:9.1:1,60:118.29:3622674:5.65:4,61:118.2:4727909:4.79:20,75:117.05:3794537:4.38:109,144:116.52:2482706:4.27:1,144:115.69:2574436:3.5:19,148:114.84:2309793:2.92:53,153:115.65:2796382:3.21:72,[189:117.99:3006608:4.6:44
BIDU_120619C116,U,U,U,U,U,U,U,U,11:109.62,22:108.05,25:107.36,25:121.87:16213163:7.5:6,25:124.56:10078599:7.5:0,24:120.87:4022432:7.09:3,27:121.8:3466459:7.09:0,27:118.29:3622674:5.4:3,30:118.2:4727909:4.98:3,31:117.05:3794537:4.98:0,31:116.52:2482706:3.35:35,42:115.69:2574436:2.93:37,48:114.84:2309793:2.51:37,58:115.65:2796382:2.56:105,[111:117.99:3006608:3.94:59
BIDU_120619C120,U,U,U,U,U,U,U,U,10:109.62,23:108.05,44:107.36,381:121.87:16213163:5.83:196,419:124.56:10078599:7.0:41,417:120.87:4022432:4.65:23,421:121.8:3466459:5.6:16,432:118.29:3622674:2.95:96,491:118.2:4727909:2.8:66,499:117.05:3794537:2.13:683,861:116.52:2482706:1.69:196,981:115.69:2574436:1.43:236,931:114.84:2309793:1.13:264,886:115.65:2796382:1.16:264,[1024:117.99:3006608:1.88:381
BIDU_120619C125,U,U,U,U,U,U,U,U,8:109.62,20:108.05,20:107.36,24:121.87:16213163:3.53:61,47:124.56:10078599:4.17:131,150:120.87:4022432:2.35:90,203:121.8:3466459:2.53:85,228:118.29:3622674:1.31:69,265:118.2:4727909:1.36:45,263:117.05:3794537:0.94:101,320:116.52:2482706:0.74:30,307:115.69:2574436:0.52:45,317:114.84:2309793:0.42:34,310:115.65:2796382:0.4:55,[303:117.99:3006608:0.63:198
BIDU_120619C130,U,U,U,U,U,U,U,U,2:109.62,3:108.05,101:107.36,103:121.87:16213163:1.57:174,104:124.56:10078599:2.15:312,318:120.87:4022432:1.13:136,323:121.8:3466459:1.28:29,320:118.29:3622674:0.59:333,220:118.2:4727909:0.6:13,223:117.05:3794537:0.46:36,U:116.52:2482706::,211:115.69:2574436:0.21:30,204:114.84:2309793:0.16:33,210:115.65:2796382:0.16:3,209:117.99:3006608:0.23:72
BIDU_121319C115,U,U,U,U,U,U,U,U,0:109.62,1:108.05,1:107.36,2:121.87:16213163:6.49:6,4:124.56:10078599:13.55:4,6:120.87:4022432:8.17:9,13:121.8:3466459:8.6:2,13:118.29:3622674:5.96:104,115:118.2:4727909:6.1:13,107:117.05:3794537:6.1:0,107:116.52:2482706:4.5:4,110:115.69:2574436:4.27:1,111:114.84:2309793:3.66:7,110:115.65:2796382:4.0:5,[110:117.99:3006608:5.55:9
BIDU_121319C116,U,U,U,U,U,U,U,U,2:109.62,7:108.05,15:107.36,15:121.87:16213163:7.67:7,18:124.56:10078599:10.55:14,32:120.87:4022432:7.88:8,36:121.8:3466459:7.88:0,36:118.29:3622674:5.43:10,46:118.2:4727909:5.36:8,50:117.05:3794537:4.62:17,38:116.52:2482706:4.11:62,84:115.69:2574436:3.67:10,94:114.84:2309793:3.25:37,96:115.65:2796382:3.45:21,[108:117.99:3006608:4.65:147
BIDU_121319C120,U,U,U,U,U,U,U,U,0:109.62,69:108.05,78:107.36,255:121.87:16213163:5.75:86,199:124.56:10078599:7.57:55,214:120.87:4022432:5.18:172,331:121.8:3466459:5.4:62,362:118.29:3622674:3.5:88,392:118.2:4727909:3.42:63,419:117.05:3794537:2.72:54,415:116.52:2482706:2.3:24,415:115.69:2574436:2.14:42,438:114.84:2309793:1.79:41,454:115.65:2796382:1.73:22,[447:117.99:3006608:2.58:44
BIDU_121319C125,U,U,U,U,U,U,U,U,0:109.62,5:108.05,6:107.36,324:121.87:16213163:3.97:45,340:124.56:10078599:4.75:60,347:120.87:4022432:2.89:100,374:121.8:3466459:3.1:75,401:118.29:3622674:1.73:52,445:118.2:4727909:1.88:101,467:117.05:3794537:1.38:105,469:116.52:2482706:1.11:50,469:115.69:2574436:1.27:16,467:114.84:2309793:0.93:28,459:115.65:2796382:0.72:16,[461:117.99:3006608:1.14:33
BIDU_121319C130,U,U,U,U,U,U,U,U,0:109.62,2:108.05,2:107.36,18:121.87:16213163:1.96:37,37:124.56:10078599:2.73:62,60:120.87:4022432:1.55:136,147:121.8:3466459:1.72:7,149:118.29:3622674:0.9:4,148:118.2:4727909:0.89:134,225:117.05:3794537:0.83:40,208:116.52:2482706:0.5:21,208:115.69:2574436:0.4:5,209:114.84:2309793:0.35:6,207:115.65:2796382:0.31:7,214:117.99:3006608:0.47:63
BIDU_112219C120,U,U,U,U,U,U,U,U,U,U,U,363:121.87:16213163:4.92:775,447:124.56:10078599:6.0:183,388:120.87:4022432:3.37:253,446:121.8:3466459:3.65:126,518:118.29:3622674:1.74:738,871:118.2:4727909:1.51:1006,1082:117.05:3794537:0.93:1453,1339:116.52:2482706:0.53:1710,1847:115.69:2574436:0.29:875,2119:114.84:2309793:0.11:692,2138:115.65:2796382:0.06:544,[1934:117.99:3006608:0.01:971
BIDU_112219C125,U,U,U,U,U,U,U,U,U,U,U,268:121.87:16213163:2.52:256,325:124.56:10078599:3.01:863,506:120.87:4022432:1.24:223,570:121.8:3466459:1.31:283,631:118.29:3622674:0.5:542,872:118.2:4727909:0.46:746,949:117.05:3794537:0.27:1727,2043:116.52:2482706:0.13:1997,2572:115.69:2574436:0.08:65,2563:114.84:2309793:0.05:75,2507:115.65:2796382:0.02:19,[2500:117.99:3006608:0.01:45
BIDU_112219C130,U,U,U,U,U,U,U,U,U,U,U,385:121.87:16213163:1.28:405,454:124.56:10078599:1.3:919,654:120.87:4022432:0.45:108,676:121.8:3466459:0.39:673,881:118.29:3622674:0.16:547,747:118.2:4727909:0.2:49,755:117.05:3794537:0.12:158,U:116.52:2482706::,:115.69:2574436:U:U,U:114.84:2309793:U:U,713:115.65:2796382:0.01:6,707:117.99:3006608:0.01:3
BIDU_112219C135,U,U,U,U,U,U,U,U,U,U,U,18:121.87:16213163:0.73:139,122:124.56:10078599:0.54:155,151:120.87:4022432:0.16:31,159:121.8:3466459:0.21:34,171:118.29:3622674:0.06:10,171:118.2:4727909:0.07:21,183:117.05:3794537:0.06:7,185:116.52:2482706:0.06:0,185:115.69:2574436:0.06:0,185:114.84:2309793:0.01:2,184:115.65:2796382:0.01:0,184:117.99:3006608:0.01:0
BIDU_112219C140,U,U,U,U,U,U,U,U,U,U,U,0:121.87:16213163:0.45:131,126:124.56:10078599:0.24:182,181:120.87:4022432:0.08:11,181:121.8:3466459:0.06:22,174:118.29:3622674:0.06:0,174:118.2:4727909:0.06:0,174:117.05:3794537:0.03:1,174:116.52:2482706:0.03:0,174:115.69:2574436:0.03:0,174:114.84:2309793:0.03:0,U:115.65:2796382:U:U,174:117.99:3006608:0.03:0
BIDU_112219C145,U,U,U,U,U,U,U,U,U,U,U,17:121.87:16213163:0.19:38,23:124.56:10078599:0.15:25,43:120.87:4022432:0.15:0,43:121.8:3466459:0.15:0,43:118.29:3622674:0.15:0,43:118.2:4727909:0.15:0,43:117.05:3794537:0.15:0,U:116.52:2482706::,43:115.69:2574436:0.15:0,43:114.84:2309793:0.15:0,43:115.65:2796382:0.01:2,41:117.99:3006608:0.01:0
BIDU_112919C120,U,U,U,U,U,U,U,U,U,U,U,891:121.87:16213163:5.4:862,1423:124.56:10078599:6.69:919,1278:120.87:4022432:4.0:159,1291:121.8:3466459:4.2:382,1243:118.29:3622674:2.31:1158,1144:118.2:4727909:2.14:622,1209:117.05:3794537:1.46:1050,1383:116.52:2482706:1.03:627,1511:115.69:2574436:0.77:763,1744:114.84:2309793:0.5:1643,1798:115.65:2796382:0.48:1136,[2042:117.99:3006608:0.88:4996
BIDU_112919C125,U,U,U,U,U,U,U,U,U,U,U,525:121.87:16213163:2.98:524,647:124.56:10078599:3.55:270,729:120.87:4022432:1.74:248,775:121.8:3466459:1.85:187,818:118.29:3622674:0.78:615,790:118.2:4727909:0.77:107,793:117.05:3794537:0.5:423,998:116.52:2482706:0.3:162,995:115.69:2574436:0.2:74,U:114.84:2309793:U:U,1017:115.65:2796382:0.1:218,[1136:117.99:3006608:0.17:393
BIDU_112919C130,U,U,U,U,U,U,U,U,U,U,U,211:121.87:16213163:1.54:275,218:124.56:10078599:1.7:340,299:120.87:4022432:0.71:235,434:121.8:3466459:0.69:244,384:118.29:3622674:0.3:188,375:118.2:4727909:0.3:44,388:117.05:3794537:0.21:349,U:116.52:2482706::,586:115.69:2574436:0.06:55,573:114.84:2309793:0.04:228,477:115.65:2796382:0.02:1,477:117.99:3006608:0.05:52
BIDU_112919C135,U,U,U,U,U,U,U,U,U,U,U,78:121.87:16213163:0.75:63,128:124.56:10078599:0.78:161,132:120.87:4022432:0.3:32,151:121.8:3466459:0.29:416,341:118.29:3622674:0.14:324,613:118.2:4727909:0.14:224,569:117.05:3794537:0.13:61,589:116.52:2482706:0.01:10,595:115.69:2574436:0.03:27,570:114.84:2309793:0.01:130,647:115.65:2796382:0.01:0,647:117.99:3006608:0.02:9
BIDU_112919C140,U,U,U,U,U,U,U,U,U,U,U,5:121.87:16213163:0.43:28,24:124.56:10078599:0.36:126,129:120.87:4022432:0.14:18,121:121.8:3466459:0.14:36,128:118.29:3622674:0.06:22,123:118.2:4727909:0.01:13,122:117.05:3794537:0.11:1,U:116.52:2482706::,98:115.69:2574436:0.02:0,98:114.84:2309793:0.02:0,98:115.65:2796382:0.02:0,98:117.99:3006608:0.02:0
BIDU_112919C145,U,U,U,U,U,U,U,U,U,U,U,12:121.87:16213163:0.11:0,12:124.56:10078599:0.18:34,39:120.87:4022432:0.09:18,33:121.8:3466459:0.1:8,40:118.29:3622674:0.03:3,40:118.2:4727909:0.06:12,40:117.05:3794537:0.06:0,U:116.52:2482706::,40:115.69:2574436:0.06:0,U:114.84:2309793:U:U,40:115.65:2796382:0.06:0,40:117.99:3006608:0.06:0
BIDU_120619C117,U,U,U,U,U,U,U,U,U,U,U,0:121.87:16213163:6.2:10,7:124.56:10078599:9.33:4,11:120.87:4022432:6.6:2,13:121.8:3466459:6.6:0,13:118.29:3622674:4.51:5,15:118.2:4727909:3.5:1,15:117.05:3794537:4.77:1,15:116.52:2482706:2.77:56,48:115.69:2574436:2.63:48,49:114.84:2309793:2.08:832,840:115.65:2796382:2.13:62,[860:117.99:3006608:3.4:882
BIDU_120619C118,U,U,U,U,U,U,U,U,U,U,U,0:121.87:16213163:6.22:16,16:124.56:10078599:8.5:277,286:120.87:4022432:6.03:4,286:121.8:3466459:6.03:0,286:118.29:3622674:3.85:20,295:118.2:4727909:3.9:51,308:117.05:3794537:2.95:122,384:116.52:2482706:2.47:761,1049:115.69:2574436:2.09:61,1037:114.84:2309793:1.71:748,1037:115.65:2796382:1.9:1484,[1291:117.99:3006608:2.74:428
BIDU_120619C119,U,U,U,U,U,U,U,U,U,U,U,0:121.87:16213163:5.6:17,16:124.56:10078599:7.77:2,17:120.87:4022432:5.15:3,18:121.8:3466459:6.2:2,18:118.29:3622674:3.4:85,94:118.2:4727909:3.45:118,129:117.05:3794537:2.61:222,277:116.52:2482706:2.03:58,281:115.69:2574436:1.78:60,283:114.84:2309793:1.33:146,404:115.65:2796382:1.47:13,[397:117.99:3006608:2.35:221
BIDU_120619C135,U,U,U,U,U,U,U,U,U,U,U,7:121.87:16213163:1.0:15,19:124.56:10078599:1.15:91,87:120.87:4022432:0.52:31,117:121.8:3466459:0.63:20,109:118.29:3622674:0.29:2,110:118.2:4727909:0.27:5,113:117.05:3794537:0.22:3,111:116.52:2482706:0.22:0,111:115.69:2574436:0.08:6,106:114.84:2309793:0.08:0,106:115.65:2796382:0.08:0,106:117.99:3006608:0.08:5
BIDU_120619C140,U,U,U,U,U,U,U,U,U,U,U,0:121.87:16213163:0.52:3,3:124.56:10078599:0.59:678,643:120.87:4022432:0.26:14,650:121.8:3466459:0.32:3,653:118.29:3622674:0.12:1,652:118.2:4727909:0.03:27,652:117.05:3794537:0.17:10,662:116.52:2482706:0.01:2,660:115.69:2574436:0.03:6,660:114.84:2309793:0.03:0,660:115.65:2796382:0.03:0,660:117.99:3006608:0.03:0
BIDU_120619C145,U,U,U,U,U,U,U,U,U,U,U,0:121.87:16213163:0.33:17,17:124.56:10078599:0.34:16,33:120.87:4022432:0.14:20,53:121.8:3466459:0.14:0,53:118.29:3622674:0.09:1,53:118.2:4727909:0.08:1,53:117.05:3794537:0.08:0,U:116.52:2482706::,58:115.69:2574436:0.03:12,55:114.84:2309793:0.04:15,64:115.65:2796382:0.04:0,64:117.99:3006608:0.01:10
BIDU_121319C117,U,U,U,U,U,U,U,U,U,U,U,0:121.87:16213163:7.45:5,3:124.56:10078599:9.64:63,58:120.87:4022432:9.64:0,58:121.8:3466459:8.17:1,58:118.29:3622674:5.02:12,68:118.2:4727909:4.14:3,69:117.05:3794537:4.14:0,69:116.52:2482706:3.45:19,78:115.69:2574436:3.21:46,123:114.84:2309793:2.86:26,118:115.65:2796382:3.1:17,[128:117.99:3006608:4.3:95
BIDU_121319C118,U,U,U,U,U,U,U,U,U,U,U,0:121.87:16213163:5.97:3,3:124.56:10078599:9.35:4,4:120.87:4022432:9.35:0,4:121.8:3466459:9.35:0,4:118.29:3622674:4.45:16,8:118.2:4727909:4.47:204,109:117.05:3794537:3.6:10,119:116.52:2482706:2.96:3,118:115.69:2574436:2.73:44,151:114.84:2309793:2.4:27,148:115.65:2796382:2.49:34,[152:117.99:3006608:3.5:41
BIDU_121319C119,U,U,U,U,U,U,U,U,U,U,U,0:121.87:16213163:6.66:3,3:124.56:10078599:9.55:2,2:120.87:4022432:5.65:4,5:121.8:3466459:6.02:2,7:118.29:3622674:3.9:19,25:118.2:4727909:3.95:29,45:117.05:3794537:3.13:14,51:116.52:2482706:2.65:11,43:115.69:2574436:2.35:10,45:114.84:2309793:2.11:22,33:115.65:2796382:2.16:8,[35:117.99:3006608:3.05:35
BIDU_121319C135,U,U,U,U,U,U,U,U,U,U,U,12:121.87:16213163:1.15:17,15:124.56:10078599:1.59:44,30:120.87:4022432:0.77:16,41:121.8:3466459:0.87:7,42:118.29:3622674:0.48:13,38:118.2:4727909:0.31:1,38:117.05:3794537:0.38:2,39:116.52:2482706:0.3:17,31:115.69:2574436:0.3:0,31:114.84:2309793:0.19:2,31:115.65:2796382:0.19:0,31:117.99:3006608:0.19:0
BIDU_121319C140,U,U,U,U,U,U,U,U,U,U,U,5:121.87:16213163:0.77:11,6:124.56:10078599:0.82:577,567:120.87:4022432:0.4:2,569:121.8:3466459:0.42:8,576:118.29:3622674:0.42:0,576:118.2:4727909:0.42:0,576:117.05:3794537:0.42:0,576:116.52:2482706:0.42:0,576:115.69:2574436:0.13:1,575:114.84:2309793:0.13:0,575:115.65:2796382:0.16:1,575:117.99:3006608:0.16:0
BIDU_121319C145,U,U,U,U,U,U,U,U,U,U,U,5:121.87:16213163:0.5:12,7:124.56:10078599:0.45:7,12:120.87:4022432:0.29:22,28:121.8:3466459:0.29:0,28:118.29:3622674:0.29:0,28:118.2:4727909:0.29:0,28:117.05:3794537:0.29:0,28:116.52:2482706:0.29:0,28:115.69:2574436:0.29:0,28:114.84:2309793:0.29:0,28:115.65:2796382:0.29:0,28:117.99:3006608:0.29:0
BIDU_122019C160,U,U,U,U,U,U,U,U,U,U,U,1946:121.87:16213163:0.21:215,2003:124.56:10078599:0.18:40,2011:120.87:4022432:0.14:58,1999:121.8:3466459:0.15:22,2009:118.29:3622674:0.15:0,2009:118.2:4727909:0.08:2,2007:117.05:3794537:0.17:3,U:116.52:2482706::,1986:115.69:2574436:0.07:639,2613:114.84:2309793:0.08:1,2612:115.65:2796382:0.08:0,2612:117.99:3006608:0.08:0
BIDU_122019C165,U,U,U,U,U,U,U,U,U,U,U,322:121.87:16213163:0.16:58,312:124.56:10078599:0.14:7,314:120.87:4022432:0.09:6,314:121.8:3466459:0.09:1,314:118.29:3622674:0.09:0,314:118.2:4727909:0.09:0,314:117.05:3794537:0.05:1,314:116.52:2482706:0.05:30,:115.69:2574436:U:U,337:114.84:2309793:0.05:23,334:115.65:2796382:0.05:0,334:117.99:3006608:0.05:0
BIDU_122019C170,U,U,U,U,U,U,U,U,U,U,U,1881:121.87:16213163:0.13:11,1883:124.56:10078599:0.25:1,1884:120.87:4022432:0.25:0,1884:121.8:3466459:0.25:0,1884:118.29:3622674:0.25:0,1884:118.2:4727909:0.25:0,1884:117.05:3794537:0.25:0,1884:116.52:2482706:0.25:0,1884:115.69:2574436:0.25:0,1884:114.84:2309793:0.25:0,1884:115.65:2796382:0.25:0,1884:117.99:3006608:0.25:0
BIDU_122719C111,U,U,U,U,U,U,U,U,U,U,U,0:121.87:16213163:9.27:1,1:124.56:10078599:9.27:0,1:120.87:4022432:11.67:1,2:121.8:3466459:11.67:0,2:118.29:3622674:11.67:0,2:118.2:4727909:11.67:0,2:117.05:3794537:8.5:5,6:116.52:2482706:8.5:0,6:115.69:2574436:8.5:0,6:114.84:2309793:8.5:0,6:115.65:2796382:8.5:0,[6:117.99:3006608:8.5:0
BIDU_122719C112,U,U,U,U,U,U,U,U,U,U,U,0:121.87:16213163:0.0:0,0:124.56:10078599:0.0:0,0:120.87:4022432:0.0:0,0:121.8:3466459:0.0:0,0:118.29:3622674:0.0:0,0:118.2:4727909:0.0:0,0:117.05:3794537:0.0:0,0:116.52:2482706:0.0:0,0:115.69:2574436:0.0:0,0:114.84:2309793:0.0:0,0:115.65:2796382:0.0:0,[0:117.99:3006608:7.87:21
BIDU_122719C113,U,U,U,U,U,U,U,U,U,U,U,0:121.87:16213163:0.0:0,0:124.56:10078599:0.0:0,0:120.87:4022432:0.0:0,0:121.8:3466459:0.0:0,0:118.29:3622674:0.0:0,0:118.2:4727909:0.0:0,0:117.05:3794537:0.0:0,0:116.52:2482706:0.0:0,0:115.69:2574436:0.0:0,0:114.84:2309793:5.47:2,2:115.65:2796382:5.47:0,[2:117.99:3006608:7.47:2
BIDU_122719C114,U,U,U,U,U,U,U,U,U,U,U,0:121.87:16213163:0.0:0,0:124.56:10078599:0.0:0,0:120.87:4022432:9.75:1,1:121.8:3466459:9.75:0,1:118.29:3622674:9.75:0,1:118.2:4727909:9.75:0,1:117.05:3794537:9.75:0,1:116.52:2482706:9.75:0,1:115.69:2574436:9.75:0,1:114.84:2309793:9.75:0,1:115.65:2796382:9.75:0,[1:117.99:3006608:9.75:0
BIDU_122719C115,U,U,U,U,U,U,U,U,U,U,U,0:121.87:16213163:0.0:0,0:124.56:10078599:12.02:10,5:120.87:4022432:12.02:0,5:121.8:3466459:12.02:0,5:118.29:3622674:6.7:1,6:118.2:4727909:6.88:1,7:117.05:3794537:6.01:8,12:116.52:2482706:6.01:0,12:115.69:2574436:5.25:1,13:114.84:2309793:4.6:9,15:115.65:2796382:4.75:1,[15:117.99:3006608:6.25:5
BIDU_122719C116,U,U,U,U,U,U,U,U,U,U,U,0:121.87:16213163:0.0:0,0:124.56:10078599:0.0:0,0:120.87:4022432:8.4:1,1:121.8:3466459:8.4:0,1:118.29:3622674:8.4:0,1:118.2:4727909:8.4:0,1:117.05:3794537:8.4:0,1:116.52:2482706:4.75:10,11:115.69:2574436:4.5:102,112:114.84:2309793:4.5:0,112:115.65:2796382:4.5:0,[112:117.99:3006608:4.5:0
BIDU_122719C117,U,U,U,U,U,U,U,U,U,U,U,0:121.87:16213163:8.14:39,31:124.56:10078599:8.14:0,31:120.87:4022432:8.14:0,31:121.8:3466459:8.14:0,31:118.29:3622674:5.81:11,31:118.2:4727909:5.81:0,31:117.05:3794537:4.93:2,33:116.52:2482706:4.55:13,41:115.69:2574436:4.07:2,41:114.84:2309793:4.25:2,46:115.65:2796382:4.25:0,[46:117.99:3006608:5.02:6
BIDU_122719C118,U,U,U,U,U,U,U,U,U,U,U,0:121.87:16213163:7.57:8,8:124.56:10078599:7.57:0,8:120.87:4022432:6.95:2,10:121.8:3466459:7.57:3,11:118.29:3622674:5.27:4,11:118.2:4727909:5.15:54,61:117.05:3794537:4.7:7,64:116.52:2482706:3.85:15,77:115.69:2574436:3.68:20,67:114.84:2309793:3.3:32,70:115.65:2796382:3.25:1,[71:117.99:3006608:4.69:25
BIDU_122719C119,U,U,U,U,U,U,U,U,U,U,U,0:121.87:16213163:0.0:0,0:124.56:10078599:0.0:0,0:120.87:4022432:6.87:1,1:121.8:3466459:6.95:1,2:118.29:3622674:4.5:4,5:118.2:4727909:4.75:8,5:117.05:3794537:4.0:6,6:116.52:2482706:3.7:12,10:115.69:2574436:3.8:3,13:114.84:2309793:2.91:12,22:115.65:2796382:3.05:8,[15:117.99:3006608:3.6:4
BIDU_122719C120,U,U,U,U,U,U,U,U,U,U,U,0:121.87:16213163:6.25:11,11:124.56:10078599:8.15:26,30:120.87:4022432:6.05:4,32:121.8:3466459:6.41:2,33:118.29:3622674:4.5:10,38:118.2:4727909:4.25:79,98:117.05:3794537:3.6:29,122:116.52:2482706:3.3:65,122:115.69:2574436:2.92:8,128:114.84:2309793:2.5:14,131:115.65:2796382:2.62:10,[135:117.99:3006608:3.72:32
BIDU_112219C121,U,U,U,U,U,U,U,U,U,U,U,U,0:124.56:10078599:6.85:8,6:120.87:4022432:2.82:149,97:121.8:3466459:3.01:44,102:118.29:3622674:1.26:124,178:118.2:4727909:1.16:571,503:117.05:3794537:0.69:333,471:116.52:2482706:0.35:271,426:115.69:2574436:0.19:61,444:114.84:2309793:0.11:32,460:115.65:2796382:0.04:157,[516:117.99:3006608:0.01:84
BIDU_112219C122,U,U,U,U,U,U,U,U,U,U,U,U,0:124.56:10078599:4.85:11,9:120.87:4022432:2.34:495,308:121.8:3466459:2.48:201,367:118.29:3622674:1.04:156,382:118.2:4727909:0.96:176,369:117.05:3794537:0.54:489,460:116.52:2482706:0.25:166,506:115.69:2574436:0.15:126,499:114.84:2309793:0.04:143,573:115.65:2796382:0.02:63,[556:117.99:3006608:0.01:10
BIDU_112219C123,U,U,U,U,U,U,U,U,U,U,U,U,0:124.56:10078599:4.3:27,18:120.87:4022432:1.94:144,105:121.8:3466459:2.07:414,265:118.29:3622674:0.77:265,258:118.2:4727909:0.74:146,316:117.05:3794537:0.44:258,463:116.52:2482706:0.16:244,575:115.69:2574436:0.11:70,570:114.84:2309793:0.03:59,547:115.65:2796382:0.01:153,[627:117.99:3006608:0.01:125
BIDU_112219C124,U,U,U,U,U,U,U,U,U,U,U,U,0:124.56:10078599:3.59:104,57:120.87:4022432:1.58:306,319:121.8:3466459:1.67:161,312:118.29:3622674:0.6:72,330:118.2:4727909:0.59:446,313:117.05:3794537:0.36:97,360:116.52:2482706:0.13:63,391:115.69:2574436:0.08:41,421:114.84:2309793:0.05:71,408:115.65:2796382:0.02:19,[399:117.99:3006608:0.01:53
BIDU_112219C126,U,U,U,U,U,U,U,U,U,U,U,U,0:124.56:10078599:2.6:225,89:120.87:4022432:1.05:68,120:121.8:3466459:1.08:286,346:118.29:3622674:0.4:72,388:118.2:4727909:0.36:313,428:117.05:3794537:0.23:183,507:116.52:2482706:0.07:59,500:115.69:2574436:0.06:248,603:114.84:2309793:0.03:7,599:115.65:2796382:0.01:400,[595:117.99:3006608:0.03:24
BIDU_112219C127,U,U,U,U,U,U,U,U,U,U,U,U,0:124.56:10078599:2.12:202,97:120.87:4022432:0.79:65,116:121.8:3466459:0.82:286,203:118.29:3622674:0.32:163,153:118.2:4727909:0.3:75,174:117.05:3794537:0.21:24,U:116.52:2482706::,234:115.69:2574436:0.06:3,U:114.84:2309793:U:U,U:115.65:2796382:U:U,[232:117.99:3006608:0.01:10
BIDU_112219C128,U,U,U,U,U,U,U,U,U,U,U,U,0:124.56:10078599:1.88:68,63:120.87:4022432:0.62:123,153:121.8:3466459:0.65:23,165:118.29:3622674:0.24:363,190:118.2:4727909:0.23:5,187:117.05:3794537:0.17:35,218:116.52:2482706:0.06:9,218:115.69:2574436:0.05:51,U:114.84:2309793:U:U,U:115.65:2796382:U:U,221:117.99:3006608:0.01:0
BIDU_112219C129,U,U,U,U,U,U,U,U,U,U,U,U,0:124.56:10078599:1.61:210,129:120.87:4022432:0.51:12,130:121.8:3466459:0.63:30,129:118.29:3622674:0.19:66,139:118.2:4727909:0.21:22,153:117.05:3794537:0.16:6,U:116.52:2482706::,160:115.69:2574436:0.04:13,165:114.84:2309793:0.02:2,163:115.65:2796382:0.01:20,158:117.99:3006608:0.01:0
BIDU_112219C131,U,U,U,U,U,U,U,U,U,U,U,U,0:124.56:10078599:1.12:86,65:120.87:4022432:0.34:15,64:121.8:3466459:0.45:44,80:118.29:3622674:0.13:68,89:118.2:4727909:0.09:14,86:117.05:3794537:0.15:1,U:116.52:2482706::,269:115.69:2574436:0.03:19,281:114.84:2309793:0.03:0,281:115.65:2796382:0.03:0,281:117.99:3006608:0.01:2
BIDU_112219C132,U,U,U,U,U,U,U,U,U,U,U,U,0:124.56:10078599:0.92:59,57:120.87:4022432:0.28:28,78:121.8:3466459:0.29:2,78:118.29:3622674:0.11:43,90:118.2:4727909:0.06:1,90:117.05:3794537:0.11:50,137:116.52:2482706:0.11:0,137:115.69:2574436:0.02:1,137:114.84:2309793:0.02:0,137:115.65:2796382:0.02:0,137:117.99:3006608:0.02:0
BIDU_112219C133,U,U,U,U,U,U,U,U,U,U,U,U,0:124.56:10078599:0.77:51,47:120.87:4022432:0.22:5,52:121.8:3466459:0.3:4,54:118.29:3622674:0.1:53,95:118.2:4727909:0.12:15,97:117.05:3794537:0.12:0,U:116.52:2482706::,97:115.69:2574436:0.12:0,97:114.84:2309793:0.12:0,97:115.65:2796382:0.12:0,97:117.99:3006608:0.12:0
BIDU_112219C134,U,U,U,U,U,U,U,U,U,U,U,U,0:124.56:10078599:0.76:29,24:120.87:4022432:0.19:34,39:121.8:3466459:0.16:30,47:118.29:3622674:0.07:23,42:118.2:4727909:0.07:0,42:117.05:3794537:0.09:215,246:116.52:2482706:0.04:5,247:115.69:2574436:0.04:0,247:114.84:2309793:0.04:0,U:115.65:2796382:U:U,247:117.99:3006608:0.04:0
BIDU_122719C125,U,U,U,U,U,U,U,U,U,U,U,U,U,0:120.87:4022432:3.8:4,4:121.8:3466459:4.24:146,140:118.29:3622674:2.48:21,146:118.2:4727909:2.48:23,140:117.05:3794537:1.97:37,161:116.52:2482706:1.8:10,156:115.69:2574436:1.54:43,U:114.84:2309793:.:U,199:115.65:2796382:1.45:4,[195:117.99:3006608:2.0:11
BIDU_122719C130,U,U,U,U,U,U,U,U,U,U,U,U,U,0:120.87:4022432:2.17:4,4:121.8:3466459:2.34:15,18:118.29:3622674:1.38:21,37:118.2:4727909:1.2:53,53:117.05:3794537:1.06:9,57:116.52:2482706:0.94:8,65:115.69:2574436:0.77:10,60:114.84:2309793:0.7:7,58:115.65:2796382:0.74:4,57:117.99:3006608:0.98:15
BIDU_122719C135,U,U,U,U,U,U,U,U,U,U,U,U,U,0:120.87:4022432:1.21:35,35:121.8:3466459:1.5:3,36:118.29:3622674:0.79:6,37:118.2:4727909:0.8:14,47:117.05:3794537:0.71:9,U:116.52:2482706::,58:115.69:2574436:0.57:0,58:114.84:2309793:0.42:2,60:115.65:2796382:0.39:1,60:117.99:3006608:0.45:25
BIDU_122719C140,U,U,U,U,U,U,U,U,U,U,U,U,U,0:120.87:4022432:0.71:32,32:121.8:3466459:0.77:13,44:118.29:3622674:0.46:13,45:118.2:4727909:0.48:5,49:117.05:3794537:0.48:0,U:116.52:2482706::,51:115.69:2574436:0.34:0,51:114.84:2309793:0.34:0,51:115.65:2796382:0.34:0,51:117.99:3006608:0.27:1
BIDU_122719C145,U,U,U,U,U,U,U,U,U,U,U,U,U,0:120.87:4022432:0.48:2,2:121.8:3466459:0.48:0,2:118.29:3622674:0.48:0,2:118.2:4727909:0.48:0,2:117.05:3794537:0.48:0,2:116.52:2482706:0.48:0,2:115.69:2574436:0.48:0,2:114.84:2309793:0.48:0,2:115.65:2796382:0.48:0,2:117.99:3006608:0.48:0
BIDU_122719C150,U,U,U,U,U,U,U,U,U,U,U,U,U,0:120.87:4022432:0.31:2,2:121.8:3466459:0.32:2,3:118.29:3622674:0.32:0,3:118.2:4727909:0.23:11,14:117.05:3794537:0.23:0,14:116.52:2482706:0.17:11,14:115.69:2574436:0.09:2,14:114.84:2309793:0.09:0,U:115.65:2796382:U:U,45:117.99:3006608:0.15:0
BIDU_122719C155,U,U,U,U,U,U,U,U,U,U,U,U,U,0:120.87:4022432:0.0:0,0:121.8:3466459:0.0:0,0:118.29:3622674:0.0:0,0:118.2:4727909:0.0:0,0:117.05:3794537:0.0:0,0:116.52:2482706:0.0:0,0:115.69:2574436:0.0:0,0:114.84:2309793:0.0:0,0:115.65:2796382:0.0:0,0:117.99:3006608:0.0:0
BIDU_122719C160,U,U,U,U,U,U,U,U,U,U,U,U,U,0:120.87:4022432:0.0:0,0:121.8:3466459:0.0:0,0:118.29:3622674:0.0:0,0:118.2:4727909:0.0:0,0:117.05:3794537:0.0:0,0:116.52:2482706:0.0:0,0:115.69:2574436:0.0:0,0:114.84:2309793:0.0:0,0:115.65:2796382:0.0:0,0:117.99:3006608:0.0:0
BIDU_122719C165,U,U,U,U,U,U,U,U,U,U,U,U,U,0:120.87:4022432:0.0:0,0:121.8:3466459:0.0:0,0:118.29:3622674:0.0:0,0:118.2:4727909:0.0:0,0:117.05:3794537:0.0:0,0:116.52:2482706:0.0:0,0:115.69:2574436:0.0:0,0:114.84:2309793:0.0:0,U:115.65:2796382:U:U,0:117.99:3006608:0.0:0
BIDU_122719C170,U,U,U,U,U,U,U,U,U,U,U,U,U,0:120.87:4022432:0.0:0,0:121.8:3466459:0.0:0,0:118.29:3622674:0.0:0,0:118.2:4727909:0.0:0,0:117.05:3794537:0.0:0,U:116.52:2482706::,0:115.69:2574436:0.11:1,1:114.84:2309793:0.11:0,1:115.65:2796382:0.11:0,1:117.99:3006608:0.11:0
BIDU_122719C109,U,U,U,U,U,U,U,U,U,U,U,U,U,U,U,0:118.29:3622674:0.0:0,0:118.2:4727909:0.0:0,0:117.05:3794537:0.0:0,0:116.52:2482706:0.0:0,0:115.69:2574436:0.0:0,0:114.84:2309793:0.0:0,0:115.65:2796382:0.0:0,[0:117.99:3006608:0.0:0
BIDU_122719C110,U,U,U,U,U,U,U,U,U,U,U,U,U,U,U,10:118.29:3622674:13.39:0,10:118.2:4727909:9.63:1,11:117.05:3794537:9.63:0,11:116.52:2482706:9.63:0,11:115.69:2574436:9.63:0,11:114.84:2309793:9.63:0,11:115.65:2796382:8.1:3,[11:117.99:3006608:9.35:6
BIDU_011720C100,U,U,U,U,U,U,U,U,U,U,U,U,U,U,U,U,6253:118.2:4727909:19.8:69,6250:117.05:3794537:18.5:34,6242:116.52:2482706:18.49:22,6243:115.69:2574436:17.34:72,6255:114.84:2309793:16.6:30,6235:115.65:2796382:17.25:4,[6235:117.99:3006608:19.33:11
BIDU_011720C105,U,U,U,U,U,U,U,U,U,U,U,U,U,U,U,U,2378:118.2:4727909:15.19:7,2372:117.05:3794537:15.64:20,2379:116.52:2482706:13.35:3,2378:115.69:2574436:13.84:5,2378:114.84:2309793:12.45:16,2370:115.65:2796382:13.25:3,[2372:117.99:3006608:14.7:4
BIDU_011720C110,U,U,U,U,U,U,U,U,U,U,U,U,U,U,U,U,4037:118.2:4727909:11.45:95,4070:117.05:3794537:10.35:77,4038:116.52:2482706:9.4:10,4038:115.69:2574436:9.35:11,4048:114.84:2309793:8.6:111,4098:115.65:2796382:9.15:72,[4073:117.99:3006608:10.95:14
BIDU_011720C115,U,U,U,U,U,U,U,U,U,U,U,U,U,U,U,U,4272:118.2:4727909:8.3:164,4342:117.05:3794537:7.3:347,4144:116.52:2482706:6.79:106,4198:115.69:2574436:6.5:92,4216:114.84:2309793:6.1:87,4276:115.65:2796382:6.21:136,[4251:117.99:3006608:7.6:204
BIDU_011720C120,U,U,U,U,U,U,U,U,U,U,U,U,U,U,U,U,8876:118.2:4727909:5.7:416,9005:117.05:3794537:4.83:347,9033:116.52:2482706:4.55:200,9091:115.69:2574436:4.15:156,9135:114.84:2309793:3.9:264,9195:115.65:2796382:4.02:142,[9233:117.99:3006608:5.07:1850
BIDU_011720C125,U,U,U,U,U,U,U,U,U,U,U,U,U,U,U,U,3385:118.2:4727909:3.71:254,3483:117.05:3794537:3.05:665,3303:116.52:2482706:2.78:268,3351:115.69:2574436:2.6:209,3389:114.84:2309793:2.41:160,3446:115.65:2796382:2.51:233,[3582:117.99:3006608:3.2:2317
BIDU_011720C130,U,U,U,U,U,U,U,U,U,U,U,U,U,U,U,U,7074:118.2:4727909:2.43:648,6932:117.05:3794537:1.91:267,7000:116.52:2482706:1.72:112,7019:115.69:2574436:1.63:243,7028:114.84:2309793:1.49:309,7047:115.65:2796382:1.51:836,[7384:117.99:3006608:1.96:420
BIDU_011720C135,U,U,U,U,U,U,U,U,U,U,U,U,U,U,U,U,3885:118.2:4727909:1.56:103,3925:117.05:3794537:1.16:130,3995:116.52:2482706:1.08:230,4003:115.69:2574436:1.01:41,4015:114.84:2309793:0.94:89,4036:115.65:2796382:0.95:170,[4132:117.99:3006608:1.21:585
BIDU_011720C140,U,U,U,U,U,U,U,U,U,U,U,U,U,U,U,U,2880:118.2:4727909:0.99:72,2892:117.05:3794537:0.75:377,2883:116.52:2482706:0.74:103,2872:115.69:2574436:0.64:39,2882:114.84:2309793:0.63:237,2894:115.65:2796382:0.6:115,[2952:117.99:3006608:0.75:129
BIDU_011720C145,U,U,U,U,U,U,U,U,U,U,U,U,U,U,U,U,1966:118.2:4727909:0.69:126,2062:117.05:3794537:0.57:33,2059:116.52:2482706:0.5:54,2030:115.69:2574436:0.44:30,2029:114.84:2309793:0.48:10,2040:115.65:2796382:0.41:39,[2061:117.99:3006608:0.5:86
BIDU_011720C150,U,U,U,U,U,U,U,U,U,U,U,U,U,U,U,U,6952:118.2:4727909:0.5:104,6972:117.05:3794537:0.36:317,7214:116.52:2482706:0.38:19,7222:115.69:2574436:0.32:333,7541:114.84:2309793:0.33:45,7537:115.65:2796382:0.3:136,[7651:117.99:3006608:0.36:70
BIDU_011720C155,U,U,U,U,U,U,U,U,U,U,U,U,U,U,U,U,1524:118.2:4727909:0.36:0,1524:117.05:3794537:0.26:4,1524:116.52:2482706:0.26:0,1524:115.69:2574436:0.28:4,1526:114.84:2309793:0.26:1,1525:115.65:2796382:0.24:17,[1540:117.99:3006608:0.27:10
BIDU_011720C160,U,U,U,U,U,U,U,U,U,U,U,U,U,U,U,U,2689:118.2:4727909:0.28:11,2699:117.05:3794537:0.21:142,2719:116.52:2482706:0.2:7,2715:115.69:2574436:0.2:0,2715:114.84:2309793:0.19:25,2708:115.65:2796382:0.18:42,[2702:117.99:3006608:0.21:11
BIDU_011720C165,U,U,U,U,U,U,U,U,U,U,U,U,U,U,U,U,2842:118.2:4727909:0.26:0,2842:117.05:3794537:0.17:40,2869:116.52:2482706:0.18:25,2889:115.69:2574436:0.18:0,2889:114.84:2309793:0.17:10,2899:115.65:2796382:0.17:0,[2899:117.99:3006608:0.17:1
BIDU_011720C70,U,U,U,U,U,U,U,U,U,U,U,U,U,U,U,U,24:118.2:4727909:50.45:0,24:117.05:3794537:50.45:0,24:116.52:2482706:50.45:0,24:115.69:2574436:50.45:0,24:114.84:2309793:50.45:0,24:115.65:2796382:50.45:0,[24:117.99:3006608:50.45:0
BIDU_011720C75,U,U,U,U,U,U,U,U,U,U,U,U,U,U,U,U,25:118.2:4727909:29.25:0,25:117.05:3794537:29.25:0,25:116.52:2482706:29.25:0,25:115.69:2574436:29.25:0,25:114.84:2309793:29.25:0,25:115.65:2796382:29.25:0,[25:117.99:3006608:29.25:0
BIDU_011720C80,U,U,U,U,U,U,U,U,U,U,U,U,U,U,U,U,232:118.2:4727909:39.4:0,232:117.05:3794537:39.4:0,232:116.52:2482706:39.4:0,232:115.69:2574436:39.4:0,232:114.84:2309793:39.4:0,232:115.65:2796382:39.4:0,[232:117.99:3006608:39.4:0
BIDU_011720C85,U,U,U,U,U,U,U,U,U,U,U,U,U,U,U,U,55:118.2:4727909:24.64:0,55:117.05:3794537:24.64:0,55:116.52:2482706:24.64:0,55:115.69:2574436:24.64:0,55:114.84:2309793:32.05:15,55:115.65:2796382:32.05:0,[55:117.99:3006608:33.4:10
BIDU_011720C90,U,U,U,U,U,U,U,U,U,U,U,U,U,U,U,U,566:118.2:4727909:28.65:43,527:117.05:3794537:28.65:0,527:116.52:2482706:26.5:5,522:115.69:2574436:26.77:1,521:114.84:2309793:26.77:0,520:115.65:2796382:26.7:1,[519:117.99:3006608:26.7:0
BIDU_011720C95,U,U,U,U,U,U,U,U,U,U,U,U,U,U,U,U,288:118.2:4727909:26.45:0,288:117.05:3794537:26.45:0,288:116.52:2482706:26.45:0,288:115.69:2574436:26.45:0,288:114.84:2309793:20.95:4,284:115.65:2796382:20.95:0,[284:117.99:3006608:20.95:0
BIDU_112919C121,U,U,U,U,U,U,U,U,U,U,U,U,U,U,U,U,0:118.2:4727909:1.74:4,4:117.05:3794537:1.18:77,53:116.52:2482706:0.78:48,62:115.69:2574436:0.59:215,201:114.84:2309793:0.36:42,218:115.65:2796382:0.33:109,[294:117.99:3006608:0.65:323
BIDU_112919C122,U,U,U,U,U,U,U,U,U,U,U,U,U,U,U,U,0:118.2:4727909:1.48:20,12:117.05:3794537:1.08:43,26:116.52:2482706:0.6:26,42:115.69:2574436:0.4:43,68:114.84:2309793:0.29:44,95:115.65:2796382:0.26:21,[108:117.99:3006608:0.48:164
BIDU_112919C123,U,U,U,U,U,U,U,U,U,U,U,U,U,U,U,U,0:118.2:4727909:1.22:2,2:117.05:3794537:0.9:62,44:116.52:2482706:0.48:26,47:115.69:2574436:0.4:164,183:114.84:2309793:0.21:164,153:115.65:2796382:0.17:19,[166:117.99:3006608:0.32:340
BIDU_112919C124,U,U,U,U,U,U,U,U,U,U,U,U,U,U,U,U,0:118.2:4727909:0.99:4,4:117.05:3794537:0.64:56,38:116.52:2482706:0.38:36,60:115.69:2574436:0.24:71,122:114.84:2309793:0.16:38,107:115.65:2796382:0.13:27,[127:117.99:3006608:0.23:199
BIDU_112919C126,U,U,U,U,U,U,U,U,U,U,U,U,U,U,U,U,0:118.2:4727909:0.72:28,28:117.05:3794537:0.52:61,79:116.52:2482706:0.27:60,71:115.69:2574436:0.27:0,71:114.84:2309793:0.18:4,74:115.65:2796382:0.07:23,[75:117.99:3006608:0.14:145
BIDU_112919C127,U,U,U,U,U,U,U,U,U,U,U,U,U,U,U,U,0:118.2:4727909:0.43:20,20:117.05:3794537:0.68:11,30:116.52:2482706:0.22:20,50:115.69:2574436:0.22:0,50:114.84:2309793:0.22:0,50:115.65:2796382:0.22:0,[50:117.99:3006608:0.1:95
BIDU_112919C128,U,U,U,U,U,U,U,U,U,U,U,U,U,U,U,U,0:118.2:4727909:0.49:12,12:117.05:3794537:0.3:17,U:116.52:2482706::,22:115.69:2574436:0.2:0,22:114.84:2309793:0.2:0,22:115.65:2796382:0.2:0,22:117.99:3006608:0.08:119
BIDU_120619C121,U,U,U,U,U,U,U,U,U,U,U,U,U,U,U,U,0:118.2:4727909:2.31:3,3:117.05:3794537:1.86:61,62:116.52:2482706:1.52:12,60:115.69:2574436:1.18:14,67:114.84:2309793:0.94:31,75:115.65:2796382:0.96:15,[68:117.99:3006608:1.51:156
BIDU_120619C122,U,U,U,U,U,U,U,U,U,U,U,U,U,U,U,U,0:118.2:4727909:2.04:1,1:117.05:3794537:1.95:2,3:116.52:2482706:1.22:2,4:115.69:2574436:1.0:17,14:114.84:2309793:0.74:1672,1686:115.65:2796382:0.76:101,[1688:117.99:3006608:1.22:767
BIDU_120619C123,U,U,U,U,U,U,U,U,U,U,U,U,U,U,U,U,0:118.2:4727909:0.0:0,0:117.05:3794537:1.34:30,26:116.52:2482706:1.04:5,26:115.69:2574436:1.08:16,34:114.84:2309793:0.61:824,855:115.65:2796382:0.62:209,[998:117.99:3006608:1.0:609
BIDU_120619C124,U,U,U,U,U,U,U,U,U,U,U,U,U,U,U,U,0:118.2:4727909:0.0:0,0:117.05:3794537:1.12:5,2:116.52:2482706:1.12:0,2:115.69:2574436:0.98:1,3:114.84:2309793:0.49:22,27:115.65:2796382:0.5:7,[33:117.99:3006608:0.9:79
BIDU_120619C126,U,U,U,U,U,U,U,U,U,U,U,U,U,U,U,U,0:118.2:4727909:1.19:15,14:117.05:3794537:0.78:36,48:116.52:2482706:0.71:32,29:115.69:2574436:0.56:6,U:114.84:2309793:U:U,28:115.65:2796382:0.29:1,[29:117.99:3006608:0.51:87
BIDU_120619C127,U,U,U,U,U,U,U,U,U,U,U,U,U,U,U,U,0:118.2:4727909:0.0:0,0:117.05:3794537:0.0:0,0:116.52:2482706:0.0:0,0:115.69:2574436:0.0:0,0:114.84:2309793:0.0:0,U:115.65:2796382:U:U,[5:117.99:3006608:0.24:0
BIDU_120619C128,U,U,U,U,U,U,U,U,U,U,U,U,U,U,U,U,0:118.2:4727909:0.0:0,0:117.05:3794537:0.0:0,0:116.52:2482706:0.0:0,:115.69:2574436:.:U,0:114.84:2309793:0.26:2,2:115.65:2796382:0.26:0,2:117.99:3006608:0.32:18
BIDU_121319C121,U,U,U,U,U,U,U,U,U,U,U,U,U,U,U,U,0:118.2:4727909:3.05:15,10:117.05:3794537:2.98:11,9:116.52:2482706:1.94:7,16:115.69:2574436:1.74:16,17:114.84:2309793:1.53:14,24:115.65:2796382:1.47:13,[37:117.99:3006608:2.37:24
BIDU_121319C122,U,U,U,U,U,U,U,U,U,U,U,U,U,U,U,U,0:118.2:4727909:0.0:0,0:117.05:3794537:2.17:5,4:116.52:2482706:1.67:17,14:115.69:2574436:1.62:7,14:114.84:2309793:1.23:13,29:115.65:2796382:1.2:0,[29:117.99:3006608:1.87:38
BIDU_121319C123,U,U,U,U,U,U,U,U,U,U,U,U,U,U,U,U,0:118.2:4727909:0.0:0,0:117.05:3794537:2.26:12,4:116.52:2482706:1.43:13,17:115.69:2574436:1.43:0,17:114.84:2309793:1.15:4,21:115.65:2796382:1.1:4,[25:117.99:3006608:1.13:5
BIDU_121319C124,U,U,U,U,U,U,U,U,U,U,U,U,U,U,U,U,0:118.2:4727909:1.5:1,1:117.05:3794537:1.96:4,4:116.52:2482706:1.27:9,13:115.69:2574436:1.07:21,15:114.84:2309793:0.93:7,24:115.65:2796382:0.9:2,[25:117.99:3006608:1.32:21
BIDU_121319C126,U,U,U,U,U,U,U,U,U,U,U,U,U,U,U,U,0:118.2:4727909:0.0:0,0:117.05:3794537:1.46:15,15:116.52:2482706:0.91:23,30:115.69:2574436:0.98:7,23:114.84:2309793:0.98:0,23:115.65:2796382:0.98:0,[23:117.99:3006608:0.9:13
BIDU_121319C127,U,U,U,U,U,U,U,U,U,U,U,U,U,U,U,U,0:118.2:4727909:0.0:0,0:117.05:3794537:1.5:2,2:116.52:2482706:0.79:14,14:115.69:2574436:0.82:9,15:114.84:2309793:0.53:15,16:115.65:2796382:0.5:18,[12:117.99:3006608:0.71:17
BIDU_121319C128,U,U,U,U,U,U,U,U,U,U,U,U,U,U,U,U,0:118.2:4727909:1.18:21,21:117.05:3794537:0.93:34,54:116.52:2482706:0.66:1,:115.69:2574436:U:U,54:114.84:2309793:0.43:2,U:115.65:2796382:U:U,54:117.99:3006608:0.6:10
BIDU_122719C121,U,U,U,U,U,U,U,U,U,U,U,U,U,U,U,U,0:118.2:4727909:3.95:11,6:117.05:3794537:3.85:16,8:116.52:2482706:3.85:0,8:115.69:2574436:3.85:0,8:114.84:2309793:3.85:0,8:115.65:2796382:2.4:5,[13:117.99:3006608:2.4:0
BIDU_122719C122,U,U,U,U,U,U,U,U,U,U,U,U,U,U,U,U,0:118.2:4727909:2.88:4,4:117.05:3794537:3.45:5,9:116.52:2482706:2.36:17,26:115.69:2574436:2.3:1,26:114.84:2309793:1.93:23,49:115.65:2796382:2.09:2,[47:117.99:3006608:2.96:5
BIDU_122719C123,U,U,U,U,U,U,U,U,U,U,U,U,U,U,U,U,0:118.2:4727909:0.0:0,0:117.05:3794537:2.56:37,36:116.52:2482706:2.2:7,39:115.69:2574436:1.88:1,39:114.84:2309793:1.72:21,40:115.65:2796382:1.72:0,[40:117.99:3006608:2.32:10
BIDU_122719C124,U,U,U,U,U,U,U,U,U,U,U,U,U,U,U,U,0:118.2:4727909:2.87:1,1:117.05:3794537:2.52:3,2:116.52:2482706:1.86:2,4:115.69:2574436:1.75:6,5:114.84:2309793:1.59:1,6:115.65:2796382:1.45:1,[7:117.99:3006608:2.11:8
BIDU_122719C126,U,U,U,U,U,U,U,U,U,U,U,U,U,U,U,U,0:118.2:4727909:1.99:15,10:117.05:3794537:1.75:17,27:116.52:2482706:1.53:7,29:115.69:2574436:1.3:1,28:114.84:2309793:1.15:15,40:115.65:2796382:1.15:0,[40:117.99:3006608:1.54:10
BIDU_122719C127,U,U,U,U,U,U,U,U,U,U,U,U,U,U,U,U,0:118.2:4727909:1.6:6,6:117.05:3794537:1.58:10,16:116.52:2482706:1.26:13,23:115.69:2574436:1.15:2,24:114.84:2309793:1.0:8,30:115.65:2796382:1.08:4,[32:117.99:3006608:1.08:0
BIDU_122719C128,U,U,U,U,U,U,U,U,U,U,U,U,U,U,U,U,0:118.2:4727909:1.83:17,4:117.05:3794537:1.38:24,28:116.52:2482706:1.29:14,29:115.69:2574436:1.09:3,32:114.84:2309793:0.89:10,32:115.65:2796382:0.94:20,12:117.99:3006608:0.94:0
BIDU_122719C108,U,U,U,U,U,U,U,U,U,U,U,U,U,U,U,U,U,21:117.05:3794537:10.95:0,21:116.52:2482706:10.95:0,21:115.69:2574436:10.95:0,21:114.84:2309793:10.95:0,21:115.65:2796382:10.95:0,[21:117.99:3006608:10.95:0
BIDU_122019C107,U,U,U,U,U,U,U,U,U,U,U,U,U,U,U,U,U,U,0:116.52:2482706:0.0:0,0:115.69:2574436:0.0:0,0:114.84:2309793:0.0:0,0:115.65:2796382:0.0:0,0:117.99:3006608:0.0:0
BIDU_122019C108,U,U,U,U,U,U,U,U,U,U,U,U,U,U,U,U,U,U,0:116.52:2482706:0.0:0,0:115.69:2574436:0.0:0,0:114.84:2309793:0.0:0,0:115.65:2796382:0.0:0,[0:117.99:3006608:11.25:32
BIDU_122019C109,U,U,U,U,U,U,U,U,U,U,U,U,U,U,U,U,U,U,0:116.52:2482706:0.0:0,0:115.69:2574436:0.0:0,0:114.84:2309793:6.9:1,1:115.65:2796382:6.9:0,[1:117.99:3006608:10.43:3
BIDU_122019C111,U,U,U,U,U,U,U,U,U,U,U,U,U,U,U,U,U,U,0:116.52:2482706:8.15:4,4:115.69:2574436:8.15:0,4:114.84:2309793:6.25:1,5:115.65:2796382:6.25:0,[5:117.99:3006608:6.25:0
BIDU_122019C112,U,U,U,U,U,U,U,U,U,U,U,U,U,U,U,U,U,U,0:116.52:2482706:0.0:0,0:115.69:2574436:0.0:0,0:114.84:2309793:6.1:9,9:115.65:2796382:6.1:0,[9:117.99:3006608:8.05:11
BIDU_122019C113,U,U,U,U,U,U,U,U,U,U,U,U,U,U,U,U,U,U,0:116.52:2482706:0.0:0,0:115.69:2574436:5.74:26,9:114.84:2309793:5.28:23,19:115.65:2796382:5.65:4,[19:117.99:3006608:6.65:6
BIDU_122019C114,U,U,U,U,U,U,U,U,U,U,U,U,U,U,U,U,U,U,0:116.52:2482706:0.0:0,0:115.69:2574436:0.0:0,0:114.84:2309793:5.1:40,34:115.65:2796382:5.05:6,[39:117.99:3006608:6.55:24
BIDU_122019C116,U,U,U,U,U,U,U,U,U,U,U,U,U,U,U,U,U,U,0:116.52:2482706:4.55:21,21:115.69:2574436:4.35:444,244:114.84:2309793:3.7:58,249:115.65:2796382:4.15:38,[257:117.99:3006608:5.33:39
BIDU_122019C117,U,U,U,U,U,U,U,U,U,U,U,U,U,U,U,U,U,U,0:116.52:2482706:4.0:26,19:115.69:2574436:3.79:534,426:114.84:2309793:3.2:62,441:115.65:2796382:3.45:11,[445:117.99:3006608:4.6:56
BIDU_122019C118,U,U,U,U,U,U,U,U,U,U,U,U,U,U,U,U,U,U,0:116.52:2482706:3.55:26,25:115.69:2574436:3.35:54,78:114.84:2309793:2.91:110,124:115.65:2796382:3.07:60,[154:117.99:3006608:4.12:94
BIDU_122019C119,U,U,U,U,U,U,U,U,U,U,U,U,U,U,U,U,U,U,0:116.52:2482706:3.15:331,168:115.69:2574436:2.96:86,192:114.84:2309793:2.55:43,210:115.65:2796382:2.63:14,[210:117.99:3006608:3.6:143
BIDU_122019C121,U,U,U,U,U,U,U,U,U,U,U,U,U,U,U,U,U,U,0:116.52:2482706:2.45:42,41:115.69:2574436:2.29:39,61:114.84:2309793:1.97:38,76:115.65:2796382:2.0:26,[96:117.99:3006608:2.78:160
BIDU_122019C122,U,U,U,U,U,U,U,U,U,U,U,U,U,U,U,U,U,U,0:116.52:2482706:2.15:55,51:115.69:2574436:2.01:492,511:114.84:2309793:1.72:48,538:115.65:2796382:1.78:6,[538:117.99:3006608:2.41:199
BIDU_122019C123,U,U,U,U,U,U,U,U,U,U,U,U,U,U,U,U,U,U,0:116.52:2482706:1.88:13,8:115.69:2574436:1.93:5,13:114.84:2309793:1.51:34,24:115.65:2796382:1.56:10,[30:117.99:3006608:2.23:160
BIDU_122019C124,U,U,U,U,U,U,U,U,U,U,U,U,U,U,U,U,U,U,0:116.52:2482706:1.65:23,22:115.69:2574436:1.51:21,23:114.84:2309793:1.32:24,24:115.65:2796382:1.31:12,[30:117.99:3006608:1.95:189
BIDU_122019C126,U,U,U,U,U,U,U,U,U,U,U,U,U,U,U,U,U,U,0:116.52:2482706:1.24:14,12:115.69:2574436:1.16:3,14:114.84:2309793:0.96:21,33:115.65:2796382:0.96:11,[40:117.99:3006608:1.46:384
BIDU_122719C107,U,U,U,U,U,U,U,U,U,U,U,U,U,U,U,U,U,U,0:116.52:2482706:0.0:0,0:115.69:2574436:0.0:0,0:114.84:2309793:0.0:0,0:115.65:2796382:0.0:0,0:117.99:3006608:0.0:0
BIDU_122719C106,U,U,U,U,U,U,U,U,U,U,U,U,U,U,U,U,U,U,U,0:115.69:2574436:0.0:0,0:114.84:2309793:0.0:0,0:115.65:2796382:0.0:0,0:117.99:3006608:0.0:0
BIDU_122719C105,U,U,U,U,U,U,U,U,U,U,U,U,U,U,U,U,U,U,U,U,5:114.84:2309793:12.3:0,5:115.65:2796382:12.3:0,5:117.99:3006608:13.44:2
BIDU_011720C65,U,U,U,U,U,U,U,U,U,U,U,U,U,U,U,U,U,U,U,U,1:114.84:2309793:48.32:0,1:115.65:2796382:48.32:0,1:117.99:3006608:48.32:0
BIDU_010320C123,U,U,U,U,U,U,U,U,U,U,U,U,U,U,U,U,U,U,U,U,U,0:115.65:2796382:0.0:0,[0:117.99:3006608:2.68:6
BIDU_010320C114,U,U,U,U,U,U,U,U,U,U,U,U,U,U,U,U,U,U,U,U,U,0:115.65:2796382:0.0:0,[0:117.99:3006608:0.0:0
BIDU_010320C115,U,U,U,U,U,U,U,U,U,U,U,U,U,U,U,U,U,U,U,U,U,0:115.65:2796382:0.0:0,[0:117.99:3006608:0.0:0
BIDU_010320C109,U,U,U,U,U,U,U,U,U,U,U,U,U,U,U,U,U,U,U,U,U,0:115.65:2796382:0.0:0,[0:117.99:3006608:0.0:0
BIDU_010320C107,U,U,U,U,U,U,U,U,U,U,U,U,U,U,U,U,U,U,U,U,U,0:115.65:2796382:0.0:0,0:117.99:3006608:0.0:0
BIDU_010320C108,U,U,U,U,U,U,U,U,U,U,U,U,U,U,U,U,U,U,U,U,U,0:115.65:2796382:0.0:0,[0:117.99:3006608:0.0:0
BIDU_010320C118,U,U,U,U,U,U,U,U,U,U,U,U,U,U,U,U,U,U,U,U,U,0:115.65:2796382:0.0:0,[0:117.99:3006608:5.05:5
BIDU_010320C125,U,U,U,U,U,U,U,U,U,U,U,U,U,U,U,U,U,U,U,U,U,0:115.65:2796382:0.0:0,[0:117.99:3006608:2.4:46
BIDU_010320C111,U,U,U,U,U,U,U,U,U,U,U,U,U,U,U,U,U,U,U,U,U,0:115.65:2796382:0.0:0,[0:117.99:3006608:0.0:0
BIDU_010320C124,U,U,U,U,U,U,U,U,U,U,U,U,U,U,U,U,U,U,U,U,U,0:115.65:2796382:0.0:0,[0:117.99:3006608:2.49:3
BIDU_010320C120,U,U,U,U,U,U,U,U,U,U,U,U,U,U,U,U,U,U,U,U,U,0:115.65:2796382:0.0:0,[0:117.99:3006608:3.93:21
BIDU_010320C110,U,U,U,U,U,U,U,U,U,U,U,U,U,U,U,U,U,U,U,U,U,0:115.65:2796382:0.0:0,[0:117.99:3006608:0.0:0
BIDU_010320C106,U,U,U,U,U,U,U,U,U,U,U,U,U,U,U,U,U,U,U,U,U,0:115.65:2796382:0.0:0,0:117.99:3006608:0.0:0
BIDU_010320C112,U,U,U,U,U,U,U,U,U,U,U,U,U,U,U,U,U,U,U,U,U,0:115.65:2796382:0.0:0,[0:117.99:3006608:0.0:0
BIDU_010320C117,U,U,U,U,U,U,U,U,U,U,U,U,U,U,U,U,U,U,U,U,U,0:115.65:2796382:4.32:1,[1:117.99:3006608:5.01:5
BIDU_010320C122,U,U,U,U,U,U,U,U,U,U,U,U,U,U,U,U,U,U,U,U,U,0:115.65:2796382:0.0:0,[0:117.99:3006608:3.12:1
BIDU_010320C119,U,U,U,U,U,U,U,U,U,U,U,U,U,U,U,U,U,U,U,U,U,0:115.65:2796382:0.0:0,[0:117.99:3006608:4.34:1
BIDU_010320C121,U,U,U,U,U,U,U,U,U,U,U,U,U,U,U,U,U,U,U,U,U,0:115.65:2796382:0.0:0,[0:117.99:3006608:3.25:7
BIDU_010320C116,U,U,U,U,U,U,U,U,U,U,U,U,U,U,U,U,U,U,U,U,U,0:115.65:2796382:0.0:0,[0:117.99:3006608:5.63:4
BIDU_010320C113,U,U,U,U,U,U,U,U,U,U,U,U,U,U,U,U,U,U,U,U,U,0:115.65:2796382:0.0:0,[0:117.99:3006608:0.0:0
BIDU_122019C127,U,U,U,U,U,U,U,U,U,U,U,U,U,U,U,U,U,U,U,U,U,U,95:117.99:3006608:1.26:105
BIDU_010320C127,U,U,U,U,U,U,U,U,U,U,U,U,U,U,U,U,U,U,U,U,U,U,0:117.99:3006608:1.8:6
BIDU_010320C126,U,U,U,U,U,U,U,U,U,U,U,U,U,U,U,U,U,U,U,U,U,U,1:117.99:3006608:1.95:3
