Symbol,20191024,20191025,20191028,20191029,20191030,20191031,20191101,20191104,20191105,20191106,20191107,20191108,20191111,20191112,20191113,20191114,20191115,20191118,20191119,20191120,20191121,20191122
COST_112219P272.5,36.0,36:296.5,36:298.94,36:295.86,36:299.84,36:297.11,33.0,34:296.82,34:299.18,34:301.57,34:305.21:2399347:0.07:2,33:302.62:1492559:0.25:1,32:300.84:1110020:0.05:2,32:300.5:1439161:0.06:24,29:302.9:1514298:0.06:0,29:304.59:1255483:0.06:0,29:303.66:1613590:0.06:0,29:304.54:1241527:0.01:5,27:302.24:1760759:0.01:0,27:300.72:1153529:0.01:0,U:300.27:1302385:U:U,27:299.31:1277135:0.01:0
COST_112219P275,51.0,49:296.5,47:298.94,45:295.86,48:299.8201,48:297.11,58.0,59:296.82,79:299.18,85:301.57,85:305.21:2399347:0.11:11,81:302.62:1492559:0.18:6,82:300.84:1110020:0.18:0,82:300.5:1439161:0.08:2,80:302.9:1514298:0.08:0,80:304.59:1255483:0.05:4,76:303.66:1613590:0.04:11,65:304.54:1241527:0.03:1,65:302.24:1760759:0.03:0,65:300.72:1153529:0.01:8,61:300.27:1302385:0.01:0,[61:299.31:1277135:0.01:5
COST_112219P277.5,42.0,42:296.5,50:298.94,50:295.86,52:299.8201,55:297.11,66.0,70:296.82,70:299.18,69:301.57,77:305.21:2399347:0.12:21,72:302.62:1492559:0.12:0,72:300.84:1110020:0.11:108,162:300.5:1439161:0.11:17,162:302.9:1514298:0.05:2,162:304.59:1255483:0.05:3,163:303.66:1613590:0.04:1,163:304.54:1241527:0.02:21,175:302.24:1760759:0.02:0,175:300.72:1153529:0.02:70,224:300.27:1302385:0.03:1,[224:299.31:1277135:0.03:0
COST_112219P280,116.0,115:296.5,116:298.94,118:295.86,117:299.8201,119:297.11,131.0,133:296.82,133:299.18,146:301.57,146:305.21:2399347:0.2:23,141:302.62:1492559:0.27:27,156:300.84:1110020:0.15:107,215:300.5:1439161:0.17:70,247:302.9:1514298:0.07:30,247:304.59:1255483:0.07:4,246:303.66:1613590:0.03:26,245:304.54:1241527:0.01:33,250:302.24:1760759:0.02:11,249:300.72:1153529:0.04:10,248:300.27:1302385:0.01:1,[248:299.31:1277135:0.01:0
COST_112219P282.5,190.0,190:296.5,208:298.94,243:295.86,251:299.8201,249:297.11,269.0,273:296.82,281:299.18,294:301.57,295:305.21:2399347:0.23:52,273:302.62:1492559:0.39:11,284:300.84:1110020:0.21:57,331:300.5:1439161:0.21:6,331:302.9:1514298:0.1:11,324:304.59:1255483:0.06:5,323:303.66:1613590:0.04:178,U:304.54:1241527::,458:302.24:1760759:0.04:16,468:300.72:1153529:0.06:122,510:300.27:1302385:0.02:4,[510:299.31:1277135:0.01:2
COST_112219P285,153.0,153:296.5,168:298.94,166:295.86,166:299.84,168:297.11,185.0,206:296.82,315:299.18,370:301.57,380:305.21:2399347:0.26:32,373:302.62:1492559:0.42:75,419:300.84:1110020:0.3:281,588:300.5:1439161:0.3:67,602:302.9:1514298:0.17:6,603:304.59:1255483:0.11:50,643:303.66:1613590:0.1:141,637:304.54:1241527:0.03:15,637:302.24:1760759:0.04:230,713:300.72:1153529:0.02:212,702:300.27:1302385:0.02:0,[702:299.31:1277135:0.01:6
COST_112219P287.5,50.0,51:296.5,62:298.94,63:295.86,64:299.86,63:297.11,86.0,100:296.82,175:299.18,234:301.57,244:305.21:2399347:0.42:34,245:302.62:1492559:0.56:40,245:300.84:1110020:0.5:52,270:300.5:1439161:0.51:30,290:302.9:1514298:0.24:62,334:304.59:1255483:0.18:292,585:303.66:1613590:0.11:43,U:304.54:1241527::,654:302.24:1760759:0.07:143,738:300.72:1153529:0.09:27,735:300.27:1302385:0.02:19,[718:299.31:1277135:0.01:54
COST_112219P290,132.0,135:296.5,129:298.94,135:295.86,135:299.86,138:297.11,145.0,153:296.82,200:299.18,255:301.57,255:305.21:2399347:0.46:93,242:302.62:1492559:0.72:131,266:300.84:1110020:0.63:241,373:300.5:1439161:0.71:82,417:302.9:1514298:0.37:107,448:304.59:1255483:0.25:93,449:303.66:1613590:0.19:161,511:304.54:1241527:0.09:345,621:302.24:1760759:0.11:457,924:300.72:1153529:0.12:163,981:300.27:1302385:0.04:40,[963:299.31:1277135:0.01:89
COST_112219P292.5,68.0,71:296.5,71:298.94,76:295.86,80:299.86,80:297.11,113.0,118:296.82,119:299.18,129:301.57,131:305.21:2399347:0.86:106,145:302.62:1492559:0.97:38,172:300.84:1110020:0.93:150,260:300.5:1439161:1.03:92,319:302.9:1514298:0.42:49,316:304.59:1255483:0.28:326,518:303.66:1613590:0.34:288,556:304.54:1241527:0.12:148,628:302.24:1760759:0.19:134,724:300.72:1153529:0.15:171,784:300.27:1302385:0.06:68,[801:299.31:1277135:0.01:448
COST_112219P295,50.0,51:296.5,55:298.94,54:295.86,58:299.87,58:297.11,59.0,60:296.82,65:299.18,73:301.57,79:305.21:2399347:1.09:73,119:302.62:1492559:1.48:60,146:300.84:1110020:1.36:344,462:300.5:1439161:1.45:200,525:302.9:1514298:0.82:253,540:304.59:1255483:0.47:121,603:303.66:1613590:0.55:387,U:304.54:1241527::,908:302.24:1760759:0.32:527,1036:300.72:1153529:0.33:447,885:300.27:1302385:0.11:285,[952:299.31:1277135:0.03:565
COST_112219P297.5,17.0,17:296.5,27:298.94,33:295.86,32:299.83,35:297.11,57.0,50:296.82,50:299.18,64:301.57,62:305.21:2399347:1.65:73,73:302.62:1492559:2.05:59,125:300.84:1110020:2.02:52,151:300.5:1439161:2.18:90,203:302.9:1514298:1.1:121,234:304.59:1255483:0.72:227,325:303.66:1613590:0.89:198,431:304.54:1241527:0.42:223,564:302.24:1760759:0.58:675,1070:300.72:1153529:0.62:679,983:300.27:1302385:0.32:428,[972:299.31:1277135:0.01:1150
COST_112219P300,91.0,89:296.5,87:298.94,88:295.86,91:299.8,101:297.11,74.0,74:296.82,80:299.18,88:301.57,89:305.21:2399347:2.18:146,114:302.62:1492559:2.7:133,204:300.84:1110020:2.82:187,329:300.5:1439161:3.45:190,449:302.9:1514298:1.92:187,428:304.59:1255483:1.19:166,443:303.66:1613590:1.43:480,712:304.54:1241527:0.74:605,883:302.24:1760759:1.3:612,1118:300.72:1153529:1.43:525,1150:300.27:1302385:1.22:754,[1214:299.31:1277135:0.92:1028
COST_112219P302.5,44.0,46:296.5,45:298.94,45:295.86,36:299.8,36:297.11,36.0,36:296.82,32:299.18,32:301.57,47:305.21:2399347:2.79:59,73:302.62:1492559:3.56:93,100:300.84:1110020:4.15:43,133:300.5:1439161:4.45:121,213:302.9:1514298:2.66:146,228:304.59:1255483:1.94:204,261:303.66:1613590:2.29:626,534:304.54:1241527:1.38:486,741:302.24:1760759:2.14:509,810:300.72:1153529:3.06:272,782:300.27:1302385:2.82:229,[675:299.31:1277135:3.43:342
COST_112219P305,53.0,53:296.5,53:298.94,53:295.86,53:299.8,53:297.11,53.0,53:296.82,53:299.18,60:301.57,62:305.21:2399347:3.8:90,80:302.62:1492559:5.15:104,113:300.84:1110020:6.4:13,118:300.5:1439161:5.74:48,140:302.9:1514298:4.17:141,214:304.59:1255483:2.91:326,274:303.66:1613590:3.58:185,374:304.54:1241527:2.41:236,400:302.24:1760759:3.7:238,466:300.72:1153529:5.35:234,375:300.27:1302385:4.75:57,[343:299.31:1277135:5.9:100
COST_112219P307.5,33.0,33:296.5,33:298.94,33:295.86,33:299.8,33:297.11,38.0,47:296.82,47:299.18,50:301.57,50:305.21:2399347:4.27:39,48:302.62:1492559:6.45:32,52:300.84:1110020:6.45:0,52:300.5:1439161:6.45:0,52:302.9:1514298:6.45:0,52:304.59:1255483:4.71:93,113:303.66:1613590:5.35:96,108:304.54:1241527:4.0:58,121:302.24:1760759:5.8:35,131:300.72:1153529:8.27:23,126:300.27:1302385:7.19:12,[127:299.31:1277135:8.68:61
COST_112219P310,1.0,1:296.5,1:298.94,1:295.86,1:299.8138,10:297.11,10.0,10:296.82,11:299.18,12:301.57,12:305.21:2399347:5.85:21,21:302.62:1492559:5.85:0,21:300.84:1110020:9.66:11,12:300.5:1439161:9.66:0,12:302.9:1514298:7.9:20,22:304.59:1255483:7.45:17,32:303.66:1613590:7.24:40,U:304.54:1241527::,64:302.24:1760759:7.9:12,63:300.72:1153529:9.08:41,4:300.27:1302385:9.4:0,[4:299.31:1277135:9.4:0
COST_112219P312.5,0.0,0:296.5,0:298.94,0:295.86,0:299.8138,0:297.11,0.0,0:296.82,0:299.18,0:301.57,0:305.21:2399347:8.76:9,6:302.62:1492559:10.4:5,11:300.84:1110020:10.4:0,11:300.5:1439161:10.4:0,11:302.9:1514298:9.0:3,11:304.59:1255483:9.65:2,11:303.66:1613590:8.5:1,U:304.54:1241527::,15:302.24:1760759:9.55:8,11:300.72:1153529:11.58:1,3:300.27:1302385:11.58:0,[3:299.31:1277135:11.58:0
COST_112219P315,3.0,3:296.5,3:298.94,3:295.86,3:299.8138,3:297.11,3.0,4:296.82,4:299.18,4:301.57,4:305.21:2399347:10.84:2,5:302.62:1492559:12.22:2,6:300.84:1110020:12.22:0,6:300.5:1439161:12.22:0,3:302.9:1514298:12.22:0,3:304.59:1255483:12.22:0,3:303.66:1613590:11.95:3,6:304.54:1241527:9.2:2,7:302.24:1760759:13.0:1,0:300.72:1153529:13.0:0,0:300.27:1302385:13.0:0,[0:299.31:1277135:13.0:0
COST_112219P317.5,0.0,0:296.5,0:298.94,0:295.86,0:299.87,0:297.11,0.0,0:296.82,0:299.18,0:301.57,0:305.21:2399347:11.5:4,4:302.62:1492559:11.5:0,4:300.84:1110020:11.5:0,4:300.5:1439161:11.5:0,0:302.9:1514298:11.5:0,0:304.59:1255483:11.5:0,0:303.66:1613590:11.5:0,U:304.54:1241527::,0:302.24:1760759:11.5:0,0:300.72:1153529:11.5:0,0:300.27:1302385:11.5:0,[0:299.31:1277135:11.5:0
COST_112219P320,0.0,0:296.5,0:298.94,0:295.86,0:299.87,0:297.11,0.0,0:296.82,0:299.18,0:301.57,0:305.21:2399347:0.0:0,0:302.62:1492559:0.0:0,0:300.84:1110020:0.0:0,0:300.5:1439161:0.0:0,0:302.9:1514298:0.0:0,0:304.59:1255483:0.0:0,0:303.66:1613590:0.0:0,U:304.54:1241527::,0:302.24:1760759:0.0:0,0:300.72:1153529:0.0:0,0:300.27:1302385:0.0:0,[0:299.31:1277135:0.0:0
COST_112919P272.5,11.0,14:296.5,15:298.94,15:295.86,15:299.87,44:297.11,44.0,44:296.82,48:299.18,49:301.57,49:305.21:2399347:0.26:0,49:302.62:1492559:0.26:0,49:300.84:1110020:0.14:1,49:300.5:1439161:0.14:0,49:302.9:1514298:0.14:0,49:304.59:1255483:0.14:0,49:303.66:1613590:0.14:0,U:304.54:1241527::,48:302.24:1760759:0.03:0,48:300.72:1153529:0.03:0,48:300.27:1302385:0.03:0,48:299.31:1277135:0.03:0
COST_112919P275,34.0,37:296.5,135:298.94,135:295.86,130:299.855,139:297.11,144.0,144:296.82,144:299.18,174:301.57,167:305.21:2399347:0.1:1,167:302.62:1492559:0.23:2,165:300.84:1110020:0.15:5,164:300.5:1439161:0.3:1,165:302.9:1514298:0.12:1,165:304.59:1255483:0.08:7,171:303.66:1613590:0.04:6,171:304.54:1241527:0.01:4,171:302.24:1760759:0.03:1,170:300.72:1153529:0.05:69,U:300.27:1302385:U:U,[236:299.31:1277135:0.15:0
COST_112919P277.5,39.0,40:296.5,40:298.94,43:295.86,41:299.855,60:297.11,61.0,68:296.82,78:299.18,81:301.57,81:305.21:2399347:0.24:17,92:302.62:1492559:0.35:1,92:300.84:1110020:0.29:13,88:300.5:1439161:0.22:34,73:302.9:1514298:0.11:16,69:304.59:1255483:0.11:0,69:303.66:1613590:0.08:7,67:304.54:1241527:0.02:6,65:302.24:1760759:0.02:0,65:300.72:1153529:0.06:1,65:300.27:1302385:0.06:0,[65:299.31:1277135:0.06:0
COST_112919P280,60.0,66:296.5,84:298.94,83:295.86,82:299.86,105:297.11,118.0,174:296.82,171:299.18,183:301.57,164:305.21:2399347:0.33:39,158:302.62:1492559:0.41:15,160:300.84:1110020:0.31:14,165:300.5:1439161:0.28:1,165:302.9:1514298:0.17:40,163:304.59:1255483:0.13:156,293:303.66:1613590:0.1:35,U:304.54:1241527::,304:302.24:1760759:0.07:3,304:300.72:1153529:0.09:277,330:300.27:1302385:0.07:101,[425:299.31:1277135:0.06:19
COST_112919P282.5,37.0,48:296.5,69:298.94,64:295.86,65:299.86,70:297.11,71.0,74:296.82,74:299.18,74:301.57,77:305.21:2399347:0.36:18,61:302.62:1492559:0.58:18,75:300.84:1110020:0.43:52,122:300.5:1439161:0.43:17,128:302.9:1514298:0.22:6,122:304.59:1255483:0.22:2,120:303.66:1613590:0.16:2,120:304.54:1241527:0.16:0,120:302.24:1760759:0.12:43,128:300.72:1153529:0.11:27,112:300.27:1302385:0.09:1,[112:299.31:1277135:0.06:3
COST_112919P285,45.0,51:296.5,52:298.94,57:295.86,72:299.86,73:297.11,76.0,140:296.82,141:299.18,158:301.57,136:305.21:2399347:0.51:53,132:302.62:1492559:0.68:565,264:300.84:1110020:0.55:12,270:300.5:1439161:0.61:32,280:302.9:1514298:0.35:13,282:304.59:1255483:0.27:20,289:303.66:1613590:0.19:65,U:304.54:1241527::,319:302.24:1760759:0.16:62,323:300.72:1153529:0.24:353,554:300.27:1302385:0.14:197,[465:299.31:1277135:0.12:452
COST_112919P287.5,38.0,41:296.5,54:298.94,60:295.86,62:299.86,63:297.11,322.0,373:296.82,418:299.18,424:301.57,418:305.21:2399347:0.67:359,318:302.62:1492559:0.88:79,294:300.84:1110020:0.77:389,577:300.5:1439161:0.74:20,588:302.9:1514298:0.42:28,580:304.59:1255483:0.39:1,580:303.66:1613590:0.3:24,581:304.54:1241527:0.2:19,578:302.24:1760759:0.26:82,535:300.72:1153529:0.43:126,641:300.27:1302385:0.21:72,[710:299.31:1277135:0.89:424
COST_112919P290,130.0,131:296.5,143:298.94,166:295.86,188:299.84,190:297.11,486.0,489:296.82,498:299.18,497:301.57,470:305.21:2399347:0.7:345,290:302.62:1492559:1.07:144,234:300.84:1110020:1.02:91,249:300.5:1439161:1.13:30,249:302.9:1514298:0.62:34,244:304.59:1255483:0.54:37,236:303.66:1613590:0.46:76,252:304.54:1241527:0.29:111,256:302.24:1760759:0.37:66,284:300.72:1153529:0.49:386,506:300.27:1302385:0.38:149,[578:299.31:1277135:0.23:581
COST_112919P292.5,35.0,70:296.5,75:298.94,85:295.86,86:299.835,97:297.11,96.0,100:296.82,103:299.18,109:301.57,120:305.21:2399347:1.07:61,116:302.62:1492559:1.57:71,159:300.84:1110020:1.35:19,160:300.5:1439161:1.56:10,164:302.9:1514298:0.93:5,166:304.59:1255483:0.63:44,181:303.66:1613590:0.66:104,U:304.54:1241527::,214:302.24:1760759:0.58:244,410:300.72:1153529:0.86:450,549:300.27:1302385:0.61:168,[635:299.31:1277135:0.4:774
COST_112919P295,73.0,90:296.5,98:298.94,133:295.86,133:299.86,122:297.11,157.0,147:296.82,153:299.18,146:301.57,135:305.21:2399347:1.59:84,107:302.62:1492559:1.92:81,139:300.84:1110020:1.9:85,181:300.5:1439161:2.08:32,196:302.9:1514298:1.2:175,324:304.59:1255483:1.19:56,358:303.66:1613590:1.02:112,408:304.54:1241527:0.62:127,442:302.24:1760759:0.88:574,713:300.72:1153529:1.12:1004,1169:300.27:1302385:1.0:426,[1150:299.31:1277135:0.69:677
COST_112919P297.5,75.0,75:296.5,77:298.94,79:295.86,83:299.86,85:297.11,85.0,118:296.82,117:299.18,120:301.57,120:305.21:2399347:1.82:51,89:302.62:1492559:2.65:24,90:300.84:1110020:2.55:7,91:300.5:1439161:2.8:22,103:302.9:1514298:1.58:143,214:304.59:1255483:1.4:29,231:303.66:1613590:1.44:31,249:304.54:1241527:0.97:69,279:302.24:1760759:1.44:195,419:300.72:1153529:1.76:775,971:300.27:1302385:1.66:146,[1031:299.31:1277135:1.32:727
COST_112919P300,110.0,96:296.5,107:298.94,106:295.86,108:299.84,156:297.11,143.0,138:296.82,140:299.18,147:301.57,146:305.21:2399347:2.5:95,192:302.62:1492559:3.45:37,200:300.84:1110020:3.65:140,295:300.5:1439161:3.66:114,305:302.9:1514298:2.18:127,419:304.59:1255483:1.9:191,417:303.66:1613590:2.16:259,U:304.54:1241527::,427:302.24:1760759:2.15:101,437:300.72:1153529:2.62:317,499:300.27:1302385:2.8:264,[575:299.31:1277135:2.37:438
COST_112919P302.5,72.0,53:296.5,53:298.94,53:295.86,53:299.84,73:297.11,53.0,53:296.82,53:299.18,55:301.57,56:305.21:2399347:3.6:18,57:302.62:1492559:4.35:9,56:300.84:1110020:4.85:50,68:300.5:1439161:5.5:2,66:302.9:1514298:3.13:40,73:304.59:1255483:2.7:171,97:303.66:1613590:3.05:48,U:304.54:1241527::,201:302.24:1760759:3.1:133,208:300.72:1153529:3.8:228,285:300.27:1302385:4.1:34,[269:299.31:1277135:4.15:219
COST_112919P305,43.0,46:296.5,46:298.94,46:295.86,46:299.81,42:297.11,42.0,42:296.82,42:299.18,46:301.57,47:305.21:2399347:4.62:31,67:302.62:1492559:6.1:13,67:300.84:1110020:6.5:14,79:300.5:1439161:7.55:2,79:302.9:1514298:4.4:4,70:304.59:1255483:3.99:60,121:303.66:1613590:4.2:120,189:304.54:1241527:3.4:155,227:302.24:1760759:4.58:34,247:300.72:1153529:6.25:130,214:300.27:1302385:5.43:59,[222:299.31:1277135:6.1:95
COST_112919P307.5,4.0,6:296.5,6:298.94,6:295.86,6:299.81,6:297.11,6.0,6:296.82,6:299.18,9:301.57,9:305.21:2399347:5.32:52,59:302.62:1492559:7.02:10,49:300.84:1110020:7.02:0,49:300.5:1439161:8.39:1,49:302.9:1514298:5.94:2,51:304.59:1255483:5.3:83,108:303.66:1613590:5.72:126,U:304.54:1241527::,122:302.24:1760759:5.65:6,119:300.72:1153529:8.28:3,117:300.27:1302385:6.97:1,[116:299.31:1277135:8.4:57
COST_112919P310,4.0,4:296.5,4:298.94,4:295.86,4:299.81,8:297.11,8.0,8:296.82,8:299.18,8:301.57,8:305.21:2399347:7.3:1,8:302.62:1492559:8.5:5,10:300.84:1110020:9.9:13,23:300.5:1439161:9.9:0,23:302.9:1514298:7.4:4,24:304.59:1255483:6.1:2,26:303.66:1613590:6.1:0,26:304.54:1241527:5.58:1,26:302.24:1760759:7.4:3,26:300.72:1153529:7.4:0,26:300.27:1302385:9.16:1,[26:299.31:1277135:9.16:0
COST_112919P312.5,0.0,0:296.5,0:298.94,0:295.86,0:299.8507,0:297.11,0.0,0:296.82,0:299.18,0:301.57,0:305.21:2399347:7.85:1,1:302.62:1492559:7.85:0,1:300.84:1110020:7.85:0,1:300.5:1439161:7.85:0,1:302.9:1514298:7.85:0,1:304.59:1255483:7.85:0,1:303.66:1613590:7.85:0,1:304.54:1241527:7.85:0,1:302.24:1760759:7.85:0,1:300.72:1153529:7.85:0,1:300.27:1302385:7.85:0,[1:299.31:1277135:7.85:0
COST_112919P315,0.0,0:296.5,0:298.94,0:295.86,0:299.8507,0:297.11,0.0,0:296.82,0:299.18,0:301.57,0:305.21:2399347:9.2:20,19:302.62:1492559:13.02:1,19:300.84:1110020:13.02:0,19:300.5:1439161:14.1:1,19:302.9:1514298:14.1:0,19:304.59:1255483:14.1:0,19:303.66:1613590:14.1:0,U:304.54:1241527::,21:302.24:1760759:10.99:2,21:300.72:1153529:10.99:0,8:300.27:1302385:10.99:0,[8:299.31:1277135:10.99:0
COST_112919P317.5,0.0,0:296.5,0:298.94,0:295.86,0:299.8329,0:297.11,0.0,0:296.82,0:299.18,0:301.57,0:305.21:2399347:0.0:0,0:302.62:1492559:0.0:0,0:300.84:1110020:0.0:0,0:300.5:1439161:0.0:0,0:302.9:1514298:0.0:0,0:304.59:1255483:0.0:0,0:303.66:1613590:0.0:0,0:304.54:1241527:0.0:0,0:302.24:1760759:0.0:0,0:300.72:1153529:0.0:0,0:300.27:1302385:0.0:0,[0:299.31:1277135:0.0:0
COST_112919P320,0.0,0:296.5,0:298.94,0:295.86,0:299.8329,0:297.11,0.0,0:296.82,0:299.18,0:301.57,0:305.21:2399347:0.0:0,0:302.62:1492559:0.0:0,0:300.84:1110020:0.0:0,0:300.5:1439161:0.0:0,0:302.9:1514298:0.0:0,0:304.59:1255483:0.0:0,0:303.66:1613590:0.0:0,0:304.54:1241527:0.0:0,0:302.24:1760759:0.0:0,0:300.72:1153529:0.0:0,0:300.27:1302385:0.0:0,[0:299.31:1277135:0.0:0
COST_122019P250,31.0,32:296.5,33:298.94,35:295.86,35:299.8329,57:297.11,62.0,362:296.82,363:299.18,459:301.57,351:305.21:2399347:0.24:3,351:302.62:1492559:0.43:12,363:300.84:1110020:0.42:5,361:300.5:1439161:0.42:0,361:302.9:1514298:0.3:62,400:304.59:1255483:0.28:26,426:303.66:1613590:0.2:205,U:304.54:1241527::,554:302.24:1760759:0.23:11,543:300.72:1153529:0.25:2,545:300.27:1302385:0.22:2,546:299.31:1277135:0.18:1
COST_122019P255,37.0,39:296.5,52:298.94,60:295.86,60:299.85,60:297.11,236.0,237:296.82,256:299.18,258:301.57,257:305.21:2399347:0.39:24,250:302.62:1492559:0.54:32,268:300.84:1110020:0.5:4,267:300.5:1439161:0.53:1,267:302.9:1514298:0.4:3,267:304.59:1255483:0.34:1,266:303.66:1613590:0.29:15,256:304.54:1241527:0.24:1,255:302.24:1760759:0.24:0,255:300.72:1153529:0.37:13,268:300.27:1302385:0.37:0,268:299.31:1277135:0.27:8
COST_122019P260,119.0,126:296.5,129:298.94,135:295.86,135:299.85,136:297.11,158.0,158:296.82,164:299.18,164:301.57,364:305.21:2399347:0.62:245,177:302.62:1492559:0.78:4,181:300.84:1110020:0.68:79,226:300.5:1439161:0.74:14,225:302.9:1514298:0.54:16,227:304.59:1255483:0.5:10,231:303.66:1613590:0.38:11,230:304.54:1241527:0.33:50,193:302.24:1760759:0.44:7,193:300.72:1153529:0.45:5,205:300.27:1302385:0.47:7,206:299.31:1277135:0.5:11
COST_122019P265,28.0,31:296.5,49:298.94,54:295.86,64:299.86,69:297.11,74.0,131:296.82,156:299.18,198:301.57,211:305.21:2399347:0.74:18,212:302.62:1492559:0.96:35,237:300.84:1110020:0.88:102,262:300.5:1439161:0.95:7,266:302.9:1514298:0.77:15,271:304.59:1255483:0.66:31,280:303.66:1613590:0.57:23,U:304.54:1241527::,243:302.24:1760759:0.65:15,249:300.72:1153529:0.66:3,U:300.27:1302385:U:U,416:299.31:1277135:0.59:23
COST_122019P270,79.0,119:296.5,167:298.94,166:295.86,175:299.85,186:297.11,193.0,272:296.82,280:299.18,283:301.57,295:305.21:2399347:1.03:50,282:302.62:1492559:1.4:29,295:300.84:1110020:1.23:47,298:300.5:1439161:1.28:40,309:302.9:1514298:1.06:42,333:304.59:1255483:0.89:19,343:303.66:1613590:0.8:110,U:304.54:1241527:1.11:4:304.54:1241527:.1:,472:302.24:1760759:0.92:252,658:300.72:1153529:0.98:14,U:300.27:1302385:U:U,[683:299.31:1277135:0.87:23
COST_122019P275,305.0,322:296.5,395:298.94,411:295.86,449:299.87,588:297.11,596.0,623:296.82,702:299.18,751:301.57,770:305.21:2399347:1.46:87,765:302.62:1492559:1.78:100,758:300.84:1110020:1.67:45,774:300.5:1439161:1.71:80,804:302.9:1514298:1.33:52,804:304.59:1255483:1.21:37,794:303.66:1613590:1.18:200,901:304.54:1241527:1.05:93,909:302.24:1760759:1.3:108,938:300.72:1153529:1.57:35,977:300.27:1302385:1.37:59,[988:299.31:1277135:1.29:69
COST_122019P280,74.0,82:296.5,178:298.94,212:295.86,255:299.85,268:297.11,296.0,361:296.82,383:299.18,373:301.57,396:305.21:2399347:1.9:125,414:302.62:1492559:2.3:113,462:300.84:1110020:2.26:58,494:300.5:1439161:2.36:117,574:302.9:1514298:1.94:105,599:304.59:1255483:1.65:57,637:303.66:1613590:1.63:131,U:304.54:1241527::,850:302.24:1760759:1.89:232,901:300.72:1153529:2.12:108,960:300.27:1302385:1.99:101,[938:299.31:1277135:1.92:106
COST_122019P285,21.0,30:296.5,48:298.94,70:295.86,107:299.81,154:297.11,235.0,278:296.82,824:299.18,859:301.57,847:305.21:2399347:2.59:165,885:302.62:1492559:3.05:73,930:300.84:1110020:3.11:123,979:300.5:1439161:3.25:75,1019:302.9:1514298:2.68:86,1052:304.59:1255483:2.31:33,1067:303.66:1613590:2.36:159,1087:304.54:1241527:2.05:172,1202:302.24:1760759:2.64:150,1310:300.72:1153529:2.98:55,1334:300.27:1302385:2.8:35,[1337:299.31:1277135:2.79:77
COST_122019P290,88.0,97:296.5,117:298.94,144:295.86,183:299.81,187:297.11,240.0,278:296.82,286:299.18,278:301.57,329:305.21:2399347:3.62:454,517:302.62:1492559:4.1:112,537:300.84:1110020:4.34:228,593:300.5:1439161:4.2:114,595:302.9:1514298:3.76:174,636:304.59:1255483:3.2:104,647:303.66:1613590:3.3:180,U:304.54:1241527::,704:302.24:1760759:3.68:238,796:300.72:1153529:4.15:97,797:300.27:1302385:4.1:66,[810:299.31:1277135:3.99:134
COST_122019P295,51.0,91:296.5,138:298.94,98:295.86,101:299.81,115:297.11,155.0,184:296.82,235:299.18,243:301.57,285:305.21:2399347:4.85:166,345:302.62:1492559:5.5:71,361:300.84:1110020:5.77:68,374:300.5:1439161:5.8:866,1026:302.9:1514298:5.09:133,1130:304.59:1255483:4.51:59,1119:303.66:1613590:4.6:55,U:304.54:1241527::,1167:302.24:1760759:5.08:126,1245:300.72:1153529:5.65:110,1279:300.27:1302385:5.8:8,[1278:299.31:1277135:5.6:116
COST_122019P300,41.0,72:296.5,88:298.94,102:295.86,106:299.81,122:297.11,183.0,219:296.82,263:299.18,266:301.57,274:305.21:2399347:6.52:487,594:302.62:1492559:7.25:139,698:300.84:1110020:7.71:186,676:300.5:1439161:8.02:99,645:302.9:1514298:6.85:127,581:304.59:1255483:6.18:55,602:303.66:1613590:6.5:189,653:304.54:1241527:5.75:275,733:302.24:1760759:7.07:162,734:300.72:1153529:7.65:455,827:300.27:1302385:7.8:43,[830:299.31:1277135:7.84:142
COST_122019P305,44.0,44:296.5,45:298.94,46:295.86,46:299.845,61:297.11,55.0,54:296.82,76:299.18,77:301.57,87:305.21:2399347:8.32:73,129:302.62:1492559:9.55:78,157:300.84:1110020:10.06:40,160:300.5:1439161:10.8:25,163:302.9:1514298:9.16:91,173:304.59:1255483:8.5:63,201:303.66:1613590:8.58:154,267:304.54:1241527:7.8:146,304:302.24:1760759:9.35:154,403:300.72:1153529:10.4:120,389:300.27:1302385:10.47:7,[391:299.31:1277135:10.41:40
COST_122019P310,32.0,35:296.5,38:298.94,45:295.86,45:299.845,46:297.11,46.0,46:296.82,46:299.18,44:301.57,44:305.21:2399347:11.0:45,55:302.62:1492559:12.94:11,65:300.84:1110020:13.45:2,65:300.5:1439161:13.13:2,65:302.9:1514298:12.9:1,66:304.59:1255483:11.9:45,84:303.66:1613590:10.6:45,122:304.54:1241527:10.5:14,125:302.24:1760759:12.05:4,123:300.72:1153529:13.3:3,121:300.27:1302385:13.3:0,[121:299.31:1277135:14.27:23
COST_122019P315,27.0,27:296.5,28:298.94,28:295.86,28:299.845,31:297.11,33.0,33:296.82,33:299.18,33:301.57,38:305.21:2399347:12.85:6,41:302.62:1492559:15.25:2,41:300.84:1110020:15.25:0,41:300.5:1439161:15.25:0,41:302.9:1514298:15.25:0,41:304.59:1255483:15.5:10,42:303.66:1613590:14.7:18,59:304.54:1241527:13.05:1,58:302.24:1760759:15.51:3,57:300.72:1153529:15.51:0,57:300.27:1302385:15.51:0,[57:299.31:1277135:15.51:0
COST_122019P320,15.0,16:296.5,17:298.94,17:295.86,17:299.83,17:297.11,17.0,20:296.82,23:299.18,23:301.57,23:305.21:2399347:24.15:0,23:302.62:1492559:19.2:1,23:300.84:1110020:19.2:0,23:300.5:1439161:21.4:5,28:302.9:1514298:21.4:0,28:304.59:1255483:21.4:0,28:303.66:1613590:21.4:0,28:304.54:1241527:16.91:1,28:302.24:1760759:16.91:0,28:300.72:1153529:16.91:0,28:300.27:1302385:16.91:0,[28:299.31:1277135:21.25:1
COST_122019P325,14.0,17:296.5,17:298.94,17:295.86,17:299.835,17:297.11,17.0,15:296.82,13:299.18,13:301.57,13:305.21:2399347:28.55:0,13:302.62:1492559:23.25:10,23:300.84:1110020:23.25:0,23:300.5:1439161:23.25:0,23:302.9:1514298:23.25:0,23:304.59:1255483:23.25:0,23:303.66:1613590:23.25:0,23:304.54:1241527:23.25:0,23:302.24:1760759:23.65:1,24:300.72:1153529:23.65:0,24:300.27:1302385:24.5:1,24:299.31:1277135:24.5:0
COST_122019P330,1.0,1:296.5,1:298.94,1:295.86,1:299.77,1:297.11,1.0,1:296.82,1:299.18,1:301.57,1:305.21:2399347:25.5:9,10:302.62:1492559:25.5:0,10:300.84:1110020:25.5:0,10:300.5:1439161:25.5:0,10:302.9:1514298:25.5:0,10:304.59:1255483:25.5:0,10:303.66:1613590:25.5:0,10:304.54:1241527:25.5:0,10:302.24:1760759:25.5:0,10:300.72:1153529:25.5:0,10:300.27:1302385:25.5:0,10:299.31:1277135:25.5:0
COST_122019P335,0.0,0:296.5,0:298.94,0:295.86,0:299.8,0:297.11,0.0,0:296.82,0:299.18,0:301.57,0:305.21:2399347:0.0:0,0:302.62:1492559:0.0:0,0:300.84:1110020:0.0:0,0:300.5:1439161:0.0:0,0:302.9:1514298:0.0:0,0:304.59:1255483:0.0:0,0:303.66:1613590:0.0:0,0:304.54:1241527:0.0:0,0:302.24:1760759:0.0:0,0:300.72:1153529:0.0:0,0:300.27:1302385:0.0:0,0:299.31:1277135:0.0:0
COST_122019P340,0.0,0:296.5,0:298.94,0:295.86,0:299.8,0:297.11,0.0,0:296.82,0:299.18,0:301.57,0:305.21:2399347:0.0:0,0:302.62:1492559:0.0:0,0:300.84:1110020:0.0:0,0:300.5:1439161:0.0:0,0:302.9:1514298:0.0:0,0:304.59:1255483:0.0:0,0:303.66:1613590:0.0:0,0:304.54:1241527:0.0:0,0:302.24:1760759:0.0:0,0:300.72:1153529:0.0:0,0:300.27:1302385:0.0:0,0:299.31:1277135:0.0:0
COST_122019P345,0.0,0:296.5,0:298.94,0:295.86,0:299.8,0:297.11,0.0,0:296.82,0:299.18,0:301.57,0:305.21:2399347:0.0:0,0:302.62:1492559:0.0:0,0:300.84:1110020:0.0:0,0:300.5:1439161:0.0:0,0:302.9:1514298:0.0:0,0:304.59:1255483:0.0:0,0:303.66:1613590:0.0:0,0:304.54:1241527:0.0:0,0:302.24:1760759:0.0:0,0:300.72:1153529:0.0:0,U:300.27:1302385:U:U,0:299.31:1277135:0.0:0
COST_120619P297.5,0.0,0:296.5,26:298.94,26:295.86,42:299.8,54:297.11,74.0,87:296.82,100:299.18,101:301.57,99:305.21:2399347:2.49:25,74:302.62:1492559:3.67:5,77:300.84:1110020:3.82:13,82:300.5:1439161:3.95:82,161:302.9:1514298:2.59:8,160:304.59:1255483:2.4:22,165:303.66:1613590:2.56:79,U:304.54:1241527::,233:302.24:1760759:2.65:121,304:300.72:1153529:3.25:172,256:300.27:1302385:3.1:19,[265:299.31:1277135:2.91:306
COST_120619P275,0.0,5:296.5,15:298.94,17:295.86,65:299.815,105:297.11,114.0,138:296.82,137:299.18,143:301.57,144:305.21:2399347:0.31:2,144:302.62:1492559:0.49:10,134:300.84:1110020:0.45:32,149:300.5:1439161:0.43:3,150:302.9:1514298:0.38:2,150:304.59:1255483:0.38:0,150:303.66:1613590:0.38:0,150:304.54:1241527:0.14:2,148:302.24:1760759:0.14:0,148:300.72:1153529:0.21:38,U:300.27:1302385:.0:U,[147:299.31:1277135:0.15:27
COST_120619P315,0.0,0:296.5,0:298.94,0:295.86,0:299.8,0:297.11,0.0,0:296.82,0:299.18,0:301.57,0:305.21:2399347:0.0:0,0:302.62:1492559:0.0:0,0:300.84:1110020:0.0:0,0:300.5:1439161:0.0:0,0:302.9:1514298:0.0:0,0:304.59:1255483:0.0:0,0:303.66:1613590:0.0:0,0:304.54:1241527:0.0:0,0:302.24:1760759:0.0:0,0:300.72:1153529:0.0:0,0:300.27:1302385:0.0:0,[0:299.31:1277135:0.0:0
COST_120619P277.5,0.0,6:296.5,11:298.94,11:295.86,11:299.78,11:297.11,23.0,32:296.82,40:299.18,61:301.57,61:305.21:2399347:0.41:31,61:302.62:1492559:0.88:4,61:300.84:1110020:0.65:2,61:300.5:1439161:0.65:0,61:302.9:1514298:0.38:7,63:304.59:1255483:0.38:0,63:303.66:1613590:0.38:0,U:304.54:1241527::,65:302.24:1760759:0.25:3,63:300.72:1153529:0.25:0,63:300.27:1302385:0.23:20,[80:299.31:1277135:0.17:26
COST_120619P272.5,0.0,0:296.5,1:298.94,1:295.86,2:299.81,8:297.11,12.0,12:296.82,32:299.18,32:301.57,32:305.21:2399347:0.64:0,32:302.62:1492559:0.64:0,32:300.84:1110020:0.4:6,27:300.5:1439161:0.36:2,28:302.9:1514298:0.22:26,45:304.59:1255483:0.22:0,45:303.66:1613590:0.19:2,U:304.54:1241527::,54:302.24:1760759:0.15:16,59:300.72:1153529:0.14:10,U:300.27:1302385:U:U,69:299.31:1277135:0.1:2
COST_120619P287.5,0.0,0:296.5,0:298.94,0:295.86,0:299.81,0:297.11,1.0,12:296.82,67:299.18,81:301.57,86:305.21:2399347:1.07:28,68:302.62:1492559:1.48:16,75:300.84:1110020:1.55:14,79:300.5:1439161:1.3:35,93:302.9:1514298:0.94:6,96:304.59:1255483:0.85:11,96:303.66:1613590:0.83:68,156:304.54:1241527:0.61:85,226:302.24:1760759:0.8:70,272:300.72:1153529:0.94:16,274:300.27:1302385:0.74:31,[301:299.31:1277135:0.71:276
COST_120619P280,0.0,2:296.5,28:298.94,74:295.86,107:299.81,122:297.11,155.0,152:296.82,167:299.18,173:301.57,173:305.21:2399347:0.61:58,203:302.62:1492559:0.8:28,211:300.84:1110020:0.8:4,212:300.5:1439161:0.7:11,214:302.9:1514298:0.5:53,226:304.59:1255483:0.5:3,229:303.66:1613590:0.34:8,230:304.54:1241527:0.28:55,222:302.24:1760759:0.33:61,197:300.72:1153529:0.42:29,202:300.27:1302385:0.3:26,[195:299.31:1277135:0.26:92
COST_120619P285,0.0,0:296.5,23:298.94,38:295.86,44:299.81,45:297.11,46.0,48:296.82,51:299.18,58:301.57,60:305.21:2399347:0.9:56,63:302.62:1492559:1.18:24,65:300.84:1110020:1.15:10,70:300.5:1439161:1.18:21,88:302.9:1514298:0.83:9,94:304.59:1255483:0.7:2,96:303.66:1613590:0.66:27,112:304.54:1241527:0.48:40,125:302.24:1760759:0.6:26,140:300.72:1153529:0.63:52,175:300.27:1302385:0.55:51,[198:299.31:1277135:0.5:90
COST_120619P302.5,0.0,0:296.5,1:298.94,2:295.86,4:299.81,14:297.11,10.0,10:296.82,10:299.18,10:301.57,10:305.21:2399347:9.65:0,10:302.62:1492559:5.58:20,20:300.84:1110020:5.85:41,32:300.5:1439161:5.85:7,28:302.9:1514298:4.4:1,28:304.59:1255483:3.82:7,29:303.66:1613590:4.19:5,U:304.54:1241527::,31:302.24:1760759:4.54:10,32:300.72:1153529:4.4:17,35:300.27:1302385:5.28:18,[45:299.31:1277135:5.65:30
COST_120619P320,0.0,0:296.5,0:298.94,0:295.86,0:299.81,0:297.11,0.0,0:296.82,0:299.18,0:301.57,0:305.21:2399347:0.0:0,0:302.62:1492559:0.0:0,0:300.84:1110020:0.0:0,0:300.5:1439161:0.0:0,0:302.9:1514298:0.0:0,0:304.59:1255483:0.0:0,0:303.66:1613590:0.0:0,U:304.54:1241527::,0:302.24:1760759:0.0:0,0:300.72:1153529:0.0:0,0:300.27:1302385:0.0:0,[0:299.31:1277135:0.0:0
COST_120619P307.5,0.0,0:296.5,0:298.94,0:295.86,0:299.81,0:297.11,0.0,0:296.82,0:299.18,0:301.57,4:305.21:2399347:9.1:0,4:302.62:1492559:9.1:0,4:300.84:1110020:9.2:14,14:300.5:1439161:9.2:0,14:302.9:1514298:9.2:0,14:304.59:1255483:9.2:0,14:303.66:1613590:6.06:10,10:304.54:1241527:6.3:5,15:302.24:1760759:6.3:0,15:300.72:1153529:7.25:10,25:300.27:1302385:7.25:0,[25:299.31:1277135:7.25:0
COST_120619P300,0.0,1:296.5,6:298.94,7:295.86,9:299.81,10:297.11,15.0,26:296.82,33:299.18,40:301.57,46:305.21:2399347:3.61:18,59:302.62:1492559:4.45:6,60:300.84:1110020:4.77:48,66:300.5:1439161:5.25:15,67:302.9:1514298:3.27:32,75:304.59:1255483:3.1:46,67:303.66:1613590:3.3:85,U:304.54:1241527:.:,154:302.24:1760759:3.48:134,258:300.72:1153529:4.3:123,169:300.27:1302385:3.95:31,[179:299.31:1277135:4.0:380
COST_120619P295,0.0,2:296.5,22:298.94,23:295.86,26:299.87,26:297.11,30.0,34:296.82,40:299.18,47:301.57,36:305.21:2399347:2.2:45,56:302.62:1492559:2.86:21,75:300.84:1110020:2.92:61,136:300.5:1439161:2.95:7,141:302.9:1514298:2.05:29,161:304.59:1255483:1.72:85,242:303.66:1613590:1.95:23,248:304.54:1241527:1.49:47,252:302.24:1760759:2.0:231,378:300.72:1153529:2.57:45,405:300.27:1302385:2.28:99,[467:299.31:1277135:1.98:533
COST_120619P290,0.0,0:296.5,7:298.94,22:295.86,22:299.88,22:297.11,22.0,22:296.82,44:299.18,55:301.57,55:305.21:2399347:1.42:29,69:302.62:1492559:1.84:12,74:300.84:1110020:1.89:63,97:300.5:1439161:1.89:251,279:302.9:1514298:1.22:47,292:304.59:1255483:1.1:32,304:303.66:1613590:1.1:34,330:304.54:1241527:0.85:77,353:302.24:1760759:1.1:182,370:300.72:1153529:1.23:68,397:300.27:1302385:1.11:109,[465:299.31:1277135:0.98:146
COST_120619P317.5,0.0,0:296.5,0:298.94,0:295.86,0:299.81,0:297.11,0.0,0:296.82,0:299.18,0:301.57,0:305.21:2399347:0.0:0,0:302.62:1492559:0.0:0,0:300.84:1110020:0.0:0,0:300.5:1439161:0.0:0,0:302.9:1514298:15.51:3,3:304.59:1255483:15.51:0,3:303.66:1613590:15.51:0,3:304.54:1241527:15.51:0,3:302.24:1760759:15.51:0,3:300.72:1153529:15.51:0,3:300.27:1302385:15.51:0,[3:299.31:1277135:15.51:0
COST_120619P310,0.0,0:296.5,0:298.94,0:295.86,0:299.81,3:297.11,3.0,3:296.82,3:299.18,3:301.57,3:305.21:2399347:14.5:0,3:302.62:1492559:9.23:6,5:300.84:1110020:9.23:0,5:300.5:1439161:10.58:4,7:302.9:1514298:10.58:0,7:304.59:1255483:10.58:0,7:303.66:1613590:8.61:7,U:304.54:1241527::,15:302.24:1760759:9.53:2,16:300.72:1153529:9.53:0,16:300.27:1302385:9.53:0,[16:299.31:1277135:11.23:3
COST_120619P305,0.0,0:296.5,0:298.94,0:295.86,0:299.77,5:297.11,4.0,4:296.82,4:299.18,23:301.57,28:305.21:2399347:5.46:25,48:302.62:1492559:6.7:9,51:300.84:1110020:6.77:2,51:300.5:1439161:8.05:2,50:302.9:1514298:5.4:35,69:304.59:1255483:5.93:5,70:303.66:1613590:5.7:24,U:304.54:1241527::,82:302.24:1760759:6.18:13,71:300.72:1153529:7.33:44,77:300.27:1302385:6.74:12,[87:299.31:1277135:7.13:29
COST_120619P312.5,0.0,0:296.5,0:298.94,0:295.86,0:299.77,0:297.11,0.0,0:296.82,0:299.18,0:301.57,0:305.21:2399347:0.0:0,0:302.62:1492559:0.0:0,0:300.84:1110020:0.0:0,0:300.5:1439161:12.57:2,1:302.9:1514298:12.57:0,1:304.59:1255483:12.57:0,1:303.66:1613590:10.66:5,U:304.54:1241527::,5:302.24:1760759:10.55:7,7:300.72:1153529:10.55:0,7:300.27:1302385:10.55:0,[7:299.31:1277135:10.55:0
COST_120619P292.5,0.0,0:296.5,5:298.94,5:295.86,8:299.77,7:297.11,7.0,11:296.82,27:299.18,31:301.57,33:305.21:2399347:1.61:9,39:302.62:1492559:2.32:4,43:300.84:1110020:2.31:47,69:300.5:1439161:2.17:233,265:302.9:1514298:1.55:62,293:304.59:1255483:1.34:90,293:303.66:1613590:1.5:41,U:304.54:1241527::,347:302.24:1760759:1.52:123,442:300.72:1153529:1.61:75,466:300.27:1302385:1.72:40,[466:299.31:1277135:1.39:125
COST_120619P282.5,0.0,6:296.5,26:298.94,28:295.86,30:299.82,35:297.11,35.0,35:296.82,129:299.18,130:301.57,129:305.21:2399347:0.69:10,126:302.62:1492559:0.9:2,126:300.84:1110020:0.94:5,121:300.5:1439161:0.9:31,122:302.9:1514298:0.62:2,123:304.59:1255483:0.54:6,128:303.66:1613590:0.48:18,135:304.54:1241527:0.34:10,141:302.24:1760759:0.44:5,141:300.72:1153529:0.47:53,185:300.27:1302385:0.39:31,[191:299.31:1277135:0.35:70
COST_112219P322.5,0.0,0,0:298.94,0:295.86,0:299.82,0:297.11,0.0,0:296.82,0:299.18,0:301.57,0:305.21:2399347:20.44:0,0:302.62:1492559:20.44:0,0:300.84:1110020:20.44:0,0:300.5:1439161:20.44:0,0:302.9:1514298:20.44:0,0:304.59:1255483:20.44:0,0:303.66:1613590:20.44:0,0:304.54:1241527:20.44:0,0:302.24:1760759:20.44:0,0:300.72:1153529:20.44:0,0:300.27:1302385:20.44:0,[0:299.31:1277135:20.44:0
COST_120619P322.5,0.0,0,0:298.94,0:295.86,0:299.7913,0:297.11,0.0,0:296.82,0:299.18,0:301.57,0:305.21:2399347:0.0:0,0:302.62:1492559:0.0:0,0:300.84:1110020:0.0:0,0:300.5:1439161:0.0:0,0:302.9:1514298:0.0:0,0:304.59:1255483:0.0:0,0:303.66:1613590:0.0:0,0:304.54:1241527:0.0:0,0:302.24:1760759:0.0:0,0:300.72:1153529:0.0:0,0:300.27:1302385:0.0:0,[0:299.31:1277135:0.0:0
COST_112919P322.5,0.0,0,0:298.94,0:295.86,0:299.7913,0:297.11,0.0,0:296.82,0:299.18,0:301.57,0:305.21:2399347:0.0:0,0:302.62:1492559:0.0:0,0:300.84:1110020:0.0:0,0:300.5:1439161:0.0:0,0:302.9:1514298:0.0:0,0:304.59:1255483:0.0:0,0:303.66:1613590:0.0:0,0:304.54:1241527:0.0:0,0:302.24:1760759:0.0:0,0:300.72:1153529:0.0:0,0:300.27:1302385:0.0:0,[0:299.31:1277135:0.0:0
COST_121319P277.5,0.0,0,0,0,0,0:297.11,0.0,6:296.82,6:299.18,8:301.57,8:305.21:2399347:1.2:6,4:302.62:1492559:1.79:5,9:300.84:1110020:1.69:12,20:300.5:1439161:1.59:4,24:302.9:1514298:1.59:0,24:304.59:1255483:1.21:1,24:303.66:1613590:1.21:0,24:304.54:1241527:0.88:9,21:302.24:1760759:1.18:22,35:300.72:1153529:1.18:0,35:300.27:1302385:1.18:0,[35:299.31:1277135:1.39:5
COST_121319P282.5,0.0,0,0,0,0,0:297.11,1.0,5:296.82,13:299.18,14:301.57,14:305.21:2399347:1.74:5,18:302.62:1492559:2.5:1,19:300.84:1110020:2.29:12,24:300.5:1439161:2.67:5,27:302.9:1514298:1.98:1,26:304.59:1255483:1.98:0,26:303.66:1613590:1.65:44,58:304.54:1241527:1.43:14,68:302.24:1760759:1.74:13,72:300.72:1153529:2.17:4,77:300.27:1302385:1.93:2,[79:299.31:1277135:2.13:1
COST_121319P305,0.0,0,0,0,0,0:297.11,0.0,0:296.82,0:299.18,0:301.57,0:305.21:2399347:7.35:23,21:302.62:1492559:9.2:11,32:300.84:1110020:9.62:32,64:300.5:1439161:10.23:11,75:302.9:1514298:8.4:35,104:304.59:1255483:7.89:52,106:303.66:1613590:7.59:32,80:304.54:1241527:6.73:34,95:302.24:1760759:8.78:9,95:300.72:1153529:10.25:166,242:300.27:1302385:9.6:12,[250:299.31:1277135:10.7:32
COST_121319P275,0.0,0,0,0,0,0:297.11,0.0,9:296.82,49:299.18,54:301.57,84:305.21:2399347:0.93:44,92:302.62:1492559:1.6:110,150:300.84:1110020:2.06:11,152:300.5:1439161:1.46:12,156:302.9:1514298:1.46:0,156:304.59:1255483:1.17:2,156:303.66:1613590:0.85:40,U:304.54:1241527::,132:302.24:1760759:0.73:0,132:300.72:1153529:1.05:21,148:300.27:1302385:1.02:18,[158:299.31:1277135:0.99:27
COST_121319P285,0.0,0,0,0,0,0:297.11,2.0,5:296.82,6:299.18,9:301.57,14:305.21:2399347:2.05:18,20:302.62:1492559:2.9:2,22:300.84:1110020:2.76:1,23:300.5:1439161:3.0:55,58:302.9:1514298:2.16:2,58:304.59:1255483:2.0:10,65:303.66:1613590:1.98:35,U:304.54:1241527::,88:302.24:1760759:2.13:18,104:300.72:1153529:2.37:9,110:300.27:1302385:2.49:34,[121:299.31:1277135:2.39:16
COST_121319P315,0.0,0,0,0,0,0:297.11,0.0,0:296.82,0:299.18,0:301.57,0:305.21:2399347:0.0:0,0:302.62:1492559:0.0:0,0:300.84:1110020:0.0:0,0:300.5:1439161:0.0:0,0:302.9:1514298:0.0:0,0:304.59:1255483:0.0:0,0:303.66:1613590:0.0:0,U:304.54:1241527::,0:302.24:1760759:0.0:0,0:300.72:1153529:0.0:0,0:300.27:1302385:15.85:2,[2:299.31:1277135:15.85:0
COST_121319P295,0.0,0,0,0,0,0:297.11,1.0,3:296.82,4:299.18,13:301.57,11:305.21:2399347:3.9:30,30:302.62:1492559:5.25:5,34:300.84:1110020:5.35:4,37:300.5:1439161:6.0:13,49:302.9:1514298:4.41:2,51:304.59:1255483:4.1:47,78:303.66:1613590:3.85:9,U:304.54:1241527::,89:302.24:1760759:4.53:29,112:300.72:1153529:5.05:12,118:300.27:1302385:5.07:44,[155:299.31:1277135:5.3:33
COST_121319P307.5,0.0,0,0,0,0,0:297.11,0.0,2:296.82,2:299.18,2:301.57,2:305.21:2399347:8.65:7,5:302.62:1492559:10.55:31,36:300.84:1110020:10.55:0,36:300.5:1439161:11.64:6,35:302.9:1514298:11.64:0,35:304.59:1255483:9.4:4,35:303.66:1613590:9.4:0,35:304.54:1241527:8.09:3,38:302.24:1760759:10.04:5,38:300.72:1153529:12.55:1,38:300.27:1302385:12.55:0,[38:299.31:1277135:12.38:2
COST_121319P280,0.0,0,0,0,0,0:297.11,12.0,24:296.82,22:299.18,26:301.57,26:305.21:2399347:1.44:19,37:302.62:1492559:2.14:8,44:300.84:1110020:2.11:15,50:300.5:1439161:2.09:19,55:302.9:1514298:1.55:6,58:304.59:1255483:1.54:2,60:303.66:1613590:1.31:26,75:304.54:1241527:1.09:14,82:302.24:1760759:1.53:57,116:300.72:1153529:1.59:17,133:300.27:1302385:1.57:18,[145:299.31:1277135:1.55:8
COST_121319P320,0.0,0,0,0,0,0:297.11,0.0,0:296.82,0:299.18,0:301.57,0:305.21:2399347:15.97:20,0:302.62:1492559:15.97:0,0:300.84:1110020:15.97:0,0:300.5:1439161:15.97:0,0:302.9:1514298:15.97:0,0:304.59:1255483:15.97:0,0:303.66:1613590:15.97:0,0:304.54:1241527:15.97:0,0:302.24:1760759:19.25:2,2:300.72:1153529:19.25:0,2:300.27:1302385:19.25:0,[2:299.31:1277135:19.25:0
COST_121319P317.5,0.0,0,0,0,0,0:297.11,0.0,0:296.82,0:299.18,0:301.57,0:305.21:2399347:0.0:0,0:302.62:1492559:0.0:0,0:300.84:1110020:0.0:0,0:300.5:1439161:0.0:0,0:302.9:1514298:0.0:0,0:304.59:1255483:0.0:0,0:303.66:1613590:0.0:0,U:304.54:1241527::,0:302.24:1760759:0.0:0,0:300.72:1153529:0.0:0,0:300.27:1302385:0.0:0,[0:299.31:1277135:0.0:0
COST_121319P300,0.0,0,0,0,0,0:297.11,0.0,0:296.82,1:299.18,3:301.57,3:305.21:2399347:5.24:9,10:302.62:1492559:6.98:13,22:300.84:1110020:7.3:11,33:300.5:1439161:7.7:20,43:302.9:1514298:6.08:2,45:304.59:1255483:6.56:22,49:303.66:1613590:5.5:4,U:304.54:1241527::,70:302.24:1760759:6.4:12,69:300.72:1153529:7.15:46,112:300.27:1302385:6.99:69,[172:299.31:1277135:7.35:146
COST_121319P310,0.0,0,0,0,0,0:297.11,0.0,0:296.82,0:299.18,0:301.57,0:305.21:2399347:0.0:0,0:302.62:1492559:0.0:0,0:300.84:1110020:0.0:0,0:300.5:1439161:0.0:0,0:302.9:1514298:0.0:0,0:304.59:1255483:11.5:2,2:303.66:1613590:11.5:0,2:304.54:1241527:9.55:12,13:302.24:1760759:9.55:0,13:300.72:1153529:12.2:8,20:300.27:1302385:12.2:0,[20:299.31:1277135:14.05:21
COST_121319P287.5,0.0,0,0,0,0,0:297.11,0.0,0:296.82,7:299.18,8:301.57,8:305.21:2399347:2.62:29,35:302.62:1492559:3.35:50,85:300.84:1110020:3.35:0,85:300.5:1439161:3.53:13,89:302.9:1514298:3.53:0,89:304.59:1255483:3.53:0,89:303.66:1613590:2.37:3,90:304.54:1241527:2.05:30,102:302.24:1760759:2.51:1,102:300.72:1153529:3.5:5,103:300.27:1302385:3.03:24,[119:299.31:1277135:3.15:2
COST_121319P297.5,0.0,0,0,0,0,0:297.11,0.0,3:296.82,3:299.18,4:301.57,6:305.21:2399347:5.08:22,26:302.62:1492559:6.22:3,27:300.84:1110020:6.55:4,27:300.5:1439161:6.55:0,27:302.9:1514298:5.45:7,31:304.59:1255483:4.8:11,42:303.66:1613590:4.65:2,U:304.54:1241527::,44:302.24:1760759:5.4:5,47:300.72:1153529:6.2:13,53:300.27:1302385:5.92:1,[53:299.31:1277135:6.5:25
COST_121319P302.5,0.0,0,0,0,0,0:297.11,0.0,0:296.82,0:299.18,0:301.57,8:305.21:2399347:6.45:5,13:302.62:1492559:8.14:1,14:300.84:1110020:8.8:1,15:300.5:1439161:8.86:1,14:302.9:1514298:7.25:5,19:304.59:1255483:7.0:1,20:303.66:1613590:6.45:3,23:304.54:1241527:5.76:7,19:302.24:1760759:7.5:1,19:300.72:1153529:8.58:888,912:300.27:1302385:8.38:322,[1224:299.31:1277135:8.67:78
COST_121319P272.5,0.0,0,0,0,0,0:297.11,0.0,62:296.82,62:299.18,65:301.57,65:305.21:2399347:0.85:5,65:302.62:1492559:0.85:0,65:300.84:1110020:1.86:6,70:300.5:1439161:1.25:5,75:302.9:1514298:1.25:0,75:304.59:1255483:0.87:3,77:303.66:1613590:0.72:2,79:304.54:1241527:0.72:0,79:302.24:1760759:0.82:13,U:300.72:1153529:U:U,U:300.27:1302385:U:U,94:299.31:1277135:0.88:2
COST_121319P290,0.0,0,0,0,0,0:297.11,10.0,19:296.82,20:299.18,24:301.57,25:305.21:2399347:2.9:36,34:302.62:1492559:3.8:81,112:300.84:1110020:3.85:23,114:300.5:1439161:4.15:25,131:302.9:1514298:3.1:3,133:304.59:1255483:2.99:15,142:303.66:1613590:2.6:29,159:304.54:1241527:2.4:65,198:302.24:1760759:3.2:38,212:300.72:1153529:3.71:126,261:300.27:1302385:3.42:15,[272:299.31:1277135:3.51:48
COST_121319P292.5,0.0,0,0,0,0,0:297.11,4.0,21:296.82,143:299.18,144:301.57,146:305.21:2399347:3.31:15,146:302.62:1492559:4.75:5,146:300.84:1110020:4.85:17,163:300.5:1439161:4.38:6,166:302.9:1514298:3.69:3,163:304.59:1255483:4.0:14,173:303.66:1613590:3.53:1,U:304.54:1241527::,608:302.24:1760759:3.81:4,611:300.72:1153529:4.48:255,881:300.27:1302385:4.1:21,[647:299.31:1277135:4.25:24
COST_121319P312.5,0.0,0,0,0,0,0:297.11,0.0,0:296.82,0:299.18,0:301.57,0:305.21:2399347:10.88:2,2:302.62:1492559:13.7:5,5:300.84:1110020:13.7:0,5:300.5:1439161:13.7:0,5:302.9:1514298:13.7:0,5:304.59:1255483:13.7:0,5:303.66:1613590:13.7:0,5:304.54:1241527:11.95:4,9:302.24:1760759:11.95:0,9:300.72:1153529:14.75:8,13:300.27:1302385:14.75:0,[13:299.31:1277135:14.75:0
COST_121319P322.5,U,U,U,U,U,U,U,U,0:299.18,0:301.57,0:305.21:2399347:0.0:0,0:302.62:1492559:0.0:0,0:300.84:1110020:0.0:0,0:300.5:1439161:0.0:0,0:302.9:1514298:0.0:0,0:304.59:1255483:19.6:3,3:303.66:1613590:19.6:0,U:304.54:1241527::,3:302.24:1760759:21.4:4,7:300.72:1153529:21.4:0,7:300.27:1302385:21.4:0,[7:299.31:1277135:21.4:0
COST_112219P325,U,U,U,U,U,U,U,U,U,0:301.57,0:305.21:2399347:0.0:0,0:302.62:1492559:0.0:0,0:300.84:1110020:0.0:0,0:300.5:1439161:0.0:0,0:302.9:1514298:0.0:0,0:304.59:1255483:0.0:0,0:303.66:1613590:0.0:0,0:304.54:1241527:0.0:0,0:302.24:1760759:0.0:0,0:300.72:1153529:0.0:0,0:300.27:1302385:0.0:0,0:299.31:1277135:0.0:0
COST_112919P325,U,U,U,U,U,U,U,U,U,0:301.57,0:305.21:2399347:0.0:0,0:302.62:1492559:0.0:0,0:300.84:1110020:0.0:0,0:300.5:1439161:0.0:0,0:302.9:1514298:0.0:0,0:304.59:1255483:0.0:0,0:303.66:1613590:0.0:0,0:304.54:1241527:0.0:0,0:302.24:1760759:0.0:0,0:300.72:1153529:0.0:0,0:300.27:1302385:0.0:0,0:299.31:1277135:0.0:0
COST_120619P325,U,U,U,U,U,U,U,U,U,0:301.57,0:305.21:2399347:0.0:0,0:302.62:1492559:0.0:0,0:300.84:1110020:0.0:0,0:300.5:1439161:0.0:0,0:302.9:1514298:0.0:0,0:304.59:1255483:0.0:0,0:303.66:1613590:0.0:0,0:304.54:1241527:0.0:0,0:302.24:1760759:0.0:0,0:300.72:1153529:0.0:0,0:300.27:1302385:0.0:0,0:299.31:1277135:0.0:0
COST_121319P325,U,U,U,U,U,U,U,U,U,0:301.57,0:305.21:2399347:0.0:0,0:302.62:1492559:23.1:1,1:300.84:1110020:23.1:0,1:300.5:1439161:23.1:0,1:302.9:1514298:23.1:0,1:304.59:1255483:23.1:0,1:303.66:1613590:23.1:0,1:304.54:1241527:23.1:0,1:302.24:1760759:23.1:0,1:300.72:1153529:23.1:0,1:300.27:1302385:23.1:0,1:299.31:1277135:23.1:0
COST_122019P350,U,U,U,U,U,U,U,U,U,0:301.57,0:305.21:2399347:0.0:0,0:302.62:1492559:0.0:0,0:300.84:1110020:0.0:0,0:300.5:1439161:0.0:0,0:302.9:1514298:0.0:0,0:304.59:1255483:0.0:0,0:303.66:1613590:0.0:0,0:304.54:1241527:0.0:0,0:302.24:1760759:0.0:0,0:300.72:1153529:0.0:0,0:300.27:1302385:0.0:0,0:299.31:1277135:0.0:0
COST_112219P327.5,U,U,U,U,U,U,U,U,U,U,0:305.21:2399347:0.0:0,0:302.62:1492559:0.0:0,0:300.84:1110020:0.0:0,0:300.5:1439161:0.0:0,0:302.9:1514298:0.0:0,0:304.59:1255483:0.0:0,0:303.66:1613590:0.0:0,0:304.54:1241527:0.0:0,0:302.24:1760759:0.0:0,0:300.72:1153529:0.0:0,U:300.27:1302385:U:U,0:299.31:1277135:0.0:0
COST_112219P330,U,U,U,U,U,U,U,U,U,U,0:305.21:2399347:0.0:0,0:302.62:1492559:0.0:0,0:300.84:1110020:0.0:0,0:300.5:1439161:0.0:0,0:302.9:1514298:0.0:0,0:304.59:1255483:0.0:0,0:303.66:1613590:0.0:0,0:304.54:1241527:0.0:0,0:302.24:1760759:0.0:0,0:300.72:1153529:0.0:0,0:300.27:1302385:0.0:0,0:299.31:1277135:0.0:0
COST_112919P327.5,U,U,U,U,U,U,U,U,U,U,0:305.21:2399347:0.0:0,0:302.62:1492559:0.0:0,0:300.84:1110020:0.0:0,0:300.5:1439161:0.0:0,0:302.9:1514298:0.0:0,0:304.59:1255483:0.0:0,0:303.66:1613590:0.0:0,0:304.54:1241527:0.0:0,0:302.24:1760759:0.0:0,0:300.72:1153529:0.0:0,0:300.27:1302385:0.0:0,0:299.31:1277135:0.0:0
COST_112919P330,U,U,U,U,U,U,U,U,U,U,0:305.21:2399347:0.0:0,0:302.62:1492559:0.0:0,0:300.84:1110020:0.0:0,0:300.5:1439161:0.0:0,0:302.9:1514298:0.0:0,0:304.59:1255483:0.0:0,0:303.66:1613590:0.0:0,0:304.54:1241527:0.0:0,0:302.24:1760759:0.0:0,0:300.72:1153529:0.0:0,0:300.27:1302385:0.0:0,0:299.31:1277135:0.0:0
COST_120619P327.5,U,U,U,U,U,U,U,U,U,U,0:305.21:2399347:0.0:0,0:302.62:1492559:0.0:0,0:300.84:1110020:0.0:0,0:300.5:1439161:0.0:0,0:302.9:1514298:0.0:0,0:304.59:1255483:0.0:0,0:303.66:1613590:0.0:0,U:304.54:1241527::,0:302.24:1760759:0.0:0,U:300.72:1153529:.9:U,0:300.27:1302385:0.0:0,0:299.31:1277135:0.0:0
COST_120619P330,U,U,U,U,U,U,U,U,U,U,0:305.21:2399347:0.0:0,0:302.62:1492559:0.0:0,0:300.84:1110020:0.0:0,0:300.5:1439161:0.0:0,0:302.9:1514298:0.0:0,0:304.59:1255483:0.0:0,0:303.66:1613590:0.0:0,0:304.54:1241527:0.0:0,0:302.24:1760759:0.0:0,0:300.72:1153529:0.0:0,0:300.27:1302385:0.0:0,0:299.31:1277135:0.0:0
COST_121319P327.5,U,U,U,U,U,U,U,U,U,U,0:305.21:2399347:0.0:0,0:302.62:1492559:0.0:0,0:300.84:1110020:0.0:0,0:300.5:1439161:0.0:0,0:302.9:1514298:0.0:0,0:304.59:1255483:0.0:0,0:303.66:1613590:0.0:0,0:304.54:1241527:0.0:0,0:302.24:1760759:0.0:0,0:300.72:1153529:0.0:0,0:300.27:1302385:0.0:0,0:299.31:1277135:0.0:0
COST_121319P330,U,U,U,U,U,U,U,U,U,U,0:305.21:2399347:0.0:0,0:302.62:1492559:0.0:0,0:300.84:1110020:0.0:0,0:300.5:1439161:0.0:0,0:302.9:1514298:0.0:0,0:304.59:1255483:0.0:0,0:303.66:1613590:0.0:0,U:304.54:1241527::,0:302.24:1760759:0.0:0,0:300.72:1153529:0.0:0,U:300.27:1302385:U:U,0:299.31:1277135:0.0:0
COST_122019P355,U,U,U,U,U,U,U,U,U,U,0:305.21:2399347:0.0:0,0:302.62:1492559:0.0:0,0:300.84:1110020:0.0:0,0:300.5:1439161:0.0:0,0:302.9:1514298:0.0:0,0:304.59:1255483:0.0:0,0:303.66:1613590:0.0:0,U:304.54:1241527::,0:302.24:1760759:0.0:0,0:300.72:1153529:0.0:0,0:300.27:1302385:0.0:0,0:299.31:1277135:0.0:0
COST_122719P282.5,U,U,U,U,U,U,U,U,U,U,0:305.21:2399347:0.0:0,0:302.62:1492559:0.0:0,0:300.84:1110020:0.0:0,0:300.5:1439161:3.05:3,3:302.9:1514298:3.05:0,3:304.59:1255483:3.05:0,3:303.66:1613590:1.99:1,4:304.54:1241527:1.99:0,4:302.24:1760759:1.99:0,4:300.72:1153529:2.3:1,5:300.27:1302385:2.3:0,[5:299.31:1277135:3.1:11
COST_122719P285,U,U,U,U,U,U,U,U,U,U,0:305.21:2399347:2.51:5,5:302.62:1492559:2.51:0,5:300.84:1110020:2.51:0,5:300.5:1439161:3.55:4,8:302.9:1514298:3.55:0,8:304.59:1255483:3.55:0,8:303.66:1613590:2.42:15,21:304.54:1241527:2.29:33,53:302.24:1760759:2.88:12,65:300.72:1153529:2.88:0,65:300.27:1302385:2.22:1,[66:299.31:1277135:3.24:1
COST_122719P287.5,U,U,U,U,U,U,U,U,U,U,0:305.21:2399347:2.87:1,1:302.62:1492559:2.87:0,1:300.84:1110020:2.87:0,1:300.5:1439161:4.0:4,5:302.9:1514298:4.0:0,5:304.59:1255483:3.01:3,8:303.66:1613590:3.01:0,8:304.54:1241527:3.01:0,8:302.24:1760759:2.65:2,7:300.72:1153529:2.65:0,7:300.27:1302385:2.65:0,[7:299.31:1277135:3.76:3
COST_122719P290,U,U,U,U,U,U,U,U,U,U,0:305.21:2399347:3.48:6,6:302.62:1492559:4.74:3,9:300.84:1110020:4.55:12,19:300.5:1439161:4.35:10,19:302.9:1514298:3.6:21,30:304.59:1255483:3.68:3,32:303.66:1613590:3.32:1,32:304.54:1241527:3.12:6,36:302.24:1760759:3.85:9,35:300.72:1153529:4.27:2,36:300.27:1302385:4.3:5,[41:299.31:1277135:4.8:5
COST_122719P292.5,U,U,U,U,U,U,U,U,U,U,0:305.21:2399347:0.0:0,0:302.62:1492559:0.0:0,0:300.84:1110020:5.42:2,2:300.5:1439161:5.42:0,2:302.9:1514298:4.52:1,3:304.59:1255483:4.02:2,5:303.66:1613590:4.2:12,17:304.54:1241527:3.62:5,17:302.24:1760759:4.61:8,25:300.72:1153529:4.78:5,25:300.27:1302385:4.78:0,[25:299.31:1277135:4.78:0
COST_122719P295,U,U,U,U,U,U,U,U,U,U,0:305.21:2399347:0.0:0,0:302.62:1492559:6.37:10,10:300.84:1110020:6.37:0,10:300.5:1439161:6.38:3,13:302.9:1514298:6.38:0,13:304.59:1255483:4.6:1,13:303.66:1613590:4.55:1,U:304.54:1241527::,27:302.24:1760759:4.24:0,27:300.72:1153529:4.24:0,28:300.27:1302385:5.0:33,[54:299.31:1277135:6.51:6
COST_122719P297.5,U,U,U,U,U,U,U,U,U,U,0:305.21:2399347:0.0:0,0:302.62:1492559:6.9:2,2:300.84:1110020:6.9:0,2:300.5:1439161:6.65:10,12:302.9:1514298:6.65:0,12:304.59:1255483:6.65:0,12:303.66:1613590:5.89:2,U:304.54:1241527::,16:302.24:1760759:5.61:1,17:300.72:1153529:5.61:0,17:300.27:1302385:7.0:1,[17:299.31:1277135:7.33:18
COST_122719P300,U,U,U,U,U,U,U,U,U,U,0:305.21:2399347:5.91:16,15:302.62:1492559:8.1:8,13:300.84:1110020:8.13:20,33:300.5:1439161:8.05:10,43:302.9:1514298:8.05:0,43:304.59:1255483:8.05:0,43:303.66:1613590:6.45:8,45:304.54:1241527:6.05:14,55:302.24:1760759:7.2:7,62:300.72:1153529:8.42:45,99:300.27:1302385:8.0:72,[155:299.31:1277135:8.28:44
COST_122719P302.5,U,U,U,U,U,U,U,U,U,U,0:305.21:2399347:7.41:1,1:302.62:1492559:8.85:2,3:300.84:1110020:9.35:21,24:300.5:1439161:9.6:2,23:302.9:1514298:8.1:3,26:304.59:1255483:8.1:0,26:303.66:1613590:7.65:2,28:304.54:1241527:6.75:2,27:302.24:1760759:6.75:0,27:300.72:1153529:9.38:788,828:300.27:1302385:9.15:313,[1141:299.31:1277135:9.45:71
COST_122719P305,U,U,U,U,U,U,U,U,U,U,0:305.21:2399347:8.52:3,3:302.62:1492559:9.82:39,22:300.84:1110020:9.82:0,22:300.5:1439161:11.01:2,22:302.9:1514298:11.01:0,22:304.59:1255483:11.01:0,22:303.66:1613590:11.01:0,22:304.54:1241527:8.07:13,32:302.24:1760759:8.07:0,32:300.72:1153529:10.0:147,165:300.27:1302385:10.67:12,[174:299.31:1277135:11.45:21
COST_122719P307.5,U,U,U,U,U,U,U,U,U,U,0:305.21:2399347:9.68:4,4:302.62:1492559:9.68:0,4:300.84:1110020:9.68:0,4:300.5:1439161:11.53:1,4:302.9:1514298:11.53:0,4:304.59:1255483:11.53:0,4:303.66:1613590:11.53:0,U:304.54:1241527::,4:302.24:1760759:10.9:3,4:300.72:1153529:10.9:0,4:300.27:1302385:10.9:0,[4:299.31:1277135:10.9:0
COST_122719P310,U,U,U,U,U,U,U,U,U,U,0:305.21:2399347:10.86:2,2:302.62:1492559:10.86:0,2:300.84:1110020:10.86:0,2:300.5:1439161:14.09:1,2:302.9:1514298:14.09:0,2:304.59:1255483:14.09:0,2:303.66:1613590:14.09:0,U:304.54:1241527:5.4:,2:302.24:1760759:14.09:0,2:300.72:1153529:14.09:0,2:300.27:1302385:14.09:0,[2:299.31:1277135:14.82:30
COST_122719P312.5,U,U,U,U,U,U,U,U,U,U,0:305.21:2399347:0.0:0,0:302.62:1492559:0.0:0,0:300.84:1110020:0.0:0,0:300.5:1439161:0.0:0,0:302.9:1514298:0.0:0,0:304.59:1255483:0.0:0,0:303.66:1613590:0.0:0,0:304.54:1241527:12.14:1,1:302.24:1760759:12.14:0,1:300.72:1153529:12.14:0,1:300.27:1302385:12.14:0,[1:299.31:1277135:12.14:0
COST_122719P315,U,U,U,U,U,U,U,U,U,U,0:305.21:2399347:0.0:0,0:302.62:1492559:0.0:0,0:300.84:1110020:0.0:0,0:300.5:1439161:0.0:0,0:302.9:1514298:0.0:0,0:304.59:1255483:0.0:0,0:303.66:1613590:0.0:0,U:304.54:1241527::,0:302.24:1760759:0.0:0,0:300.72:1153529:0.0:0,0:300.27:1302385:0.0:0,[0:299.31:1277135:0.0:0
COST_122719P317.5,U,U,U,U,U,U,U,U,U,U,0:305.21:2399347:0.0:0,0:302.62:1492559:0.0:0,0:300.84:1110020:0.0:0,0:300.5:1439161:0.0:0,0:302.9:1514298:0.0:0,0:304.59:1255483:0.0:0,0:303.66:1613590:0.0:0,0:304.54:1241527:0.0:0,0:302.24:1760759:0.0:0,0:300.72:1153529:0.0:0,0:300.27:1302385:0.0:0,[0:299.31:1277135:0.0:0
COST_122719P320,U,U,U,U,U,U,U,U,U,U,0:305.21:2399347:0.0:0,0:302.62:1492559:0.0:0,0:300.84:1110020:0.0:0,0:300.5:1439161:0.0:0,0:302.9:1514298:0.0:0,0:304.59:1255483:0.0:0,0:303.66:1613590:0.0:0,U:304.54:1241527::,0:302.24:1760759:0.0:0,0:300.72:1153529:0.0:0,0:300.27:1302385:0.0:0,[0:299.31:1277135:0.0:0
COST_122719P322.5,U,U,U,U,U,U,U,U,U,U,0:305.21:2399347:0.0:0,0:302.62:1492559:0.0:0,0:300.84:1110020:0.0:0,0:300.5:1439161:0.0:0,0:302.9:1514298:0.0:0,0:304.59:1255483:0.0:0,0:303.66:1613590:0.0:0,U:304.54:1241527::,0:302.24:1760759:0.0:0,0:300.72:1153529:0.0:0,0:300.27:1302385:0.0:0,[0:299.31:1277135:0.0:0
COST_122719P325,U,U,U,U,U,U,U,U,U,U,0:305.21:2399347:0.0:0,0:302.62:1492559:0.0:0,0:300.84:1110020:0.0:0,0:300.5:1439161:0.0:0,0:302.9:1514298:0.0:0,0:304.59:1255483:0.0:0,0:303.66:1613590:0.0:0,U:304.54:1241527::,0:302.24:1760759:0.0:0,0:300.72:1153529:24.6:1,1:300.27:1302385:24.6:0,1:299.31:1277135:24.6:0
COST_122719P330,U,U,U,U,U,U,U,U,U,U,0:305.21:2399347:0.0:0,0:302.62:1492559:0.0:0,0:300.84:1110020:0.0:0,0:300.5:1439161:0.0:0,0:302.9:1514298:0.0:0,0:304.59:1255483:0.0:0,0:303.66:1613590:0.0:0,0:304.54:1241527:0.0:0,0:302.24:1760759:0.0:0,0:300.72:1153529:0.0:0,0:300.27:1302385:0.0:0,0:299.31:1277135:0.0:0
COST_122719P335,U,U,U,U,U,U,U,U,U,U,0:305.21:2399347:0.0:0,0:302.62:1492559:0.0:0,0:300.84:1110020:0.0:0,0:300.5:1439161:0.0:0,0:302.9:1514298:0.0:0,0:304.59:1255483:0.0:0,0:303.66:1613590:0.0:0,U:304.54:1241527::,0:302.24:1760759:0.0:0,0:300.72:1153529:0.0:0,0:300.27:1302385:0.0:0,0:299.31:1277135:0.0:0
COST_122719P280,U,U,U,U,U,U,U,U,U,U,U,5:302.62:1492559:1.87:0,5:300.84:1110020:1.87:0,5:300.5:1439161:2.63:4,8:302.9:1514298:2.25:1,9:304.59:1255483:2.25:0,9:303.66:1613590:1.86:5,11:304.54:1241527:1.61:15,21:302.24:1760759:1.99:10,28:300.72:1153529:1.99:1,29:300.27:1302385:2.09:1,[30:299.31:1277135:2.09:0
COST_122719P277.5,U,U,U,U,U,U,U,U,U,U,U,U,0:300.84:1110020:2.24:1,1:300.5:1439161:2.2:2,2:302.9:1514298:2.2:0,2:304.59:1255483:2.2:0,2:303.66:1613590:1.55:1,U:304.54:1241527::,8:302.24:1760759:1.34:0,8:300.72:1153529:1.69:1,8:300.27:1302385:1.91:5,[13:299.31:1277135:2.02:2
COST_011720P255,U,U,U,U,U,U,U,U,U,U,U,U,U,U,U,448:304.59:1255483:0.92:0,448:303.66:1613590:0.76:17,448:304.54:1241527:0.74:6,445:302.24:1760759:0.84:10,454:300.72:1153529:0.9:10,454:300.27:1302385:0.85:33,[454:299.31:1277135:0.78:5
COST_011720P260,U,U,U,U,U,U,U,U,U,U,U,U,U,U,U,1739:304.59:1255483:1.04:4,1739:303.66:1613590:0.97:18,1748:304.54:1241527:0.96:86,1734:302.24:1760759:1.09:16,1734:300.72:1153529:1.22:11,1741:300.27:1302385:1.12:34,[1744:299.31:1277135:1.03:5
COST_011720P265,U,U,U,U,U,U,U,U,U,U,U,U,U,U,U,1078:304.59:1255483:1.35:1,1078:303.66:1613590:1.24:39,U:304.54:1241527::,1071:302.24:1760759:1.44:96,1050:300.72:1153529:1.45:29,1059:300.27:1302385:1.48:16,[1052:299.31:1277135:1.35:39
COST_011720P270,U,U,U,U,U,U,U,U,U,U,U,U,U,U,U,840:304.59:1255483:1.69:32,849:303.66:1613590:1.74:22,U:304.54:1241527::,840:302.24:1760759:1.85:114,871:300.72:1153529:1.9:19,881:300.27:1302385:1.94:46,[907:299.31:1277135:1.86:147
COST_011720P275,U,U,U,U,U,U,U,U,U,U,U,U,U,U,U,561:304.59:1255483:2.2:8,568:303.66:1613590:2.1:9,U:304.54:1241527::,788:302.24:1760759:2.41:63,850:300.72:1153529:2.48:50,888:300.27:1302385:2.5:66,[947:299.31:1277135:2.4:468
COST_011720P280,U,U,U,U,U,U,U,U,U,U,U,U,U,U,U,1641:304.59:1255483:2.9:54,1660:303.66:1613590:2.93:48,U:304.54:1241527::,1684:302.24:1760759:3.1:45,1704:300.72:1153529:3.23:159,1800:300.27:1302385:3.32:68,[1836:299.31:1277135:3.24:350
COST_011720P285,U,U,U,U,U,U,U,U,U,U,U,U,U,U,U,786:304.59:1255483:3.7:18,794:303.66:1613590:3.5:18,U:304.54:1241527::,810:302.24:1760759:4.09:19,816:300.72:1153529:4.33:29,814:300.27:1302385:4.35:21,[824:299.31:1277135:4.25:30
COST_011720P290,U,U,U,U,U,U,U,U,U,U,U,U,U,U,U,816:304.59:1255483:4.75:75,831:303.66:1613590:4.92:68,842:304.54:1241527:4.48:183,847:302.24:1760759:5.25:198,899:300.72:1153529:5.7:164,978:300.27:1302385:5.5:67,[1022:299.31:1277135:5.6:236
COST_011720P295,U,U,U,U,U,U,U,U,U,U,U,U,U,U,U,1322:304.59:1255483:6.18:43,1323:303.66:1613590:6.37:49,1343:304.54:1241527:5.87:24,1353:302.24:1760759:6.76:30,1354:300.72:1153529:7.43:35,1355:300.27:1302385:7.25:17,[1356:299.31:1277135:7.3:28
COST_011720P300,U,U,U,U,U,U,U,U,U,U,U,U,U,U,U,660:304.59:1255483:7.85:130,768:303.66:1613590:8.08:35,U:304.54:1241527::,818:302.24:1760759:8.67:119,804:300.72:1153529:9.67:36,813:300.27:1302385:9.2:24,[804:299.31:1277135:9.45:59
COST_011720P305,U,U,U,U,U,U,U,U,U,U,U,U,U,U,U,278:304.59:1255483:10.55:47,284:303.66:1613590:10.28:24,U:304.54:1241527::,296:302.24:1760759:11.0:48,303:300.72:1153529:11.9:203,516:300.27:1302385:11.55:3,[516:299.31:1277135:12.34:13
COST_011720P310,U,U,U,U,U,U,U,U,U,U,U,U,U,U,U,107:304.59:1255483:12.58:36,109:303.66:1613590:12.03:1,U:304.54:1241527::,122:302.24:1760759:13.55:6,124:300.72:1153529:15.14:1,123:300.27:1302385:14.23:1,[123:299.31:1277135:14.23:0
COST_011720P315,U,U,U,U,U,U,U,U,U,U,U,U,U,U,U,25:304.59:1255483:15.45:2,23:303.66:1613590:15.45:0,23:304.54:1241527:15.45:0,23:302.24:1760759:15.45:0,23:300.72:1153529:15.45:0,23:300.27:1302385:15.45:0,[23:299.31:1277135:15.45:0
COST_011720P320,U,U,U,U,U,U,U,U,U,U,U,U,U,U,U,74:304.59:1255483:18.95:70,102:303.66:1613590:20.1:14,113:304.54:1241527:17.35:3,110:302.24:1760759:20.35:3,110:300.72:1153529:22.24:3,109:300.27:1302385:22.24:0,[109:299.31:1277135:22.24:0
COST_011720P325,U,U,U,U,U,U,U,U,U,U,U,U,U,U,U,35:304.59:1255483:25.33:0,35:303.66:1613590:25.33:0,U:304.54:1241527::,35:302.24:1760759:23.85:1,35:300.72:1153529:23.85:0,35:300.27:1302385:23.85:0,[35:299.31:1277135:27.0:2
COST_011720P330,U,U,U,U,U,U,U,U,U,U,U,U,U,U,U,44:304.59:1255483:27.4:0,44:303.66:1613590:27.4:0,44:304.54:1241527:27.4:0,44:302.24:1760759:27.4:0,44:300.72:1153529:27.4:0,44:300.27:1302385:27.4:0,[44:299.31:1277135:27.4:0
COST_011720P335,U,U,U,U,U,U,U,U,U,U,U,U,U,U,U,9:304.59:1255483:34.3:0,9:303.66:1613590:34.3:0,9:304.54:1241527:34.3:0,9:302.24:1760759:34.3:0,9:300.72:1153529:34.3:0,9:300.27:1302385:34.3:0,[9:299.31:1277135:34.3:0
COST_011720P340,U,U,U,U,U,U,U,U,U,U,U,U,U,U,U,9:304.59:1255483:34.6:0,9:303.66:1613590:34.6:0,9:304.54:1241527:34.6:0,9:302.24:1760759:34.6:0,9:300.72:1153529:34.6:0,9:300.27:1302385:34.6:0,[9:299.31:1277135:34.6:0
COST_011720P345,U,U,U,U,U,U,U,U,U,U,U,U,U,U,U,0:304.59:1255483:0.0:0,0:303.66:1613590:0.0:0,0:304.54:1241527:0.0:0,0:302.24:1760759:0.0:0,0:300.72:1153529:0.0:0,0:300.27:1302385:0.0:0,[0:299.31:1277135:0.0:0
COST_011720P350,U,U,U,U,U,U,U,U,U,U,U,U,U,U,U,0:304.59:1255483:47.95:0,0:303.66:1613590:47.95:0,0:304.54:1241527:47.95:0,0:302.24:1760759:47.95:0,0:300.72:1153529:47.95:0,0:300.27:1302385:47.95:0,0:299.31:1277135:47.95:0
COST_122719P327.5,U,U,U,U,U,U,U,U,U,U,U,U,U,U,U,0:304.59:1255483:0.0:0,0:303.66:1613590:0.0:0,0:304.54:1241527:0.0:0,0:302.24:1760759:0.0:0,0:300.72:1153529:0.0:0,U:300.27:1302385:U:U,0:299.31:1277135:0.0:0
COST_122019P297.5,U,U,U,U,U,U,U,U,U,U,U,U,U,U,U,U,U,U,10:302.24:1760759:6.1:24,22:300.72:1153529:6.95:66,77:300.27:1302385:6.7:4,[78:299.31:1277135:6.75:45
COST_122019P322.5,U,U,U,U,U,U,U,U,U,U,U,U,U,U,U,U,U,U,0:302.24:1760759:0.0:0,0:300.72:1153529:0.0:0,0:300.27:1302385:0.0:0,[0:299.31:1277135:24.7:1
COST_122019P312.5,U,U,U,U,U,U,U,U,U,U,U,U,U,U,U,U,U,U,0:302.24:1760759:0.0:0,0:300.72:1153529:0.0:0,0:300.27:1302385:0.0:0,[0:299.31:1277135:0.0:0
COST_122019P307.5,U,U,U,U,U,U,U,U,U,U,U,U,U,U,U,U,U,U,64:302.24:1760759:9.2:0,64:300.72:1153529:12.72:3,61:300.27:1302385:12.72:0,[61:299.31:1277135:12.72:0
COST_122019P302.5,U,U,U,U,U,U,U,U,U,U,U,U,U,U,U,U,U,U,7:302.24:1760759:8.1:137,113:300.72:1153529:8.75:118,190:300.27:1302385:8.94:10,[196:299.31:1277135:10.09:10
COST_122019P282.5,U,U,U,U,U,U,U,U,U,U,U,U,U,U,U,U,U,U,10:302.24:1760759:2.19:15,18:300.72:1153529:2.45:49,65:300.27:1302385:2.39:13,[67:299.31:1277135:2.33:25
COST_122019P292.5,U,U,U,U,U,U,U,U,U,U,U,U,U,U,U,U,U,U,12:302.24:1760759:4.19:6,14:300.72:1153529:5.15:49,57:300.27:1302385:4.9:33,[49:299.31:1277135:4.8:31
COST_122019P287.5,U,U,U,U,U,U,U,U,U,U,U,U,U,U,U,U,U,U,6:302.24:1760759:3.11:67,69:300.72:1153529:3.11:0,70:300.27:1302385:3.25:12,[82:299.31:1277135:3.35:47
COST_122019P317.5,U,U,U,U,U,U,U,U,U,U,U,U,U,U,U,U,U,U,0:302.24:1760759:0.0:0,0:300.72:1153529:0.0:0,0:300.27:1302385:0.0:0,[0:299.31:1277135:0.0:0
COST_010320P315,U,U,U,U,U,U,U,U,U,U,U,U,U,U,U,U,U,U,U,U,0:300.27:1302385:0.0:0,[0:299.31:1277135:0.0:0
COST_010320P280,U,U,U,U,U,U,U,U,U,U,U,U,U,U,U,U,U,U,U,U,0:300.27:1302385:2.55:1,[1:299.31:1277135:2.55:0
COST_010320P320,U,U,U,U,U,U,U,U,U,U,U,U,U,U,U,U,U,U,U,U,0:300.27:1302385:0.0:0,[0:299.31:1277135:0.0:0
COST_010320P290,U,U,U,U,U,U,U,U,U,U,U,U,U,U,U,U,U,U,U,U,0:300.27:1302385:4.56:3,[3:299.31:1277135:4.56:0
COST_010320P322.5,U,U,U,U,U,U,U,U,U,U,U,U,U,U,U,U,U,U,U,U,0:300.27:1302385:0.0:0,[0:299.31:1277135:0.0:0
COST_010320P285,U,U,U,U,U,U,U,U,U,U,U,U,U,U,U,U,U,U,U,U,0:300.27:1302385:0.0:0,[0:299.31:1277135:3.5:6
COST_010320P325,U,U,U,U,U,U,U,U,U,U,U,U,U,U,U,U,U,U,U,U,0:300.27:1302385:0.0:0,0:299.31:1277135:0.0:0
COST_010320P295,U,U,U,U,U,U,U,U,U,U,U,U,U,U,U,U,U,U,U,U,0:300.27:1302385:6.42:10,[10:299.31:1277135:7.02:15
COST_010320P287.5,U,U,U,U,U,U,U,U,U,U,U,U,U,U,U,U,U,U,U,U,0:300.27:1302385:0.0:0,[0:299.31:1277135:4.26:1
COST_010320P307.5,U,U,U,U,U,U,U,U,U,U,U,U,U,U,U,U,U,U,U,U,0:300.27:1302385:0.0:0,[0:299.31:1277135:0.0:0
COST_010320P310,U,U,U,U,U,U,U,U,U,U,U,U,U,U,U,U,U,U,U,U,0:300.27:1302385:0.0:0,[0:299.31:1277135:0.0:0
COST_010320P282.5,U,U,U,U,U,U,U,U,U,U,U,U,U,U,U,U,U,U,U,U,0:300.27:1302385:0.0:0,[0:299.31:1277135:0.0:0
COST_010320P297.5,U,U,U,U,U,U,U,U,U,U,U,U,U,U,U,U,U,U,U,U,0:300.27:1302385:0.0:0,[0:299.31:1277135:0.0:0
COST_010320P317.5,U,U,U,U,U,U,U,U,U,U,U,U,U,U,U,U,U,U,U,U,0:300.27:1302385:0.0:0,[0:299.31:1277135:0.0:0
COST_010320P277.5,U,U,U,U,U,U,U,U,U,U,U,U,U,U,U,U,U,U,U,U,0:300.27:1302385:0.0:0,[0:299.31:1277135:2.4:9
COST_010320P300,U,U,U,U,U,U,U,U,U,U,U,U,U,U,U,U,U,U,U,U,0:300.27:1302385:8.45:1,[1:299.31:1277135:8.45:0
COST_010320P302.5,U,U,U,U,U,U,U,U,U,U,U,U,U,U,U,U,U,U,U,U,0:300.27:1302385:10.01:10,[10:299.31:1277135:10.2:12
COST_010320P305,U,U,U,U,U,U,U,U,U,U,U,U,U,U,U,U,U,U,U,U,0:300.27:1302385:10.96:1,[1:299.31:1277135:10.96:0
COST_010320P312.5,U,U,U,U,U,U,U,U,U,U,U,U,U,U,U,U,U,U,U,U,0:300.27:1302385:0.0:0,[0:299.31:1277135:0.0:0
COST_010320P292.5,U,U,U,U,U,U,U,U,U,U,U,U,U,U,U,U,U,U,U,U,0:300.27:1302385:0.0:0,[0:299.31:1277135:0.0:0
COST_011720P250,U,U,U,U,U,U,U,U,U,U,U,U,U,U,U,U,U,U,U,U,U,1303:299.31:1277135:0.59:17
COST_122719P275,U,U,U,U,U,U,U,U,U,U,U,U,U,U,U,U,U,U,U,U,U,37:299.31:1277135:1.83:1
COST_010320P275,U,U,U,U,U,U,U,U,U,U,U,U,U,U,U,U,U,U,U,U,U,1:299.31:1277135:2.08:1
