Symbol,20191029,20191031,20191101,20191104,20191105,20191106,20191107,20191108,20191111,20191112,20191113,20191114,20191115,20191118,20191119,20191120,20191121,20191122
FB_112219P165,705:189.31,730:191.65,727.0,765:194.72,762:194.32,760:191.55,760:190.42:13457662:0.09:8,758:190.84:10699151:0.09:2,758:189.61:8294973:0.07:7,753:194.47:17147000:0.03:2,753:193.19:10835199:0.03:0,753:193.15:8701600:0.06:5,748:195.1:11152427:0.06:0,U:197.4:16173621::,748:199.32:19053471:0.03:0,748:196.755:8950148:0.01:1,747:197.93:11843419:0.01:0,747:198.82:9951062:0.01:0
FB_112219P167.5,199:189.31,172:191.65,167.0,163:194.72,162:194.32,162:191.55,165:190.42:13457662:0.13:4,165:190.84:10699151:0.11:28,164:189.61:8294973:0.1:1,164:194.47:17147000:0.02:17,155:193.19:10835199:0.05:7,155:193.15:8701600:0.05:0,155:195.1:11152427:0.02:11,U:197.4:16173621::,164:199.32:19053471:0.02:0,164:196.755:8950148:0.02:1,164:197.93:11843419:0.02:0,164:198.82:9951062:0.02:0
FB_112219P170,6142:189.31,6085:191.65,6095.0,6087:194.72,6081:194.32,6085:191.55,6380:190.42:13457662:0.22:185,6531:190.84:10699151:0.16:11,6530:189.61:8294973:0.11:49,6552:194.47:17147000:0.05:19,6560:193.19:10835199:0.04:84,6586:193.15:8701600:0.04:3,6586:195.1:11152427:0.03:103,U:197.4:16173621::,6628:199.32:19053471:0.01:1,6629:196.755:8950148:0.01:0,6629:197.93:11843419:0.01:0,6629:198.82:9951062:0.01:2
FB_112219P172.5,231:189.31,247:191.65,212.0,223:194.72,254:194.32,235:191.55,248:190.42:13457662:0.28:44,261:190.84:10699151:0.2:13,264:189.61:8294973:0.14:88,298:194.47:17147000:0.08:3,299:193.19:10835199:0.06:22,306:193.15:8701600:0.05:2,305:195.1:11152427:0.03:55,U:197.4:16173621::,657:199.32:19053471:0.01:1,656:196.755:8950148:0.01:11,646:197.93:11843419:0.01:0,646:198.82:9951062:0.01:5
FB_112219P175,413:189.31,546:191.65,552.0,558:194.72,543:194.32,418:191.55,460:190.42:13457662:0.27:29,477:190.84:10699151:0.27:74,483:189.61:8294973:0.21:342,664:194.47:17147000:0.09:528,634:193.19:10835199:0.1:9,634:193.15:8701600:0.07:34,641:195.1:11152427:0.05:60,U:197.4:16173621::,669:199.32:19053471:0.01:7,672:196.755:8950148:0.02:3,672:197.93:11843419:0.02:0,[672:198.82:9951062:0.01:3
FB_112219P177.5,322:189.31,368:191.65,364.0,363:194.72,348:194.32,353:191.55,352:190.42:13457662:0.64:61,399:190.84:10699151:0.38:86,461:189.61:8294973:0.32:41,469:194.47:17147000:0.12:49,451:193.19:10835199:0.12:346,707:193.15:8701600:0.12:227,741:195.1:11152427:0.06:64,U:197.4:16173621::,825:199.32:19053471:0.01:8,825:196.755:8950148:0.01:6,820:197.93:11843419:0.01:0,[820:198.82:9951062:0.01:1
FB_112219P180,178:189.31,191:191.65,208.0,273:194.72,290:194.32,309:191.55,311:190.42:13457662:0.82:216,416:190.84:10699151:0.57:194,478:189.61:8294973:0.49:498,788:194.47:17147000:0.19:424,692:193.19:10835199:0.19:400,935:193.15:8701600:0.17:96,1009:195.1:11152427:0.08:347,1045:197.4:16173621:0.02:248,961:199.32:19053471:0.01:69,928:196.755:8950148:0.02:575,1243:197.93:11843419:0.01:12,[1242:198.82:9951062:0.01:19
FB_112219P182.5,234:189.31,248:191.65,287.0,371:194.72,380:194.32,390:191.55,349:190.42:13457662:1.14:62,387:190.84:10699151:0.87:81,424:189.61:8294973:0.81:484,739:194.47:17147000:0.29:760,677:193.19:10835199:0.29:355,768:193.15:8701600:0.28:165,774:195.1:11152427:0.13:326,849:197.4:16173621:0.02:867,831:199.32:19053471:0.01:1709,2080:196.755:8950148:0.03:599,2212:197.93:11843419:0.01:169,[2216:198.82:9951062:0.01:9
FB_112219P185,856:189.31,800:191.65,905.0,998:194.72,1002:194.32,1015:191.55,1154:190.42:13457662:1.67:172,1242:190.84:10699151:1.29:278,1229:189.61:8294973:1.27:603,1442:194.47:17147000:0.48:1305,1356:193.19:10835199:0.5:602,1394:193.15:8701600:0.41:523,1431:195.1:11152427:0.19:685,1652:197.4:16173621:0.06:2191,1619:199.32:19053471:0.02:498,1537:196.755:8950148:0.04:580,1797:197.93:11843419:0.01:84,[1778:198.82:9951062:0.01:133
FB_112219P187.5,252:189.31,268:191.65,314.0,468:194.72,482:194.32,501:191.55,546:190.42:13457662:2.52:176,561:190.84:10699151:1.91:60,568:189.61:8294973:2.01:587,857:194.47:17147000:0.82:1304,1153:193.19:10835199:0.85:1171,1453:193.15:8701600:0.8:854,1617:195.1:11152427:0.34:524,U:197.4:16173621::,2438:199.32:19053471:0.04:1264,2584:196.755:8950148:0.06:387,2579:197.93:11843419:0.02:249,[2455:198.82:9951062:0.01:236
FB_112219P190,392:189.31,413:191.65,767.0,1205:194.72,1470:194.32,1515:191.55,1566:190.42:13457662:3.53:296,1665:190.84:10699151:2.91:227,1686:189.61:8294973:3.1:335,1805:194.47:17147000:1.33:1447,2144:193.19:10835199:1.43:1789,2791:193.15:8701600:1.31:1843,3056:195.1:11152427:0.62:2175,3664:197.4:16173621:0.21:7036,4396:199.32:19053471:0.07:3474,4299:196.755:8950148:0.13:2196,3928:197.93:11843419:0.04:1040,[4010:198.82:9951062:0.01:382
FB_112219P192.5,116:189.31,116:191.65,308.0,432:194.72,1847:194.32,2236:191.55,2723:190.42:13457662:4.95:714,2555:190.84:10699151:4.1:2279,2967:189.61:8294973:4.57:762,3529:194.47:17147000:2.05:6393,2736:193.19:10835199:2.34:1067,2633:193.15:8701600:2.27:840,2757:195.1:11152427:1.14:2498,U:197.4:16173621::,3519:199.32:19053471:0.13:5256,3666:196.755:8950148:0.29:2437,3886:197.93:11843419:0.06:1611,[3786:198.82:9951062:0.01:487
FB_112219P195,56:189.31,67:191.65,158.0,165:194.72,260:194.32,529:191.55,520:190.42:13457662:6.5:136,511:190.84:10699151:5.8:42,525:189.61:8294973:6.3:16,524:194.47:17147000:3.25:1169,866:193.19:10835199:3.6:1042,1076:193.15:8701600:3.57:565,1172:195.1:11152427:2.05:1764,1761:197.4:16173621:1.08:9555,2838:199.32:19053471:0.35:6382,3534:196.755:8950148:0.77:6027,3384:197.93:11843419:0.19:5506,[3502:198.82:9951062:0.01:2512
FB_112219P197.5,97:189.31,189:191.65,203.0,228:194.72,1313:194.32,1660:191.55,2001:190.42:13457662:8.45:781,1800:190.84:10699151:8.0:1220,1910:189.61:8294973:8.77:602,2486:194.47:17147000:4.75:3101,1124:193.19:10835199:5.65:41,1141:193.15:8701600:5.35:150,1147:195.1:11152427:3.5:502,1348:197.4:16173621:2.1:4856,1442:199.32:19053471:0.87:7927,3435:196.755:8950148:1.74:8060,2429:197.93:11843419:0.66:8536,[2721:198.82:9951062:0.02:7310
FB_112219P200,102:189.31,162:191.65,182.0,193:194.72,256:194.32,374:191.55,384:190.42:13457662:10.4:20,382:190.84:10699151:9.9:138,392:189.61:8294973:11.42:1,391:194.47:17147000:6.35:504,348:193.19:10835199:7.35:132,376:193.15:8701600:7.2:142,334:195.1:11152427:5.45:264,418:197.4:16173621:3.75:510,508:199.32:19053471:1.93:5489,1609:196.755:8950148:3.55:2272,1742:197.93:11843419:2.21:4925,[3666:198.82:9951062:1.41:6433
FB_112219P202.5,1:189.31,67:191.65,59.0,60:194.72,86:194.32,86:191.55,88:190.42:13457662:10.6:6,94:190.84:10699151:10.6:0,94:189.61:8294973:10.6:0,94:194.47:17147000:10.6:0,94:193.19:10835199:10.6:0,94:193.15:8701600:10.35:1,95:195.1:11152427:8.0:5,95:197.4:16173621:5.8:167,167:199.32:19053471:3.7:885,365:196.755:8950148:6.2:199,385:197.93:11843419:3.71:185,[413:198.82:9951062:3.95:65
FB_112219P205,20:189.31,106:191.65,116.0,116:194.72,122:194.32,121:191.55,121:190.42:13457662:12.5:7,121:190.84:10699151:12.5:0,121:189.61:8294973:12.5:0,121:194.47:17147000:11.0:10,124:193.19:10835199:11.98:2,125:193.15:8701600:12.99:6,121:195.1:11152427:10.0:24,140:197.4:16173621:8.13:88,135:199.32:19053471:5.78:226,175:196.755:8950148:8.25:96,151:197.93:11843419:6.8:58,[166:198.82:9951062:6.35:129
FB_112219P207.5,129:189.31,266:191.65,281.0,281:194.72,286:194.32,287:191.55,287:190.42:13457662:14.8:3,290:190.84:10699151:14.8:0,290:189.61:8294973:14.8:0,290:194.47:17147000:13.45:4,290:193.19:10835199:13.45:0,290:193.15:8701600:13.45:0,290:195.1:11152427:12.53:5,U:197.4:16173621::,294:199.32:19053471:8.3:25,298:196.755:8950148:11.72:5,0:197.93:11843419:9.17:16,[5:198.82:9951062:8.3:4
FB_112219P210,11:189.31,157:191.65,158.0,155:194.72,155:194.32,155:191.55,155:190.42:13457662:15.15:0,155:190.84:10699151:15.15:0,155:189.61:8294973:15.15:0,155:194.47:17147000:15.15:0,155:193.19:10835199:15.15:0,155:193.15:8701600:15.15:0,155:195.1:11152427:15.15:0,155:197.4:16173621:12.0:2,155:199.32:19053471:10.95:71,177:196.755:8950148:14.0:35,18:197.93:11843419:11.8:20,[18:198.82:9951062:11.8:0
FB_112219P212.5,0:189.31,11:191.65,11.0,11:194.72,11:194.32,11:191.55,0:190.42:13457662:23.05:0,0:190.84:10699151:23.05:0,0:189.61:8294973:23.05:0,0:194.47:17147000:23.05:0,0:193.19:10835199:23.05:0,0:193.15:8701600:23.05:0,0:195.1:11152427:23.05:0,U:197.4:16173621::,0:199.32:19053471:23.05:0,0:196.755:8950148:23.05:0,0:197.93:11843419:23.05:0,[0:198.82:9951062:23.05:0
FB_112919P165,104:189.31,248:191.65,230.0,227:194.72,233:194.32,229:191.55,226:190.42:13457662:0.16:3,226:190.84:10699151:0.15:15,238:189.61:8294973:0.1:10,238:194.47:17147000:0.05:2,237:193.19:10835199:0.05:0,237:193.15:8701600:0.06:1,237:195.1:11152427:0.03:18,U:197.4:16173621::,237:199.32:19053471:0.03:0,237:196.755:8950148:0.01:27,237:197.93:11843419:0.01:0,237:198.82:9951062:0.02:16
FB_112919P167.5,95:189.31,180:191.65,209.0,238:194.72,237:194.32,237:191.55,239:190.42:13457662:0.22:1,240:190.84:10699151:0.18:1,240:189.61:8294973:0.17:51,289:194.47:17147000:0.08:44,275:193.19:10835199:0.07:1,275:193.15:8701600:0.07:0,275:195.1:11152427:0.05:7,U:197.4:16173621::,368:199.32:19053471:0.04:11,375:196.755:8950148:0.04:0,375:197.93:11843419:0.04:0,375:198.82:9951062:0.03:32
FB_112919P170,151:189.31,329:191.65,375.0,370:194.72,360:194.32,364:191.55,362:190.42:13457662:0.33:61,375:190.84:10699151:0.28:7,377:189.61:8294973:0.17:29,375:194.47:17147000:0.1:43,375:193.19:10835199:0.1:51,402:193.15:8701600:0.1:0,402:195.1:11152427:0.06:3,U:197.4:16173621::,400:199.32:19053471:0.02:17,395:196.755:8950148:0.05:1,394:197.93:11843419:0.03:12,390:198.82:9951062:0.04:34
FB_112919P172.5,146:189.31,169:191.65,169.0,156:194.72,156:194.32,156:191.55,160:190.42:13457662:0.46:75,170:190.84:10699151:0.34:28,186:189.61:8294973:0.27:63,176:194.47:17147000:0.14:3,176:193.19:10835199:0.14:0,176:193.15:8701600:0.12:23,182:195.1:11152427:0.07:4,182:197.4:16173621:0.06:59,231:199.32:19053471:0.06:0,231:196.755:8950148:0.05:140,290:197.93:11843419:0.03:10,294:198.82:9951062:0.01:31
FB_112919P175,99:189.31,224:191.65,249.0,165:194.72,164:194.32,158:191.55,191:190.42:13457662:0.6:31,206:190.84:10699151:0.47:20,203:189.61:8294973:0.37:26,217:194.47:17147000:0.17:80,270:193.19:10835199:0.21:25,269:193.15:8701600:0.17:160,384:195.1:11152427:0.11:52,412:197.4:16173621:0.06:282,510:199.32:19053471:0.04:15,510:196.755:8950148:0.07:15,501:197.93:11843419:0.05:5,[504:198.82:9951062:0.04:386
FB_112919P177.5,103:189.31,126:191.65,112.0,114:194.72,127:194.32,126:191.55,513:190.42:13457662:0.88:21,518:190.84:10699151:0.69:18,530:189.61:8294973:0.53:228,708:194.47:17147000:0.24:29,700:193.19:10835199:0.25:24,705:193.15:8701600:0.28:115,793:195.1:11152427:0.15:136,U:197.4:16173621::,800:199.32:19053471:0.06:38,793:196.755:8950148:0.09:24,777:197.93:11843419:0.05:5,[772:198.82:9951062:0.03:28
FB_112919P180,193:189.31,221:191.65,266.0,299:194.72,300:194.32,310:191.55,395:190.42:13457662:1.18:59,409:190.84:10699151:0.92:74,422:189.61:8294973:0.83:241,544:194.47:17147000:0.36:336,735:193.19:10835199:0.41:121,797:193.15:8701600:0.45:72,801:195.1:11152427:0.2:194,836:197.4:16173621:0.1:272,861:199.32:19053471:0.07:138,761:196.755:8950148:0.1:155,770:197.93:11843419:0.07:40,[794:198.82:9951062:0.04:1070
FB_112919P182.5,281:189.31,351:191.65,379.0,401:194.72,411:194.32,451:191.55,445:190.42:13457662:1.34:67,514:190.84:10699151:1.23:78,548:189.61:8294973:1.21:186,649:194.47:17147000:0.55:344,497:193.19:10835199:0.63:44,511:193.15:8701600:0.58:72,523:195.1:11152427:0.29:295,643:197.4:16173621:0.17:272,725:199.32:19053471:0.08:70,689:196.755:8950148:0.14:453,1067:197.93:11843419:0.11:13,[1068:198.82:9951062:0.06:27
FB_112919P185,586:189.31,601:191.65,2142.0,2666:194.72,3188:194.32,3271:191.55,3287:190.42:13457662:2.31:3086,1999:190.84:10699151:1.79:176,2039:189.61:8294973:1.8:123,2095:194.47:17147000:0.81:745,1775:193.19:10835199:1.0:98,1825:193.15:8701600:0.88:102,1876:195.1:11152427:0.46:337,1954:197.4:16173621:0.27:591,2031:199.32:19053471:0.13:523,2183:196.755:8950148:0.21:239,2444:197.93:11843419:0.17:198,[2391:198.82:9951062:0.07:139
FB_112919P187.5,973:189.31,1002:191.65,974.0,978:194.72,978:194.32,964:191.55,997:190.42:13457662:2.95:76,972:190.84:10699151:2.5:411,1301:189.61:8294973:2.52:139,1291:194.47:17147000:1.24:402,1489:193.19:10835199:1.37:35,1481:193.15:8701600:1.31:197,1419:195.1:11152427:0.73:491,U:197.4:16173621::,1495:199.32:19053471:0.2:520,1506:196.755:8950148:0.38:659,1747:197.93:11843419:0.22:99,[1752:198.82:9951062:0.12:543
FB_112919P190,353:189.31,398:191.65,566.0,899:194.72,932:194.32,929:191.55,970:190.42:13457662:4.0:198,907:190.84:10699151:3.48:258,987:189.61:8294973:3.75:90,978:194.47:17147000:1.88:1447,1404:193.19:10835199:2.06:2106,1845:193.15:8701600:2.03:1917,2675:195.1:11152427:1.15:449,U:197.4:16173621::,2954:199.32:19053471:0.36:1047,3126:196.755:8950148:0.61:427,3217:197.93:11843419:0.4:649,[3314:198.82:9951062:0.19:1605
FB_112919P192.5,791:189.31,801:191.65,827.0,838:194.72,878:194.32,884:191.55,898:190.42:13457662:5.73:220,888:190.84:10699151:4.85:10,887:189.61:8294973:5.17:56,891:194.47:17147000:2.66:363,957:193.19:10835199:3.1:127,927:193.15:8701600:3.0:1830,933:195.1:11152427:1.85:322,U:197.4:16173621::,1423:199.32:19053471:0.62:863,1660:196.755:8950148:1.12:1038,2064:197.93:11843419:0.7:812,[2219:198.82:9951062:0.35:1226
FB_112919P195,156:189.31,179:191.65,264.0,273:194.72,332:194.32,352:191.55,359:190.42:13457662:7.4:29,367:190.84:10699151:6.43:13,378:189.61:8294973:6.85:34,395:194.47:17147000:3.75:182,423:193.19:10835199:4.26:1976,624:193.15:8701600:4.07:59,606:195.1:11152427:2.8:713,849:197.4:16173621:1.94:2253,1577:199.32:19053471:1.11:1770,1835:196.755:8950148:1.7:1665,1715:197.93:11843419:1.22:3296,[2883:198.82:9951062:0.75:3137
FB_112919P197.5,723:189.31,825:191.65,862.0,861:194.72,868:194.32,873:191.55,873:190.42:13457662:8.32:8,869:190.84:10699151:8.32:0,869:189.61:8294973:8.32:0,869:194.47:17147000:5.3:963,926:193.19:10835199:5.85:125,961:193.15:8701600:6.95:2,961:195.1:11152427:4.2:27,984:197.4:16173621:3.1:1969,1638:199.32:19053471:1.8:3696,2954:196.755:8950148:2.83:2584,2391:197.93:11843419:2.13:6157,[3387:198.82:9951062:1.4:9612
FB_112919P200,112:189.31,168:191.65,176.0,185:194.72,220:194.32,218:191.55,218:190.42:13457662:9.78:77,219:190.84:10699151:9.0:4,223:189.61:8294973:9.0:0,223:194.47:17147000:7.01:306,265:193.19:10835199:6.65:7,271:193.15:8701600:7.55:20,281:195.1:11152427:6.16:95,320:197.4:16173621:4.55:161,410:199.32:19053471:2.97:1717,816:196.755:8950148:4.35:834,957:197.93:11843419:3.4:1093,[1291:198.82:9951062:2.58:2579
FB_112919P202.5,21:189.31,81:191.65,82.0,80:194.72,80:194.32,80:191.55,79:190.42:13457662:11.95:7,79:190.84:10699151:11.45:2,81:189.61:8294973:11.45:0,81:194.47:17147000:8.9:1,82:193.19:10835199:9.57:1,82:193.15:8701600:10.14:2,82:195.1:11152427:8.1:21,98:197.4:16173621:6.35:73,151:199.32:19053471:4.9:126,204:196.755:8950148:6.55:126,198:197.93:11843419:5.3:448,[588:198.82:9951062:4.4:826
FB_112919P205,0:189.31,48:191.65,53.0,54:194.72,59:194.32,59:191.55,64:190.42:13457662:13.07:0,64:190.84:10699151:13.65:4,68:189.61:8294973:13.65:0,68:194.47:17147000:11.0:9,68:193.19:10835199:11.0:0,68:193.15:8701600:11.0:0,68:195.1:11152427:11.0:0,U:197.4:16173621::,68:199.32:19053471:6.35:33,88:196.755:8950148:8.4:21,89:197.93:11843419:7.26:34,[93:198.82:9951062:6.56:48
FB_112919P207.5,30:189.31,163:191.65,277.0,277:194.72,277:194.32,277:191.55,277:190.42:13457662:15.9:0,277:190.84:10699151:15.9:0,277:189.61:8294973:15.9:0,277:194.47:17147000:13.47:7,279:193.19:10835199:14.45:2,281:193.15:8701600:14.45:0,281:195.1:11152427:14.45:0,281:197.4:16173621:10.65:13,294:199.32:19053471:8.55:8,293:196.755:8950148:8.55:0,293:197.93:11843419:8.55:0,[293:198.82:9951062:8.55:0
FB_112919P210,58:189.31,58:191.65,63.0,62:194.72,81:194.32,81:191.55,81:190.42:13457662:15.05:0,81:190.84:10699151:15.05:0,81:189.61:8294973:15.05:0,81:194.47:17147000:15.05:0,81:193.19:10835199:15.05:0,81:193.15:8701600:15.05:0,81:195.1:11152427:15.05:0,81:197.4:16173621:15.05:0,81:199.32:19053471:11.0:3,83:196.755:8950148:14.0:2,83:197.93:11843419:11.7:5,[82:198.82:9951062:11.41:6
FB_112919P212.5,10:189.31,163:191.65,174.0,175:194.72,176:194.32,176:191.55,176:190.42:13457662:16.3:0,176:190.84:10699151:16.3:0,175:189.61:8294973:16.3:0,175:194.47:17147000:16.3:0,175:193.19:10835199:16.3:0,175:193.15:8701600:16.3:0,175:195.1:11152427:16.3:0,175:197.4:16173621:16.3:0,175:199.32:19053471:16.3:0,175:196.755:8950148:16.3:0,175:197.93:11843419:16.3:0,[175:198.82:9951062:14.7:2
FB_120619P165,48:189.31,716:191.65,712.0,716:194.72,716:194.32,716:191.55,714:190.42:13457662:0.27:8,710:190.84:10699151:0.26:9,717:189.61:8294973:0.24:1,718:194.47:17147000:0.13:8,719:193.19:10835199:0.12:9,716:193.15:8701600:0.12:0,716:195.1:11152427:0.09:1,U:197.4:16173621::,761:199.32:19053471:0.04:4,757:196.755:8950148:0.05:2,757:197.93:11843419:0.05:0,757:198.82:9951062:0.05:579
FB_120619P167.5,18:189.31,50:191.65,50.0,49:194.72,51:194.32,51:191.55,52:190.42:13457662:0.35:8,52:190.84:10699151:0.35:7,52:189.61:8294973:0.37:82,119:194.47:17147000:0.37:0,119:193.19:10835199:0.37:0,119:193.15:8701600:0.37:0,119:195.1:11152427:0.37:0,U:197.4:16173621::,115:199.32:19053471:0.05:1,115:196.755:8950148:0.05:1,115:197.93:11843419:0.05:0,115:198.82:9951062:0.05:0
FB_120619P170,50:189.31,67:191.65,60.0,63:194.72,73:194.32,66:191.55,73:190.42:13457662:0.55:18,86:190.84:10699151:0.42:14,85:189.61:8294973:0.37:9,85:194.47:17147000:0.2:5,82:193.19:10835199:0.24:1,82:193.15:8701600:0.26:1,82:195.1:11152427:0.14:20,96:197.4:16173621:0.12:31,120:199.32:19053471:0.07:3,120:196.755:8950148:0.1:10,121:197.93:11843419:0.1:0,121:198.82:9951062:0.1:0
FB_120619P172.5,8:189.31,218:191.65,222.0,226:194.72,223:194.32,228:191.55,250:190.42:13457662:0.57:1,251:190.84:10699151:0.63:50,301:189.61:8294973:0.48:11,307:194.47:17147000:0.31:12,317:193.19:10835199:0.28:122,288:193.15:8701600:0.28:0,288:195.1:11152427:0.18:5,U:197.4:16173621::,282:199.32:19053471:0.09:12,287:196.755:8950148:0.15:46,313:197.93:11843419:0.1:2,313:198.82:9951062:0.08:4
FB_120619P175,12:189.31,98:191.65,108.0,114:194.72,116:194.32,116:191.55,122:190.42:13457662:0.93:105,201:190.84:10699151:0.83:55,254:189.61:8294973:0.72:26,255:194.47:17147000:0.36:81,256:193.19:10835199:0.44:76,272:193.15:8701600:0.39:12,274:195.1:11152427:0.23:22,U:197.4:16173621::,267:199.32:19053471:0.1:36,270:196.755:8950148:0.16:77,299:197.93:11843419:0.14:25,[322:198.82:9951062:0.1:1
FB_120619P177.5,3:189.31,24:191.65,132.0,195:194.72,205:194.32,198:191.55,185:190.42:13457662:1.0:17,196:190.84:10699151:1.0:25,207:189.61:8294973:0.95:30,228:194.47:17147000:0.49:18,237:193.19:10835199:0.55:23,224:193.15:8701600:0.65:2,225:195.1:11152427:0.34:20,U:197.4:16173621::,434:199.32:19053471:0.14:52,407:196.755:8950148:0.25:416,661:197.93:11843419:0.16:43,[674:198.82:9951062:0.14:88
FB_120619P180,23:189.31,36:191.65,107.0,139:194.72,386:194.32,399:191.55,440:190.42:13457662:1.53:93,464:190.84:10699151:1.4:36,477:189.61:8294973:1.3:60,509:194.47:17147000:0.7:57,485:193.19:10835199:0.79:54,508:193.15:8701600:0.72:21,501:195.1:11152427:0.45:113,U:197.4:16173621::,557:199.32:19053471:0.17:55,585:196.755:8950148:0.34:138,668:197.93:11843419:0.25:60,[684:198.82:9951062:0.17:153
FB_120619P182.5,1:189.31,13:191.65,31.0,40:194.72,83:194.32,108:191.55,167:190.42:13457662:2.4:21,177:190.84:10699151:2.09:40,180:189.61:8294973:1.83:94,242:194.47:17147000:0.98:364,412:193.19:10835199:1.16:124,391:193.15:8701600:1.03:15,393:195.1:11152427:0.64:27,U:197.4:16173621::,524:199.32:19053471:0.28:78,530:196.755:8950148:0.47:87,533:197.93:11843419:0.35:11,[538:198.82:9951062:0.24:303
FB_120619P185,25:189.31,36:191.65,68.0,83:194.72,175:194.32,293:191.55,337:190.42:13457662:3.03:36,347:190.84:10699151:2.38:36,377:189.61:8294973:2.52:40,397:194.47:17147000:1.37:107,432:193.19:10835199:1.5:708,962:193.15:8701600:1.46:67,997:195.1:11152427:0.9:156,1029:197.4:16173621:0.67:632,1117:199.32:19053471:0.39:111,1121:196.755:8950148:0.69:182,1149:197.93:11843419:0.56:201,[1167:198.82:9951062:0.35:193
FB_120619P187.5,11:189.31,29:191.65,37.0,50:194.72,72:194.32,82:191.55,102:190.42:13457662:3.87:19,89:190.84:10699151:3.25:12,95:189.61:8294973:3.43:21,83:194.47:17147000:1.9:118,181:193.19:10835199:2.05:160,310:193.15:8701600:2.05:472,521:195.1:11152427:1.33:22,530:197.4:16173621:0.95:251,627:199.32:19053471:0.63:200,679:196.755:8950148:1.0:216,834:197.93:11843419:0.84:209,[958:198.82:9951062:0.52:76
FB_120619P190,70:189.31,114:191.65,169.0,205:194.72,232:194.32,251:191.55,251:190.42:13457662:4.73:521,506:190.84:10699151:4.25:93,556:189.61:8294973:4.55:50,558:194.47:17147000:2.64:133,572:193.19:10835199:2.93:21,564:193.15:8701600:2.6:99,654:195.1:11152427:1.9:96,U:197.4:16173621:2.:,797:199.32:19053471:0.96:276,966:196.755:8950148:1.4:281,1118:197.93:11843419:1.1:214,[1139:198.82:9951062:0.79:308
FB_120619P192.5,0:189.31,1:191.65,90.0,95:194.72,216:194.32,311:191.55,322:190.42:13457662:5.6:105,308:190.84:10699151:5.49:62,346:189.61:8294973:6.0:2,344:194.47:17147000:3.45:170,420:193.19:10835199:3.95:186,269:193.15:8701600:3.79:446,381:195.1:11152427:2.72:90,387:197.4:16173621:2.05:218,441:199.32:19053471:1.4:130,467:196.755:8950148:2.09:298,517:197.93:11843419:1.82:395,[750:198.82:9951062:1.24:435
FB_120619P195,9:189.31,11:191.65,33.0,54:194.72,129:194.32,137:191.55,180:190.42:13457662:7.75:50,170:190.84:10699151:6.18:15,165:189.61:8294973:7.94:1,166:194.47:17147000:4.58:524,645:193.19:10835199:5.12:24,658:193.15:8701600:5.15:25,677:195.1:11152427:3.8:100,U:197.4:16173621::,843:199.32:19053471:1.95:316,966:196.755:8950148:2.91:272,1014:197.93:11843419:2.38:1066,[1332:198.82:9951062:1.8:601
FB_120619P197.5,0:189.31,328:191.65,348.0,357:194.72,358:194.32,432:191.55,431:190.42:13457662:7.7:93,418:190.84:10699151:8.1:2,416:189.61:8294973:9.7:2,417:194.47:17147000:6.0:2,417:193.19:10835199:6.3:3,417:193.15:8701600:6.3:0,417:195.1:11152427:5.35:8,U:197.4:16173621::,475:199.32:19053471:2.95:710,1102:196.755:8950148:4.1:89,1109:197.93:11843419:3.4:370,[1200:198.82:9951062:2.77:612
FB_120619P200,0:189.31,20:191.65,19.0,19:194.72,83:194.32,83:191.55,87:190.42:13457662:10.45:1,87:190.84:10699151:9.95:5,92:189.61:8294973:11.52:1,92:194.47:17147000:7.2:16,102:193.19:10835199:8.25:2,102:193.15:8701600:9.25:1,103:195.1:11152427:6.78:45,103:197.4:16173621:5.44:26,114:199.32:19053471:3.93:247,161:196.755:8950148:5.37:48,151:197.93:11843419:4.8:69,[150:198.82:9951062:4.0:850
FB_120619P202.5,3:189.31,12:191.65,14.0,14:194.72,20:194.32,20:191.55,20:190.42:13457662:9.6:0,20:190.84:10699151:9.6:0,20:189.61:8294973:9.6:0,20:194.47:17147000:9.8:4,23:193.19:10835199:10.15:7,26:193.15:8701600:10.15:0,26:195.1:11152427:8.7:14,40:197.4:16173621:7.2:15,50:199.32:19053471:5.3:12,52:196.755:8950148:7.25:31,63:197.93:11843419:6.17:83,[126:198.82:9951062:5.35:19
FB_120619P205,0:189.31,1:191.65,0.0,0:194.72,0:194.32,1:191.55,1:190.42:13457662:12.0:0,1:190.84:10699151:13.95:2,2:189.61:8294973:13.95:0,2:194.47:17147000:11.45:8,10:193.19:10835199:12.4:1,10:193.15:8701600:12.55:4,14:195.1:11152427:10.7:24,37:197.4:16173621:8.75:40,57:199.32:19053471:7.55:35,81:196.755:8950148:9.0:33,76:197.93:11843419:8.2:28,[85:198.82:9951062:7.35:7
FB_120619P207.5,20:189.31,22:191.65,22.0,22:194.72,22:194.32,22:191.55,22:190.42:13457662:21.3:0,22:190.84:10699151:21.3:0,22:189.61:8294973:21.3:0,22:194.47:17147000:21.3:0,22:193.19:10835199:13.9:2,24:193.15:8701600:13.9:0,24:195.1:11152427:13.15:13,U:197.4:16173621::,58:199.32:19053471:9.5:27,77:196.755:8950148:10.35:6,83:197.93:11843419:10.55:4,[87:198.82:9951062:9.55:5
FB_120619P210,10:189.31,11:191.65,11.0,11:194.72,30:194.32,30:191.55,30:190.42:13457662:13.99:0,30:190.84:10699151:13.99:0,30:189.61:8294973:13.99:0,30:194.47:17147000:13.99:0,30:193.19:10835199:13.99:0,30:193.15:8701600:13.99:0,30:195.1:11152427:15.55:2,U:197.4:16173621::,50:199.32:19053471:11.4:23,72:196.755:8950148:12.4:10,82:197.93:11843419:12.25:21,[103:198.82:9951062:12.1:1
FB_120619P215,0:189.31,11:191.65,11.0,11:194.72,11:194.32,11:191.55,12:190.42:13457662:22.0:1,11:190.84:10699151:22.0:0,11:189.61:8294973:22.0:0,11:194.47:17147000:22.0:0,11:193.19:10835199:22.0:0,11:193.15:8701600:22.0:0,11:195.1:11152427:22.0:0,11:197.4:16173621:22.0:0,11:199.32:19053471:22.0:0,11:196.755:8950148:22.0:0,11:197.93:11843419:22.0:0,[11:198.82:9951062:22.0:0
FB_122019P140,6854:189.31,6935:191.65,6935.0,6918:194.72,6913:194.32,6912:191.55,6912:190.42:13457662:0.09:7,6917:190.84:10699151:0.08:6,6914:189.61:8294973:0.06:1050,6817:194.47:17147000:0.05:139,6771:193.19:10835199:0.07:1,6771:193.15:8701600:0.06:315,6771:195.1:11152427:0.04:27,U:197.4:16173621::,6764:199.32:19053471:0.03:5,6763:196.755:8950148:0.03:14,6756:197.93:11843419:0.03:0,6756:198.82:9951062:0.03:1
FB_122019P145,2455:189.31,2430:191.65,2412.0,2515:194.72,2513:194.32,2513:191.55,2503:190.42:13457662:0.14:2,2502:190.84:10699151:0.12:2,2504:189.61:8294973:0.12:4,2503:194.47:17147000:0.09:1,2503:193.19:10835199:0.08:3,2501:193.15:8701600:0.08:0,2501:195.1:11152427:0.07:13,2490:197.4:16173621:0.05:10,2489:199.32:19053471:0.03:3,2491:196.755:8950148:0.04:13,2490:197.93:11843419:0.05:4,2494:198.82:9951062:0.04:10
FB_122019P150,11138:189.31,11648:191.65,11269.0,11280:194.72,11269:194.32,11255:191.55,11268:190.42:13457662:0.2:63,11240:190.84:10699151:0.16:14,11230:189.61:8294973:0.15:19,11214:194.47:17147000:0.12:16,11209:193.19:10835199:0.11:14,11212:193.15:8701600:0.12:45,11143:195.1:11152427:0.08:29,11165:197.4:16173621:0.05:217,11364:199.32:19053471:0.05:63,11315:196.755:8950148:0.07:107,11401:197.93:11843419:0.06:13,11388:198.82:9951062:0.06:116
FB_122019P155,5529:189.31,5726:191.65,5651.0,5617:194.72,5606:194.32,5599:191.55,5600:190.42:13457662:0.28:49,5583:190.84:10699151:0.24:13,5588:189.61:8294973:0.22:30,5581:194.47:17147000:0.14:337,5581:193.19:10835199:0.15:141,5480:193.15:8701600:0.16:152,5516:195.1:11152427:0.12:62,5563:197.4:16173621:0.08:46,5549:199.32:19053471:0.06:108,5573:196.755:8950148:0.08:2,5573:197.93:11843419:0.08:11,5563:198.82:9951062:0.07:4
FB_122019P160,8871:189.31,9068:191.65,8738.0,8472:194.72,8491:194.32,8490:191.55,7490:190.42:13457662:0.43:145,7402:190.84:10699151:0.35:36,7410:189.61:8294973:0.32:100,7351:194.47:17147000:0.2:95,7348:193.19:10835199:0.22:44,7332:193.15:8701600:0.24:32,7328:195.1:11152427:0.16:42,7333:197.4:16173621:0.12:22,7333:199.32:19053471:0.1:263,7548:196.755:8950148:0.12:103,7527:197.93:11843419:0.11:1,7526:198.82:9951062:0.11:224
FB_122019P165,11719:189.31,11866:191.65,11740.0,11690:194.72,11684:194.32,11699:191.55,11692:190.42:13457662:0.68:716,12147:190.84:10699151:0.55:74,12118:189.61:8294973:0.51:97,12100:194.47:17147000:0.31:167,12074:193.19:10835199:0.35:191,12068:193.15:8701600:0.35:44,12085:195.1:11152427:0.24:567,U:197.4:16173621::,12241:199.32:19053471:0.14:58,12241:196.755:8950148:0.19:42,12236:197.93:11843419:0.18:454,11803:198.82:9951062:0.14:34
FB_122019P170,8919:189.31,9619:191.65,10098.0,10211:194.72,10288:194.32,10304:191.55,10278:190.42:13457662:1.1:272,10341:190.84:10699151:0.87:98,10351:189.61:8294973:0.82:305,10493:194.47:17147000:0.49:241,10538:193.19:10835199:0.57:63,10532:193.15:8701600:0.57:61,10549:195.1:11152427:0.39:170,10497:197.4:16173621:0.27:1060,10493:199.32:19053471:0.21:151,10469:196.755:8950148:0.31:81,10441:197.93:11843419:0.26:396,10428:198.82:9951062:0.21:209
FB_122019P175,10215:189.31,10371:191.65,11533.0,12352:194.72,12464:194.32,12475:191.55,12869:190.42:13457662:1.63:1234,13568:190.84:10699151:1.42:106,13608:189.61:8294973:1.41:311,13620:194.47:17147000:0.87:784,13895:193.19:10835199:0.96:149,13867:193.15:8701600:0.96:220,13881:195.1:11152427:0.65:395,13673:197.4:16173621:0.47:520,13666:199.32:19053471:0.36:221,13680:196.755:8950148:0.53:731,13432:197.93:11843419:0.46:513,[13535:198.82:9951062:0.34:81
FB_122019P180,10429:189.31,10023:191.65,10533.0,10687:194.72,20216:194.32,20297:191.55,20647:190.42:13457662:2.71:664,20740:190.84:10699151:2.4:446,20897:189.61:8294973:2.35:353,20944:194.47:17147000:1.47:1983,20642:193.19:10835199:1.6:369,20601:193.15:8701600:1.6:290,20618:195.1:11152427:1.11:1561,20833:197.4:16173621:0.84:1396,21081:199.32:19053471:0.63:650,20853:196.755:8950148:0.91:322,20830:197.93:11843419:0.8:244,[20706:198.82:9951062:0.61:127
FB_122019P185,8882:189.31,8935:191.65,9808.0,10651:194.72,11122:194.32,11409:191.55,11502:190.42:13457662:4.1:916,11176:190.84:10699151:3.65:331,11138:189.61:8294973:3.79:160,11163:194.47:17147000:2.41:968,11143:193.19:10835199:2.64:330,11246:193.15:8701600:2.67:880,11337:195.1:11152427:1.91:721,U:197.4:16173621::,11438:199.32:19053471:1.12:2156,12902:196.755:8950148:1.58:804,13348:197.93:11843419:1.44:1145,[12606:198.82:9951062:1.1:260
FB_122019P190,6847:189.31,7322:191.65,6372.0,8129:194.72,11541:194.32,12942:191.55,12952:190.42:13457662:6.15:989,13278:190.84:10699151:5.58:1327,13757:189.61:8294973:5.9:4246,17819:194.47:17147000:3.9:8363,24534:193.19:10835199:4.2:7812,29900:193.15:8701600:4.2:624,30014:195.1:11152427:3.2:589,U:197.4:16173621::,29888:199.32:19053471:2.0:677,29981:196.755:8950148:2.74:944,30094:197.93:11843419:2.41:684,[30089:198.82:9951062:2.06:832
FB_122019P195,5779:189.31,5872:191.65,6006.0,6277:194.72,6436:194.32,6440:191.55,6976:190.42:13457662:8.75:414,6905:190.84:10699151:8.3:156,6977:189.61:8294973:8.7:132,6970:194.47:17147000:6.03:10868,17306:193.19:10835199:6.5:599,17420:193.15:8701600:6.5:553,17479:195.1:11152427:5.2:1355,U:197.4:16173621::,18158:199.32:19053471:3.4:1544,18402:196.755:8950148:4.5:2629,18601:197.93:11843419:4.2:454,[18674:198.82:9951062:3.5:274
FB_122019P200,5199:189.31,5310:191.65,5343.0,5378:194.72,5398:194.32,5409:191.55,5455:190.42:13457662:11.9:54,5442:190.84:10699151:11.54:71,5457:189.61:8294973:12.05:80,5458:194.47:17147000:8.8:161,5537:193.19:10835199:9.4:155,5570:193.15:8701600:10.35:29,5554:195.1:11152427:7.91:49,5549:197.4:16173621:6.77:724,5505:199.32:19053471:5.48:736,5776:196.755:8950148:6.95:739,6218:197.93:11843419:6.25:325,[6279:198.82:9951062:5.65:202
FB_122019P205,3031:189.31,2994:191.65,2970.0,3203:194.72,3187:194.32,3187:191.55,3188:190.42:13457662:14.4:7,3191:190.84:10699151:15.4:89,3116:189.61:8294973:16.4:4,3119:194.47:17147000:12.62:23,3126:193.19:10835199:13.15:19,3131:193.15:8701600:14.15:6,3133:195.1:11152427:11.42:13,3132:197.4:16173621:9.86:31,3116:199.32:19053471:8.4:20,3122:196.755:8950148:10.3:96,3129:197.93:11843419:9.1:67,[3176:198.82:9951062:9.0:19
FB_122019P210,1129:189.31,1130:191.65,1145.0,1153:194.72,1169:194.32,1179:191.55,1189:190.42:13457662:18.6:11,1188:190.84:10699151:18.6:0,1188:189.61:8294973:18.6:0,1188:194.47:17147000:16.77:4,1189:193.19:10835199:17.65:27,1184:193.15:8701600:17.7:1,1183:195.1:11152427:15.65:142,U:197.4:16173621::,1277:199.32:19053471:11.93:69,1289:196.755:8950148:14.26:46,1317:197.93:11843419:13.09:23,[1318:198.82:9951062:12.8:9
FB_122019P215,790:189.31,839:191.65,829.0,829:194.72,832:194.32,832:191.55,827:190.42:13457662:22.45:1,828:190.84:10699151:23.98:6,831:189.61:8294973:25.57:1,831:194.47:17147000:25.57:0,831:193.19:10835199:21.95:7,830:193.15:8701600:23.6:7,832:195.1:11152427:20.65:1,U:197.4:16173621::,840:199.32:19053471:16.8:167,843:196.755:8950148:18.45:23,846:197.93:11843419:17.47:30,[861:198.82:9951062:16.76:30
FB_122019P220,392:189.31,408:191.65,416.0,416:194.72,417:194.32,417:191.55,417:190.42:13457662:28.55:6,417:190.84:10699151:28.55:0,417:189.61:8294973:30.46:1,406:194.47:17147000:29.2:1,406:193.19:10835199:29.2:0,406:193.15:8701600:27.14:16,406:195.1:11152427:25.19:13,U:197.4:16173621::,417:199.32:19053471:21.65:5,422:196.755:8950148:21.5:1,423:197.93:11843419:21.5:0,[423:198.82:9951062:21.18:20
FB_122019P225,220:189.31,366:191.65,365.0,365:194.72,365:194.32,365:191.55,85:190.42:13457662:34.75:1,85:190.84:10699151:34.75:0,85:189.61:8294973:34.75:0,84:194.47:17147000:34.75:0,84:193.19:10835199:34.75:0,66:193.15:8701600:32.37:1,66:195.1:11152427:32.37:0,66:197.4:16173621:32.37:0,66:199.32:19053471:32.37:0,66:196.755:8950148:32.37:0,66:197.93:11843419:26.7:14,[78:198.82:9951062:26.7:0
FB_122019P230,119:189.31,119:191.65,119.0,119:194.72,119:194.32,119:191.55,104:190.42:13457662:36.5:0,104:190.84:10699151:39.57:10,114:189.61:8294973:39.57:0,104:194.47:17147000:39.57:0,104:193.19:10835199:39.57:0,104:193.15:8701600:37.0:40,104:195.1:11152427:35.05:20,104:197.4:16173621:35.05:0,104:199.32:19053471:35.05:0,104:196.755:8950148:35.05:0,104:197.93:11843419:35.05:0,104:198.82:9951062:35.05:0
FB_122019P235,0:189.31,0:191.65,0.0,0:194.72,0:194.32,0:191.55,0:190.42:13457662:47.45:0,0:190.84:10699151:44.58:6,0:189.61:8294973:44.58:0,0:194.47:17147000:44.58:0,0:193.19:10835199:44.58:0,0:193.15:8701600:44.58:0,0:195.1:11152427:44.58:0,0:197.4:16173621:44.58:0,0:199.32:19053471:44.58:0,0:196.755:8950148:44.58:0,0:197.93:11843419:44.58:0,0:198.82:9951062:44.58:0
FB_121319P200,0,0:191.65,251.0,451:194.72,514:194.32,514:191.55,524:190.42:13457662:10.17:1,524:190.84:10699151:10.17:0,524:189.61:8294973:11.7:3,523:194.47:17147000:7.87:2,524:193.19:10835199:8.17:1,524:193.15:8701600:8.98:2,522:195.1:11152427:7.7:15,537:197.4:16173621:6.15:12,537:199.32:19053471:4.95:69,563:196.755:8950148:6.7:57,574:197.93:11843419:5.37:19,[586:198.82:9951062:5.1:23
FB_121319P180,0,0:191.65,9.0,141:194.72,155:194.32,156:191.55,159:190.42:13457662:2.22:11,163:190.84:10699151:1.89:27,182:189.61:8294973:2.0:5,186:194.47:17147000:1.17:25,189:193.19:10835199:1.17:25,199:193.15:8701600:1.09:16,212:195.1:11152427:0.78:25,U:197.4:16173621::,218:199.32:19053471:0.41:32,248:196.755:8950148:0.59:21,236:197.93:11843419:0.59:0,[236:198.82:9951062:0.37:32
FB_122019P240,0,0:191.65,0.0,0:194.72,0:194.32,0:191.55,0:190.42:13457662:57.61:0,0:190.84:10699151:49.57:4,0:189.61:8294973:49.57:0,0:194.47:17147000:49.57:0,0:193.19:10835199:49.57:0,0:193.15:8701600:49.57:0,0:195.1:11152427:49.57:0,0:197.4:16173621:49.57:0,0:199.32:19053471:49.57:0,0:196.755:8950148:49.57:0,0:197.93:11843419:49.57:0,0:198.82:9951062:49.57:0
FB_121319P187.5,0,0:191.65,10.0,24:194.72,42:194.32,47:191.55,51:190.42:13457662:4.53:18,58:190.84:10699151:4.1:64,107:189.61:8294973:4.25:169,233:194.47:17147000:2.5:118,234:193.19:10835199:2.73:56,232:193.15:8701600:2.61:53,247:195.1:11152427:1.92:23,259:197.4:16173621:1.51:100,312:199.32:19053471:1.07:45,311:196.755:8950148:1.5:38,333:197.93:11843419:1.32:245,[429:198.82:9951062:1.0:34
FB_121319P207.5,0,0:191.65,0.0,0:194.72,2:194.32,2:191.55,2:190.42:13457662:13.65:0,2:190.84:10699151:13.65:0,2:189.61:8294973:13.65:0,2:194.47:17147000:14.25:9,11:193.19:10835199:14.25:0,11:193.15:8701600:14.25:0,11:195.1:11152427:14.25:0,U:197.4:16173621::,11:199.32:19053471:14.25:0,11:196.755:8950148:14.25:0,11:197.93:11843419:14.25:0,[11:198.82:9951062:10.1:12
FB_121319P197.5,0,0:191.65,0.0,0:194.72,25:194.32,24:191.55,24:190.42:13457662:6.65:0,24:190.84:10699151:6.65:0,24:189.61:8294973:10.45:1,25:194.47:17147000:6.6:2,26:193.19:10835199:6.75:1,26:193.15:8701600:7.32:2,27:195.1:11152427:6.03:14,40:197.4:16173621:4.75:451,224:199.32:19053471:3.75:101,350:196.755:8950148:4.75:109,407:197.93:11843419:4.55:90,[423:198.82:9951062:3.75:112
FB_112219P215,0,0:191.65,0.0,0:194.72,0:194.32,0:191.55,0:190.42:13457662:0.0:0,0:190.84:10699151:0.0:0,0:189.61:8294973:0.0:0,0:194.47:17147000:0.0:0,0:193.19:10835199:0.0:0,0:193.15:8701600:0.0:0,0:195.1:11152427:0.0:0,0:197.4:16173621:17.2:2,0:199.32:19053471:16.05:2,2:196.755:8950148:16.6:2,0:197.93:11843419:16.6:0,[0:198.82:9951062:16.6:0
FB_121319P175,0,0:191.65,8.0,75:194.72,77:194.32,82:191.55,82:190.42:13457662:1.4:14,96:190.84:10699151:1.12:24,96:189.61:8294973:1.06:7,102:194.47:17147000:0.6:17,99:193.19:10835199:0.71:32,123:193.15:8701600:0.64:8,121:195.1:11152427:0.41:16,U:197.4:16173621::,188:199.32:19053471:0.23:14,187:196.755:8950148:0.21:14,185:197.93:11843419:0.21:0,[185:198.82:9951062:0.22:1
FB_121319P210,0,0:191.65,0.0,0:194.72,0:194.32,0:191.55,0:190.42:13457662:0.0:0,0:190.84:10699151:0.0:0,0:189.61:8294973:0.0:0,0:194.47:17147000:0.0:0,0:193.19:10835199:0.0:0,0:193.15:8701600:0.0:0,0:195.1:11152427:0.0:0,0:197.4:16173621:0.0:0,0:199.32:19053471:11.5:32,32:196.755:8950148:13.95:3,35:197.93:11843419:13.95:0,[35:198.82:9951062:13.95:0
FB_121319P190,0,0:191.65,1.0,25:194.72,43:194.32,47:191.55,197:190.42:13457662:5.6:43,209:190.84:10699151:5.05:50,226:189.61:8294973:5.2:75,235:194.47:17147000:3.25:90,219:193.19:10835199:3.55:36,231:193.15:8701600:3.45:94,252:195.1:11152427:2.74:43,U:197.4:16173621::,382:199.32:19053471:1.51:125,362:196.755:8950148:2.06:266,453:197.93:11843419:1.85:310,[697:198.82:9951062:1.43:65
FB_121319P167.5,0,0:191.65,146.0,165:194.72,175:194.32,175:191.55,176:190.42:13457662:0.53:0,176:190.84:10699151:0.49:2,178:189.61:8294973:0.49:0,178:194.47:17147000:0.25:1,177:193.19:10835199:0.27:1,177:193.15:8701600:0.26:1,177:195.1:11152427:0.21:5,U:197.4:16173621::,192:199.32:19053471:0.11:1,193:196.755:8950148:0.18:56,195:197.93:11843419:0.18:0,195:198.82:9951062:0.11:1
FB_121319P205,0,0:191.65,2.0,2:194.72,402:194.32,402:191.55,402:190.42:13457662:12.05:0,402:190.84:10699151:12.05:0,402:189.61:8294973:12.05:0,402:194.47:17147000:12.05:0,402:193.19:10835199:12.05:0,402:193.15:8701600:12.05:0,402:195.1:11152427:11.5:2,404:197.4:16173621:11.5:0,404:199.32:19053471:8.15:10,414:196.755:8950148:8.15:0,414:197.93:11843419:8.64:1,[415:198.82:9951062:8.7:1
FB_120619P212.5,0,0:191.65,0.0,0:194.72,0:194.32,0:191.55,0:190.42:13457662:0.0:0,0:190.84:10699151:0.0:0,0:189.61:8294973:0.0:0,0:194.47:17147000:0.0:0,0:193.19:10835199:0.0:0,0:193.15:8701600:0.0:0,0:195.1:11152427:0.0:0,U:197.4:16173621::,0:199.32:19053471:0.0:0,0:196.755:8950148:0.0:0,0:197.93:11843419:14.45:1,[1:198.82:9951062:14.45:0
FB_121319P192.5,0,0:191.65,17.0,59:194.72,64:194.32,69:191.55,97:190.42:13457662:7.03:49,105:190.84:10699151:6.67:40,123:189.61:8294973:6.55:86,172:194.47:17147000:4.15:72,218:193.19:10835199:4.67:22,222:193.15:8701600:4.45:170,254:195.1:11152427:3.45:541,U:197.4:16173621::,775:199.32:19053471:2.17:86,792:196.755:8950148:2.85:149,802:197.93:11843419:2.4:44,[806:198.82:9951062:1.98:86
FB_121319P182.5,0,0:191.65,24.0,48:194.72,59:194.32,64:191.55,183:190.42:13457662:2.85:28,206:190.84:10699151:2.5:30,231:189.61:8294973:2.4:26,247:194.47:17147000:1.52:32,250:193.19:10835199:1.56:26,253:193.15:8701600:1.76:12,264:195.1:11152427:1.09:71,277:197.4:16173621:0.75:143,313:199.32:19053471:0.56:22,319:196.755:8950148:0.86:402,646:197.93:11843419:0.7:41,[647:198.82:9951062:0.5:4
FB_121319P185,0,0:191.65,4.0,10:194.72,26:194.32,190:191.55,217:190.42:13457662:2.8:17,227:190.84:10699151:3.2:2,227:189.61:8294973:3.3:63,241:194.47:17147000:1.96:21,248:193.19:10835199:2.09:177,356:193.15:8701600:1.94:16,366:195.1:11152427:1.46:22,U:197.4:16173621::,502:199.32:19053471:0.78:556,620:196.755:8950148:1.13:348,633:197.93:11843419:0.98:69,[637:198.82:9951062:0.8:8
FB_121319P202.5,0,0:191.65,0.0,276:194.72,378:194.32,379:191.55,379:190.42:13457662:11.97:0,379:190.84:10699151:11.97:0,379:189.61:8294973:13.75:2,377:194.47:17147000:10.25:5,379:193.19:10835199:10.55:1,380:193.15:8701600:11.7:2,378:195.1:11152427:11.7:0,U:197.4:16173621::,378:199.32:19053471:6.3:2,380:196.755:8950148:8.15:41,380:197.93:11843419:8.15:0,[380:198.82:9951062:6.3:3
FB_121319P215,0,0:191.65,0.0,0:194.72,0:194.32,0:191.55,0:190.42:13457662:0.0:0,0:190.84:10699151:0.0:0,0:189.61:8294973:0.0:0,0:194.47:17147000:20.9:2,2:193.19:10835199:20.9:0,2:193.15:8701600:23.17:2,1:195.1:11152427:21.85:1,2:197.4:16173621:21.85:0,2:199.32:19053471:16.45:3,4:196.755:8950148:16.45:0,4:197.93:11843419:17.4:1,[5:198.82:9951062:17.4:0
FB_121319P170,0,0:191.65,140.0,157:194.72,261:194.32,261:191.55,267:190.42:13457662:0.79:2,268:190.84:10699151:0.62:1,268:189.61:8294973:0.72:7,275:194.47:17147000:0.35:104,265:193.19:10835199:0.37:29,278:193.15:8701600:0.37:7,281:195.1:11152427:0.27:9,277:197.4:16173621:0.15:534,741:199.32:19053471:0.14:1,741:196.755:8950148:0.14:1,741:197.93:11843419:0.16:3,742:198.82:9951062:0.16:0
FB_121319P195,0,0:191.65,8.0,12:194.72,18:194.32,23:191.55,29:190.42:13457662:8.48:8,35:190.84:10699151:7.79:25,55:189.61:8294973:8.3:14,62:194.47:17147000:5.27:525,578:193.19:10835199:5.9:57,608:193.15:8701600:6.08:1,608:195.1:11152427:4.5:71,628:197.4:16173621:3.65:195,704:199.32:19053471:2.76:133,765:196.755:8950148:3.89:299,922:197.93:11843419:3.5:40,[925:198.82:9951062:2.73:191
FB_121319P212.5,0,0:191.65,0.0,0:194.72,5:194.32,5:191.55,5:190.42:13457662:17.9:0,5:190.84:10699151:17.9:0,5:189.61:8294973:17.9:0,5:194.47:17147000:17.9:0,5:193.19:10835199:17.9:0,5:193.15:8701600:17.9:0,5:195.1:11152427:17.9:0,U:197.4:16173621::,5:199.32:19053471:14.2:2,6:196.755:8950148:14.2:0,6:197.93:11843419:14.2:0,[6:198.82:9951062:14.95:10
FB_121319P177.5,0,0:191.65,2.0,83:194.72,187:194.32,187:191.55,190:190.42:13457662:1.35:0,190:190.84:10699151:1.48:41,220:189.61:8294973:1.45:9,229:194.47:17147000:0.79:15,228:193.19:10835199:0.96:36,247:193.15:8701600:0.78:36,251:195.1:11152427:0.56:43,U:197.4:16173621::,565:199.32:19053471:0.29:10,563:196.755:8950148:0.45:179,587:197.93:11843419:0.45:0,[587:198.82:9951062:0.27:1
FB_112919P215,0,21:191.65,21.0,21:194.72,22:194.32,22:191.55,1:190.42:13457662:19.25:0,1:190.84:10699151:19.25:0,1:189.61:8294973:19.25:0,1:194.47:17147000:19.25:0,1:193.19:10835199:19.25:0,1:193.15:8701600:19.25:0,1:195.1:11152427:19.25:0,1:197.4:16173621:17.82:1,2:199.32:19053471:17.82:0,2:196.755:8950148:17.82:0,0:197.93:11843419:17.82:0,[0:198.82:9951062:16.39:1
FB_121319P172.5,0,0:191.65,1.0,114:194.72,122:194.32,117:191.55,124:190.42:13457662:1.07:5,128:190.84:10699151:1.07:0,128:189.61:8294973:0.79:7,131:194.47:17147000:0.46:31,161:193.19:10835199:0.5:2,161:193.15:8701600:0.56:2,164:195.1:11152427:0.34:42,U:197.4:16173621::,178:199.32:19053471:0.18:2,177:196.755:8950148:0.24:2,176:197.93:11843419:0.21:1,176:198.82:9951062:0.21:0
FB_112219P217.5,U,U,0.0,0:194.72,0:194.32,0:191.55,0:190.42:13457662:0.0:0,0:190.84:10699151:0.0:0,0:189.61:8294973:0.0:0,0:194.47:17147000:0.0:0,0:193.19:10835199:0.0:0,0:193.15:8701600:0.0:0,0:195.1:11152427:0.0:0,U:197.4:16173621::,0:199.32:19053471:0.0:0,0:196.755:8950148:0.0:0,0:197.93:11843419:0.0:0,[0:198.82:9951062:0.0:0
FB_112919P217.5,U,U,0.0,0:194.72,1:194.32,2:191.55,0:190.42:13457662:23.3:0,0:190.84:10699151:23.3:0,0:189.61:8294973:23.3:0,0:194.47:17147000:23.3:0,0:193.19:10835199:23.3:0,0:193.15:8701600:23.3:0,0:195.1:11152427:23.3:0,0:197.4:16173621:23.3:0,0:199.32:19053471:23.3:0,0:196.755:8950148:23.3:0,0:197.93:11843419:23.3:0,[0:198.82:9951062:23.3:0
FB_120619P217.5,U,U,0.0,0:194.72,0:194.32,0:191.55,0:190.42:13457662:0.0:0,0:190.84:10699151:0.0:0,0:189.61:8294973:0.0:0,0:194.47:17147000:0.0:0,0:193.19:10835199:0.0:0,0:193.15:8701600:0.0:0,0:195.1:11152427:0.0:0,U:197.4:16173621::,0:199.32:19053471:0.0:0,0:196.755:8950148:0.0:0,0:197.93:11843419:0.0:0,[0:198.82:9951062:0.0:0
FB_121319P217.5,U,U,0.0,0:194.72,0:194.32,0:191.55,1:190.42:13457662:26.35:1,1:190.84:10699151:26.35:0,1:189.61:8294973:26.35:0,1:194.47:17147000:26.35:0,1:193.19:10835199:26.35:0,1:193.15:8701600:26.35:0,1:195.1:11152427:26.35:0,U:197.4:16173621::,1:199.32:19053471:18.3:1,1:196.755:8950148:18.3:0,1:197.93:11843419:20.1:1,[2:198.82:9951062:19.15:21
FB_122719P167.5,U,U,U,U,U,U,0:190.42:13457662:0.0:0,0:190.84:10699151:0.85:1,1:189.61:8294973:0.78:8,9:194.47:17147000:0.78:0,9:193.19:10835199:0.78:0,9:193.15:8701600:0.6:12,21:195.1:11152427:0.6:0,21:197.4:16173621:0.6:0,21:199.32:19053471:0.27:5,24:196.755:8950148:0.27:0,24:197.93:11843419:0.27:0,24:198.82:9951062:0.2:1
FB_122719P170,U,U,U,U,U,U,0:190.42:13457662:1.2:14,13:190.84:10699151:1.15:8,16:189.61:8294973:0.99:3,19:194.47:17147000:0.64:20,35:193.19:10835199:0.73:33,68:193.15:8701600:0.73:0,68:195.1:11152427:0.53:31,68:197.4:16173621:0.45:6,67:199.32:19053471:0.3:13,68:196.755:8950148:0.43:4,72:197.93:11843419:0.43:0,72:198.82:9951062:0.43:0
FB_122719P172.5,U,U,U,U,U,U,0:190.42:13457662:0.0:0,0:190.84:10699151:0.0:0,0:189.61:8294973:0.0:0,0:194.47:17147000:0.84:4,4:193.19:10835199:0.91:29,33:193.15:8701600:0.88:16,29:195.1:11152427:0.62:101,U:197.4:16173621:0.71:69:197.4:16173621:.7:,91:199.32:19053471:0.41:8,87:196.755:8950148:0.57:17,87:197.93:11843419:0.5:11,96:198.82:9951062:0.39:3
FB_122719P175,U,U,U,U,U,U,0:190.42:13457662:0.0:0,0:190.84:10699151:1.76:2,2:189.61:8294973:1.59:26,23:194.47:17147000:1.08:6,26:193.19:10835199:1.25:6,31:193.15:8701600:1.25:0,31:195.1:11152427:0.83:12,42:197.4:16173621:0.69:50,88:199.32:19053471:0.5:7,89:196.755:8950148:0.54:2,96:197.93:11843419:0.59:2,[98:198.82:9951062:0.49:4
FB_122719P177.5,U,U,U,U,U,U,0:190.42:13457662:0.0:0,0:190.84:10699151:2.13:6,6:189.61:8294973:2.14:3,7:194.47:17147000:1.42:7,13:193.19:10835199:1.55:50,55:193.15:8701600:1.61:5,56:195.1:11152427:1.08:4,56:197.4:16173621:0.84:49,75:199.32:19053471:0.84:0,75:196.755:8950148:0.88:16,84:197.93:11843419:0.81:15,[93:198.82:9951062:0.61:36
FB_122719P180,U,U,U,U,U,U,0:190.42:13457662:0.0:0,0:190.84:10699151:2.51:2,2:189.61:8294973:2.68:13,15:194.47:17147000:1.67:57,64:193.19:10835199:1.96:59,123:193.15:8701600:2.08:26,137:195.1:11152427:1.36:25,U:197.4:16173621::,258:199.32:19053471:0.79:14,269:196.755:8950148:1.11:2,280:197.93:11843419:1.01:28,[306:198.82:9951062:0.8:26
FB_122719P182.5,U,U,U,U,U,U,0:190.42:13457662:2.67:41,41:190.84:10699151:3.45:6,45:189.61:8294973:3.6:1,45:194.47:17147000:2.1:120,146:193.19:10835199:2.4:324,360:193.15:8701600:2.62:9,362:195.1:11152427:1.75:95,U:197.4:16173621::,274:199.32:19053471:1.12:21,272:196.755:8950148:1.47:16,271:197.93:11843419:1.39:13,[271:198.82:9951062:1.08:117
FB_122719P185,U,U,U,U,U,U,0:190.42:13457662:0.0:0,0:190.84:10699151:4.14:19,19:189.61:8294973:4.3:13,29:194.47:17147000:2.85:218,219:193.19:10835199:3.0:175,375:193.15:8701600:2.83:9,378:195.1:11152427:2.27:151,U:197.4:16173621::,682:199.32:19053471:1.4:57,698:196.755:8950148:1.93:190,873:197.93:11843419:1.79:32,[877:198.82:9951062:1.36:74
FB_122719P187.5,U,U,U,U,U,U,0:190.42:13457662:4.59:13,13:190.84:10699151:5.2:1,13:189.61:8294973:5.1:10,15:194.47:17147000:3.5:13,26:193.19:10835199:3.77:109,117:193.15:8701600:4.1:40,132:195.1:11152427:2.85:11,131:197.4:16173621:2.39:113,225:199.32:19053471:1.89:32,235:196.755:8950148:2.5:89,313:197.93:11843419:2.3:25,[313:198.82:9951062:1.85:44
FB_122719P190,U,U,U,U,U,U,0:190.42:13457662:5.5:100,100:190.84:10699151:5.75:2,102:189.61:8294973:6.3:22,119:194.47:17147000:4.27:125,190:193.19:10835199:4.6:119,196:193.15:8701600:4.62:35,201:195.1:11152427:3.58:46,U:197.4:16173621::,413:199.32:19053471:2.35:204,563:196.755:8950148:3.15:320,825:197.93:11843419:2.8:846,[645:198.82:9951062:2.4:316
FB_122719P192.5,U,U,U,U,U,U,0:190.42:13457662:6.68:22,20:190.84:10699151:7.14:19,29:189.61:8294973:7.65:5,29:194.47:17147000:5.3:40,56:193.19:10835199:5.72:34,63:193.15:8701600:5.65:24,70:195.1:11152427:4.6:25,U:197.4:16173621::,387:199.32:19053471:3.12:32,390:196.755:8950148:3.8:170,486:197.93:11843419:3.6:21,[484:198.82:9951062:3.27:5
FB_122719P195,U,U,U,U,U,U,0:190.42:13457662:8.33:1,1:190.84:10699151:8.33:0,1:189.61:8294973:9.05:45,45:194.47:17147000:6.31:63,103:193.19:10835199:6.76:19,104:193.15:8701600:6.8:23,84:195.1:11152427:5.54:13,U:197.4:16173621::,163:199.32:19053471:3.75:42,191:196.755:8950148:4.85:1422,602:197.93:11843419:4.55:814,[632:198.82:9951062:3.91:40
FB_122719P197.5,U,U,U,U,U,U,0:190.42:13457662:0.0:0,0:190.84:10699151:0.0:0,0:189.61:8294973:0.0:0,0:194.47:17147000:7.63:25,25:193.19:10835199:7.42:1,26:193.15:8701600:8.82:5,29:195.1:11152427:7.05:8,37:197.4:16173621:5.8:652,351:199.32:19053471:5.0:63,372:196.755:8950148:6.05:62,385:197.93:11843419:5.7:46,[403:198.82:9951062:4.91:236
FB_122719P200,U,U,U,U,U,U,0:190.42:13457662:12.2:6,6:190.84:10699151:12.2:0,6:189.61:8294973:12.61:6,6:194.47:17147000:12.61:0,6:193.19:10835199:8.85:10,16:193.15:8701600:10.43:5,21:195.1:11152427:10.43:0,U:197.4:16173621::,42:199.32:19053471:6.05:41,66:196.755:8950148:8.12:56,81:197.93:11843419:6.8:41,[83:198.82:9951062:6.15:60
FB_122719P202.5,U,U,U,U,U,U,0:190.42:13457662:0.0:0,0:190.84:10699151:0.0:0,0:189.61:8294973:0.0:0,0:194.47:17147000:0.0:0,0:193.19:10835199:10.46:1,1:193.15:8701600:10.46:0,1:195.1:11152427:9.85:125,U:197.4:16173621::,126:199.32:19053471:7.4:20,135:196.755:8950148:7.4:0,135:197.93:11843419:8.54:15,[140:198.82:9951062:7.5:80
FB_122719P205,U,U,U,U,U,U,0:190.42:13457662:0.0:0,0:190.84:10699151:0.0:0,0:189.61:8294973:16.42:2,2:194.47:17147000:12.72:2,2:193.19:10835199:12.72:0,2:193.15:8701600:12.72:0,2:195.1:11152427:11.9:10,12:197.4:16173621:9.63:227,235:199.32:19053471:9.1:417,636:196.755:8950148:10.7:1,636:197.93:11843419:10.25:15,[641:198.82:9951062:8.98:12
FB_122719P207.5,U,U,U,U,U,U,0:190.42:13457662:0.0:0,0:190.84:10699151:17.9:3,3:189.61:8294973:18.57:2,3:194.47:17147000:14.67:2,3:193.19:10835199:14.67:0,3:193.15:8701600:14.67:0,3:195.1:11152427:14.67:0,U:197.4:16173621::,4:199.32:19053471:11.55:0,4:196.755:8950148:12.0:1,3:197.93:11843419:11.85:1,[4:198.82:9951062:11.45:1
FB_122719P210,U,U,U,U,U,U,0:190.42:13457662:0.0:0,0:190.84:10699151:0.0:0,0:189.61:8294973:0.0:0,0:194.47:17147000:0.0:0,0:193.19:10835199:0.0:0,0:193.15:8701600:0.0:0,0:195.1:11152427:0.0:0,0:197.4:16173621:0.0:0,0:199.32:19053471:12.57:10,10:196.755:8950148:13.45:15,17:197.93:11843419:13.45:0,[17:198.82:9951062:13.45:0
FB_122719P212.5,U,U,U,U,U,U,0:190.42:13457662:0.0:0,0:190.84:10699151:0.0:0,0:189.61:8294973:0.0:0,0:194.47:17147000:0.0:0,0:193.19:10835199:0.0:0,0:193.15:8701600:0.0:0,0:195.1:11152427:0.0:0,U:197.4:16173621::,0:199.32:19053471:0.0:0,0:196.755:8950148:0.0:0,0:197.93:11843419:0.0:0,[0:198.82:9951062:0.0:0
FB_122719P215,U,U,U,U,U,U,0:190.42:13457662:0.0:0,0:190.84:10699151:0.0:0,0:189.61:8294973:0.0:0,0:194.47:17147000:22.52:1,1:193.19:10835199:22.52:0,1:193.15:8701600:22.52:0,1:195.1:11152427:22.52:0,1:197.4:16173621:22.52:0,1:199.32:19053471:22.52:0,1:196.755:8950148:22.52:0,1:197.93:11843419:22.52:0,[1:198.82:9951062:22.52:0
FB_121319P165,U,U,U,U,U,U,U,U,55:189.61:8294973:0.35:7,57:194.47:17147000:0.22:3,60:193.19:10835199:0.22:2,59:193.15:8701600:0.26:1,58:195.1:11152427:0.18:3,U:197.4:16173621::,59:199.32:19053471:0.09:1,58:196.755:8950148:0.07:1,59:197.93:11843419:0.07:0,59:198.82:9951062:0.08:1
FB_122719P165,U,U,U,U,U,U,U,U,13:189.61:8294973:0.63:17,25:194.47:17147000:0.45:30,31:193.19:10835199:0.46:1,32:193.15:8701600:0.47:2,32:195.1:11152427:0.47:0,32:197.4:16173621:0.47:0,32:199.32:19053471:0.21:2,32:196.755:8950148:0.21:1,33:197.93:11843419:0.21:0,33:198.82:9951062:0.19:25
FB_122719P217.5,U,U,U,U,U,U,U,U,U,0:194.47:17147000:0.0:0,0:193.19:10835199:0.0:0,0:193.15:8701600:0.0:0,0:195.1:11152427:0.0:0,0:197.4:16173621:0.0:0,0:199.32:19053471:0.0:0,0:196.755:8950148:0.0:0,0:197.93:11843419:0.0:0,[0:198.82:9951062:0.0:0
FB_011720P145,U,U,U,U,U,U,U,U,U,U,U,12956:193.15:8701600:0.19:0,12956:195.1:11152427:0.19:10,U:197.4:16173621::,12944:199.32:19053471:0.11:2,12942:196.755:8950148:0.12:5,12940:197.93:11843419:0.12:0,12940:198.82:9951062:0.1:1
FB_011720P150,U,U,U,U,U,U,U,U,U,U,U,19506:193.15:8701600:0.32:159,19548:195.1:11152427:0.26:3,U:197.4:16173621::,19489:199.32:19053471:0.16:399,19446:196.755:8950148:0.22:19,19442:197.93:11843419:0.19:3,[19439:198.82:9951062:0.15:6
FB_011720P155,U,U,U,U,U,U,U,U,U,U,U,12182:193.15:8701600:0.5:120,12231:195.1:11152427:0.36:36,12238:197.4:16173621:0.28:97,12287:199.32:19053471:0.23:95,12359:196.755:8950148:0.29:46,12369:197.93:11843419:0.25:19,[12374:198.82:9951062:0.25:20
FB_011720P160,U,U,U,U,U,U,U,U,U,U,U,18842:193.15:8701600:0.63:149,18814:195.1:11152427:0.51:282,U:197.4:16173621::,18819:199.32:19053471:0.34:53,18783:196.755:8950148:0.44:18,18769:197.93:11843419:0.39:340,[18466:198.82:9951062:0.31:232
FB_011720P165,U,U,U,U,U,U,U,U,U,U,U,12300:193.15:8701600:0.91:188,12296:195.1:11152427:0.74:755,U:197.4:16173621::,12284:199.32:19053471:0.48:80,12319:196.755:8950148:0.61:40,12345:197.93:11843419:0.56:194,[12437:198.82:9951062:0.48:38
FB_011720P170,U,U,U,U,U,U,U,U,U,U,U,18383:193.15:8701600:1.39:131,18419:195.1:11152427:1.09:114,U:197.4:16173621::,18516:199.32:19053471:0.74:219,18600:196.755:8950148:0.95:8,18601:197.93:11843419:0.85:181,[18606:198.82:9951062:0.7:278
FB_011720P175,U,U,U,U,U,U,U,U,U,U,U,16982:193.15:8701600:2.02:75,17022:195.1:11152427:1.61:151,U:197.4:16173621::,16834:199.32:19053471:1.12:1960,15634:196.755:8950148:1.44:928,16489:197.93:11843419:1.31:112,[16493:198.82:9951062:1.09:286
FB_011720P180,U,U,U,U,U,U,U,U,U,U,U,16481:193.15:8701600:3.0:347,16458:195.1:11152427:2.42:698,16835:197.4:16173621:2.02:530,16902:199.32:19053471:1.65:896,16631:196.755:8950148:2.14:210,16699:197.93:11843419:2.05:290,[16630:198.82:9951062:1.68:117
FB_011720P185,U,U,U,U,U,U,U,U,U,U,U,7455:193.15:8701600:4.23:222,7576:195.1:11152427:3.55:151,U:197.4:16173621::,8266:199.32:19053471:2.52:296,8458:196.755:8950148:3.12:402,8407:197.93:11843419:2.91:152,[8470:198.82:9951062:2.58:928
FB_011720P190,U,U,U,U,U,U,U,U,U,U,U,19007:193.15:8701600:5.9:214,18972:195.1:11152427:5.1:276,18932:197.4:16173621:4.4:738,19051:199.32:19053471:3.72:357,18911:196.755:8950148:4.58:65,18949:197.93:11843419:4.3:157,[18995:198.82:9951062:3.85:172
FB_011720P195,U,U,U,U,U,U,U,U,U,U,U,8420:193.15:8701600:8.3:409,8648:195.1:11152427:7.15:344,8878:197.4:16173621:6.3:535,9193:199.32:19053471:5.33:199,9200:196.755:8950148:6.45:1121,9490:197.93:11843419:6.25:115,[9471:198.82:9951062:5.6:1694
FB_011720P200,U,U,U,U,U,U,U,U,U,U,U,10177:193.15:8701600:11.01:158,10128:195.1:11152427:9.81:31,U:197.4:16173621::,10132:199.32:19053471:7.5:16406,25551:196.755:8950148:9.12:145,25138:197.93:11843419:8.37:139,[25120:198.82:9951062:7.78:697
FB_011720P205,U,U,U,U,U,U,U,U,U,U,U,2295:193.15:8701600:14.5:64,2287:195.1:11152427:13.15:15,U:197.4:16173621::,2264:199.32:19053471:10.23:660,2335:196.755:8950148:11.97:152,2449:197.93:11843419:11.35:37,[2457:198.82:9951062:10.58:30
FB_011720P210,U,U,U,U,U,U,U,U,U,U,U,2993:193.15:8701600:19.3:3,2991:195.1:11152427:16.9:1,U:197.4:16173621::,2993:199.32:19053471:13.55:7,2994:196.755:8950148:15.63:14,2995:197.93:11843419:15.05:27,[3020:198.82:9951062:14.29:53
FB_011720P215,U,U,U,U,U,U,U,U,U,U,U,504:193.15:8701600:21.66:0,504:195.1:11152427:21.66:0,U:197.4:16173621::,500:199.32:19053471:17.7:7,498:196.755:8950148:17.7:0,498:197.93:11843419:17.7:0,[498:198.82:9951062:17.84:3
FB_011720P220,U,U,U,U,U,U,U,U,U,U,U,705:193.15:8701600:25.6:0,705:195.1:11152427:25.6:0,U:197.4:16173621::,674:199.32:19053471:21.05:45,674:196.755:8950148:21.05:0,674:197.93:11843419:22.2:15,[689:198.82:9951062:22.15:12
FB_011720P225,U,U,U,U,U,U,U,U,U,U,U,327:193.15:8701600:33.55:2,327:195.1:11152427:30.35:1,326:197.4:16173621:28.05:3,326:199.32:19053471:25.55:8,322:196.755:8950148:25.55:0,322:197.93:11843419:25.55:0,[322:198.82:9951062:25.55:0
FB_011720P230,U,U,U,U,U,U,U,U,U,U,U,508:193.15:8701600:37.05:122,626:195.1:11152427:37.05:0,U:197.4:16173621::,615:199.32:19053471:31.1:31,639:196.755:8950148:34.3:2,639:197.93:11843419:34.3:0,[639:198.82:9951062:31.38:37
FB_011720P240,U,U,U,U,U,U,U,U,U,U,U,9:193.15:8701600:48.3:102,9:195.1:11152427:48.3:0,U:197.4:16173621::,9:199.32:19053471:48.3:0,9:196.755:8950148:48.3:0,9:197.93:11843419:48.3:0,[9:198.82:9951062:48.3:0
FB_011720P250,U,U,U,U,U,U,U,U,U,U,U,15:193.15:8701600:58.0:0,15:195.1:11152427:58.0:0,15:197.4:16173621:53.0:5,15:199.32:19053471:53.0:0,15:196.755:8950148:51.7:5,15:197.93:11843419:51.7:0,15:198.82:9951062:51.7:0
FB_011720P255,U,U,U,U,U,U,U,U,U,U,U,U,0:195.1:11152427:67.6:0,U:197.4:16173621::,0:199.32:19053471:67.6:0,0:196.755:8950148:67.6:0,0:197.93:11843419:67.6:0,0:198.82:9951062:67.6:0
FB_112219P220,U,U,U,U,U,U,U,U,U,U,U,U,0:195.1:11152427:24.6:0,0:197.4:16173621:24.6:0,0:199.32:19053471:24.6:0,0:196.755:8950148:24.6:0,0:197.93:11843419:24.6:0,[0:198.82:9951062:24.6:0
FB_112919P220,U,U,U,U,U,U,U,U,U,U,U,U,0:195.1:11152427:26.15:0,0:197.4:16173621:26.15:0,0:199.32:19053471:26.15:0,0:196.755:8950148:26.15:0,0:197.93:11843419:21.65:1,[0:198.82:9951062:21.53:1
FB_120619P220,U,U,U,U,U,U,U,U,U,U,U,U,0:195.1:11152427:0.0:0,0:197.4:16173621:0.0:0,0:199.32:19053471:0.0:0,0:196.755:8950148:0.0:0,0:197.93:11843419:21.81:1,[1:198.82:9951062:21.81:0
FB_121319P220,U,U,U,U,U,U,U,U,U,U,U,U,0:195.1:11152427:0.0:0,U:197.4:16173621::,0:199.32:19053471:0.0:0,0:196.755:8950148:0.0:0,0:197.93:11843419:0.0:0,[0:198.82:9951062:0.0:0
FB_122019P245,U,U,U,U,U,U,U,U,U,U,U,U,0:195.1:11152427:55.66:0,0:197.4:16173621:55.66:0,0:199.32:19053471:55.66:0,0:196.755:8950148:55.66:0,0:197.93:11843419:55.66:0,0:198.82:9951062:55.66:0
FB_122719P220,U,U,U,U,U,U,U,U,U,U,U,U,1:195.1:11152427:27.0:0,U:197.4:16173621::,1:199.32:19053471:22.95:0,1:196.755:8950148:22.95:0,1:197.93:11843419:22.95:0,[1:198.82:9951062:21.38:1
FB_122719P225,U,U,U,U,U,U,U,U,U,U,U,U,U,U,0:199.32:19053471:0.0:0,0:196.755:8950148:0.0:0,0:197.93:11843419:0.0:0,0:198.82:9951062:0.0:0
FB_120619P222.5,U,U,U,U,U,U,U,U,U,U,U,U,U,U,0:199.32:19053471:0.0:0,0:196.755:8950148:0.0:0,0:197.93:11843419:0.0:0,[0:198.82:9951062:0.0:0
FB_112919P222.5,U,U,U,U,U,U,U,U,U,U,U,U,U,U,0:199.32:19053471:0.0:0,0:196.755:8950148:0.0:0,0:197.93:11843419:0.0:0,[0:198.82:9951062:0.0:0
FB_122019P177.5,U,U,U,U,U,U,U,U,U,U,U,U,U,U,233:199.32:19053471:0.48:245,397:196.755:8950148:0.71:23,457:197.93:11843419:0.62:181,[621:198.82:9951062:0.52:8
FB_122019P217.5,U,U,U,U,U,U,U,U,U,U,U,U,U,U,0:199.32:19053471:0.0:0,0:196.755:8950148:0.0:0,0:197.93:11843419:0.0:0,[0:198.82:9951062:0.0:0
FB_122019P182.5,U,U,U,U,U,U,U,U,U,U,U,U,U,U,574:199.32:19053471:0.88:109,592:196.755:8950148:1.21:69,626:197.93:11843419:1.13:147,[713:198.82:9951062:0.85:123
FB_122019P212.5,U,U,U,U,U,U,U,U,U,U,U,U,U,U,0:199.32:19053471:0.0:0,0:196.755:8950148:0.0:0,0:197.93:11843419:15.15:112,[18:198.82:9951062:14.7:38
FB_112219P222.5,U,U,U,U,U,U,U,U,U,U,U,U,U,U,0:199.32:19053471:0.0:0,0:196.755:8950148:0.0:0,0:197.93:11843419:0.0:0,[0:198.82:9951062:0.0:0
FB_122019P207.5,U,U,U,U,U,U,U,U,U,U,U,U,U,U,0:199.32:19053471:10.25:5,5:196.755:8950148:10.9:1,5:197.93:11843419:11.5:3,[3:198.82:9951062:11.5:0
FB_122019P197.5,U,U,U,U,U,U,U,U,U,U,U,U,U,U,541:199.32:19053471:4.3:978,1133:196.755:8950148:5.7:512,1502:197.93:11843419:5.25:416,[1445:198.82:9951062:4.35:334
FB_121319P222.5,U,U,U,U,U,U,U,U,U,U,U,U,U,U,0:199.32:19053471:0.0:0,0:196.755:8950148:0.0:0,0:197.93:11843419:0.0:0,[0:198.82:9951062:0.0:0
FB_011720P245,U,U,U,U,U,U,U,U,U,U,U,U,U,U,0:199.32:19053471:0.0:0,0:196.755:8950148:0.0:0,0:197.93:11843419:0.0:0,[0:198.82:9951062:0.0:0
FB_122019P187.5,U,U,U,U,U,U,U,U,U,U,U,U,U,U,255:199.32:19053471:1.5:468,532:196.755:8950148:2.05:108,563:197.93:11843419:1.76:90,[594:198.82:9951062:1.55:161
FB_122019P192.5,U,U,U,U,U,U,U,U,U,U,U,U,U,U,359:199.32:19053471:2.6:785,851:196.755:8950148:3.55:308,972:197.93:11843419:3.3:133,[1022:198.82:9951062:2.66:170
FB_011720P235,U,U,U,U,U,U,U,U,U,U,U,U,U,U,0:199.32:19053471:0.0:0,0:196.755:8950148:0.0:0,0:197.93:11843419:0.0:0,[0:198.82:9951062:0.0:0
FB_122019P202.5,U,U,U,U,U,U,U,U,U,U,U,U,U,U,0:199.32:19053471:7.15:18,14:196.755:8950148:8.8:61,64:197.93:11843419:7.8:3,[66:198.82:9951062:7.1:17
FB_122019P172.5,U,U,U,U,U,U,U,U,U,U,U,U,U,U,U,447:196.755:8950148:0.41:12,507:197.93:11843419:0.37:208,693:198.82:9951062:0.28:63
FB_010320P192.5,U,U,U,U,U,U,U,U,U,U,U,U,U,U,U,U,0:197.93:11843419:4.2:45,[45:198.82:9951062:4.2:0
FB_010320P180,U,U,U,U,U,U,U,U,U,U,U,U,U,U,U,U,0:197.93:11843419:0.0:0,[0:198.82:9951062:1.18:41
FB_010320P212.5,U,U,U,U,U,U,U,U,U,U,U,U,U,U,U,U,0:197.93:11843419:0.0:0,[0:198.82:9951062:0.0:0
FB_010320P202.5,U,U,U,U,U,U,U,U,U,U,U,U,U,U,U,U,0:197.93:11843419:8.69:5,[5:198.82:9951062:8.69:0
FB_010320P187.5,U,U,U,U,U,U,U,U,U,U,U,U,U,U,U,U,0:197.93:11843419:2.71:7,[7:198.82:9951062:2.47:7
FB_122719P222.5,U,U,U,U,U,U,U,U,U,U,U,U,U,U,U,U,0:197.93:11843419:0.0:0,[0:198.82:9951062:0.0:0
FB_010320P177.5,U,U,U,U,U,U,U,U,U,U,U,U,U,U,U,U,0:197.93:11843419:0.0:0,[0:198.82:9951062:0.0:0
FB_010320P195,U,U,U,U,U,U,U,U,U,U,U,U,U,U,U,U,0:197.93:11843419:4.84:20,[20:198.82:9951062:4.84:0
FB_010320P200,U,U,U,U,U,U,U,U,U,U,U,U,U,U,U,U,0:197.93:11843419:7.45:1,[1:198.82:9951062:6.5:8
FB_010320P190,U,U,U,U,U,U,U,U,U,U,U,U,U,U,U,U,0:197.93:11843419:3.2:37,[35:198.82:9951062:2.8:5
FB_010320P175,U,U,U,U,U,U,U,U,U,U,U,U,U,U,U,U,0:197.93:11843419:0.82:11,[11:198.82:9951062:0.7:56
FB_010320P217.5,U,U,U,U,U,U,U,U,U,U,U,U,U,U,U,U,0:197.93:11843419:0.0:0,[0:198.82:9951062:0.0:0
FB_010320P210,U,U,U,U,U,U,U,U,U,U,U,U,U,U,U,U,0:197.93:11843419:13.35:1,[1:198.82:9951062:13.7:21
FB_010320P185,U,U,U,U,U,U,U,U,U,U,U,U,U,U,U,U,0:197.93:11843419:2.16:7,[7:198.82:9951062:1.77:15
FB_010320P207.5,U,U,U,U,U,U,U,U,U,U,U,U,U,U,U,U,0:197.93:11843419:0.0:0,[0:198.82:9951062:0.0:0
FB_010320P220,U,U,U,U,U,U,U,U,U,U,U,U,U,U,U,U,0:197.93:11843419:0.0:0,[0:198.82:9951062:0.0:0
FB_010320P205,U,U,U,U,U,U,U,U,U,U,U,U,U,U,U,U,0:197.93:11843419:0.0:0,[0:198.82:9951062:0.0:0
FB_010320P215,U,U,U,U,U,U,U,U,U,U,U,U,U,U,U,U,0:197.93:11843419:0.0:0,[0:198.82:9951062:0.0:0
FB_010320P182.5,U,U,U,U,U,U,U,U,U,U,U,U,U,U,U,U,0:197.93:11843419:1.69:55,[50:198.82:9951062:1.37:4
FB_010320P222.5,U,U,U,U,U,U,U,U,U,U,U,U,U,U,U,U,0:197.93:11843419:0.0:0,[0:198.82:9951062:0.0:0
FB_010320P197.5,U,U,U,U,U,U,U,U,U,U,U,U,U,U,U,U,0:197.93:11843419:6.2:86,[76:198.82:9951062:5.65:55
