Symbol,20191108,20191111,20191112,20191113,20191114,20191115,20191118,20191119,20191120,20191121,20191122
LYFT_112219C38.5,33:43.23:4860952:4.6:3,33:42.97:3843033:4.3:1,34:42.33:4275770:4.3:0,34:43.3:3993164:4.3:0,34:41.92:8868422:4.3:0,34:43.04:7367330:4.3:0,U:44.86:9068778::,34:44.15:3751946:4.3:0,34:43.805:5976349:4.3:0,34:46.76:10832019:8.0:2,32:46.46:6353382:8.0:0
LYFT_112219C39,12:43.23:4860952:4.2:3,15:42.97:3843033:4.2:4,18:42.33:4275770:3.7:24,42:43.3:3993164:3.5:4,42:41.92:8868422:3.21:3,44:43.04:7367330:4.1:9,U:44.86:9068778::,36:44.15:3751946:5.1:1,35:43.805:5976349:4.8:52,60:46.76:10832019:4.8:0,60:46.46:6353382:4.8:0
LYFT_112219C39.5,23:43.23:4860952:3.7:10,23:42.97:3843033:3.4:11,34:42.33:4275770:3.4:0,34:43.3:3993164:3.4:0,34:41.92:8868422:3.3:6,40:43.04:7367330:4.4:1,U:44.86:9068778::,41:44.15:3751946:4.8:35,76:43.805:5976349:4.05:1,77:46.76:10832019:4.05:0,77:46.46:6353382:4.05:0
LYFT_112219C40,55:43.23:4860952:3.36:24,53:42.97:3843033:2.92:42,72:42.33:4275770:2.75:12,74:43.3:3993164:3.3:21,72:41.92:8868422:2.44:12,73:43.04:7367330:3.4:4,71:44.86:9068778:5.0:25,91:44.15:3751946:4.37:1,90:43.805:5976349:4.37:0,U:46.76:10832019:U:U,98:46.46:6353382:6.34:8
LYFT_112219C40.5,148:43.23:4860952:3.1:10,154:42.97:3843033:2.8:3,154:42.33:4275770:2.8:0,154:43.3:3993164:3.1:1,153:41.92:8868422:2.07:27,150:43.04:7367330:2.74:19,143:44.86:9068778:2.94:11,136:44.15:3751946:3.75:6,138:43.805:5976349:3.85:10,140:46.76:10832019:6.2:3,141:46.46:6353382:6.1:16
LYFT_112219C41,97:43.23:4860952:2.73:10,100:42.97:3843033:2.24:50,125:42.33:4275770:2.5:3,124:43.3:3993164:2.5:0,124:41.92:8868422:1.66:122,119:43.04:7367330:2.31:167,209:44.86:9068778:3.9:201,163:44.15:3751946:3.2:27,146:43.805:5976349:3.0:34,U:46.76:10832019:U:U,154:46.46:6353382:5.5:15
LYFT_112219C41.5,153:43.23:4860952:2.21:5,155:42.97:3843033:1.6:28,153:42.33:4275770:1.92:2,154:43.3:3993164:1.92:0,154:41.92:8868422:1.49:265,308:43.04:7367330:1.97:263,267:44.86:9068778:3.6:115,331:44.15:3751946:2.81:27,346:43.805:5976349:2.62:17,U:46.76:10832019:U:U,[338:46.46:6353382:5.29:9
LYFT_112219C42,166:43.23:4860952:2.01:15,180:42.97:3843033:1.56:23,183:42.33:4275770:2.0:20,177:43.3:3993164:2.0:0,177:41.92:8868422:1.04:488,315:43.04:7367330:1.66:2431,1964:44.86:9068778:2.8:401,1941:44.15:3751946:2.3:70,1966:43.805:5976349:1.95:618,1946:46.76:10832019:4.7:1592,[1347:46.46:6353382:4.47:412
LYFT_112219C42.5,521:43.23:4860952:1.74:22,505:42.97:3843033:1.54:61,507:42.33:4275770:1.16:79,536:43.3:3993164:1.4:14,533:41.92:8868422:0.75:116,575:43.04:7367330:1.28:1136,677:44.86:9068778:2.36:205,766:44.15:3751946:1.89:100,777:43.805:5976349:1.73:532,782:46.76:10832019:3.99:86,[698:46.46:6353382:4.55:11
LYFT_112219C43,145:43.23:4860952:1.52:114,209:42.97:3843033:1.2:19,214:42.33:4275770:0.97:200,280:43.3:3993164:1.27:156,279:41.92:8868422:0.63:656,553:43.04:7367330:1.0:1993,1278:44.86:9068778:2.27:960,1308:44.15:3751946:1.55:431,1250:43.805:5976349:1.16:276,1297:46.76:10832019:3.69:961,[1191:46.46:6353382:3.42:176
LYFT_112219C43.5,114:43.23:4860952:1.28:14,124:42.97:3843033:1.04:111,234:42.33:4275770:0.82:55,234:43.3:3993164:0.99:82,266:41.92:8868422:0.47:668,737:43.04:7367330:0.75:784,1018:44.86:9068778:1.75:603,979:44.15:3751946:1.16:106,982:43.805:5976349:1.07:1469,1433:46.76:10832019:3.0:417,[1415:46.46:6353382:3.0:155
LYFT_112219C44,104:43.23:4860952:1.03:25,113:42.97:3843033:0.81:21,133:42.33:4275770:0.56:118,166:43.3:3993164:0.76:2706,2216:41.92:8868422:0.37:2665,1486:43.04:7367330:0.58:972,1747:44.86:9068778:1.33:1247,1689:44.15:3751946:0.89:2412,2257:43.805:5976349:0.77:942,2168:46.76:10832019:2.82:776,[1713:46.46:6353382:2.43:307
LYFT_112219C44.5,46:43.23:4860952:0.99:0,46:42.97:3843033:0.62:120,123:42.33:4275770:0.62:0,123:43.3:3993164:0.61:143,254:41.92:8868422:0.24:97,335:43.04:7367330:0.41:609,656:44.86:9068778:1.08:662,851:44.15:3751946:0.68:183,889:43.805:5976349:0.46:4727,1271:46.76:10832019:2.12:962,[1250:46.46:6353382:2.01:248
LYFT_112219C45,249:43.23:4860952:0.66:303,536:42.97:3843033:0.5:102,560:42.33:4275770:0.32:760,659:43.3:3993164:0.4:1348,1046:41.92:8868422:0.18:177,1006:43.04:7367330:0.3:2650,2233:44.86:9068778:0.85:2212,2762:44.15:3751946:0.47:802,2559:43.805:5976349:0.31:358,2461:46.76:10832019:1.83:1308,[2230:46.46:6353382:1.4:1043
LYFT_112219C45.5,87:43.23:4860952:0.5:81,153:42.97:3843033:0.36:12,165:42.33:4275770:0.23:40,192:43.3:3993164:0.28:481,635:41.92:8868422:0.1:67,617:43.04:7367330:0.2:482,430:44.86:9068778:0.65:658,624:44.15:3751946:0.31:197,574:43.805:5976349:0.07:126,624:46.76:10832019:1.36:764,[731:46.46:6353382:1.01:323
LYFT_112219C46,108:43.23:4860952:0.4:10,116:42.97:3843033:0.29:47,141:42.33:4275770:0.16:201,208:43.3:3993164:0.24:230,354:41.92:8868422:0.06:107,374:43.04:7367330:0.16:324,551:44.86:9068778:0.48:768,837:44.15:3751946:0.24:521,932:43.805:5976349:0.1:1437,1827:46.76:10832019:1.02:4191,[2715:46.46:6353382:0.43:1890
LYFT_112219C46.5,0:43.23:4860952:0.0:0,0:42.97:3843033:0.18:11,11:42.33:4275770:0.21:10,21:43.3:3993164:0.15:17,18:41.92:8868422:0.05:1,17:43.04:7367330:0.2:127,144:44.86:9068778:0.38:313,268:44.15:3751946:0.16:67,268:43.805:5976349:0.05:27,289:46.76:10832019:0.67:1203,[788:46.46:6353382:0.01:979
LYFT_112219C47,73:43.23:4860952:0.24:28,74:42.97:3843033:0.13:5,70:42.33:4275770:0.09:6,66:43.3:3993164:0.08:1,66:41.92:8868422:0.04:1,66:43.04:7367330:0.05:33,84:44.86:9068778:0.26:338,316:44.15:3751946:0.11:136,341:43.805:5976349:0.01:26,343:46.76:10832019:0.43:5632,[2769:46.46:6353382:0.01:2775
LYFT_112219C47.5,0:43.23:4860952:0.19:8,8:42.97:3843033:0.11:71,55:42.33:4275770:0.06:115,100:43.3:3993164:0.06:0,100:41.92:8868422:0.02:25,100:43.04:7367330:0.08:2,101:44.86:9068778:0.18:167,136:44.15:3751946:0.07:23,127:43.805:5976349:0.05:2,127:46.76:10832019:0.25:446,[340:46.46:6353382:0.01:1638
LYFT_112219C48,101:43.23:4860952:0.27:0,101:42.97:3843033:0.27:0,101:42.33:4275770:0.04:52,103:43.3:3993164:0.04:0,103:41.92:8868422:0.02:1,103:43.04:7367330:0.05:52,154:44.86:9068778:0.16:78,201:44.15:3751946:0.05:118,269:43.805:5976349:0.02:21,270:46.76:10832019:0.16:1793,[1013:46.46:6353382:0.01:299
LYFT_112919C38.5,21:43.23:4860952:4.8:28,35:42.97:3843033:4.8:2,37:42.33:4275770:4.4:8,44:43.3:3993164:4.7:86,87:41.92:8868422:3.5:9,87:43.04:7367330:3.5:0,87:44.86:9068778:5.75:3,84:44.15:3751946:5.75:0,84:43.805:5976349:5.75:0,U:46.76:10832019:U:U,84:46.46:6353382:5.75:0
LYFT_112919C39,69:43.23:4860952:4.2:1,68:42.97:3843033:3.7:5,68:42.33:4275770:3.9:12,80:43.3:3993164:3.9:0,80:41.92:8868422:3.1:3,79:43.04:7367330:4.2:20,99:44.86:9068778:4.1:5,101:44.15:3751946:4.1:0,101:43.805:5976349:4.1:0,U:46.76:10832019:U:U,U:46.46:6353382:U:U
LYFT_112919C39.5,36:43.23:4860952:4.1:0,36:42.97:3843033:4.1:0,36:42.33:4275770:4.1:0,36:43.3:3993164:3.3:2,36:41.92:8868422:2.7:4,37:43.04:7367330:4.2:10,43:44.86:9068778:4.2:0,43:44.15:3751946:4.75:58,84:43.805:5976349:4.7:2,86:46.76:10832019:7.0:22,87:46.46:6353382:7.0:0
LYFT_112919C40,44:43.23:4860952:3.85:0,44:42.97:3843033:2.9:33,47:42.33:4275770:3.1:2,47:43.3:3993164:3.62:5,48:41.92:8868422:2.55:12,52:43.04:7367330:3.3:3,54:44.86:9068778:4.7:6,57:44.15:3751946:4.53:32,72:43.805:5976349:3.12:44,U:46.76:10832019:U:U,U:46.46:6353382:U:U
LYFT_112919C40.5,7:43.23:4860952:3.5:0,7:42.97:3843033:2.56:15,16:42.33:4275770:3.1:7,23:43.3:3993164:3.1:0,23:41.92:8868422:1.85:13,34:43.04:7367330:2.95:20,52:44.86:9068778:2.94:2,52:44.15:3751946:4.0:73,89:43.805:5976349:3.15:22,U:46.76:10832019:U:U,99:46.46:6353382:3.15:0
LYFT_112919C41,50:43.23:4860952:3.05:3,52:42.97:3843033:2.4:1,52:42.33:4275770:2.35:138,70:43.3:3993164:2.18:21,88:41.92:8868422:2.0:50,117:43.04:7367330:2.89:27,123:44.86:9068778:4.0:78,136:44.15:3751946:3.4:32,148:43.805:5976349:2.74:18,U:46.76:10832019:U:U,140:46.46:6353382:5.9:3
LYFT_112919C41.5,21:43.23:4860952:3.1:0,21:42.97:3843033:1.95:1,21:42.33:4275770:2.45:1,21:43.3:3993164:2.42:226,183:41.92:8868422:1.53:199,134:43.04:7367330:2.24:39,110:44.86:9068778:3.95:19,122:44.15:3751946:2.95:22,130:43.805:5976349:2.23:26,120:46.76:10832019:5.05:2,[118:46.46:6353382:5.0:22
LYFT_112919C42,168:43.23:4860952:2.67:0,168:42.97:3843033:1.9:21,173:42.33:4275770:1.78:13,163:43.3:3993164:1.78:0,163:41.92:8868422:1.26:63,203:43.04:7367330:1.91:41,197:44.86:9068778:3.15:59,214:44.15:3751946:2.59:33,199:43.805:5976349:2.52:32,224:46.76:10832019:4.27:11,[228:46.46:6353382:4.4:32
LYFT_112919C42.5,156:43.23:4860952:1.95:1,156:42.97:3843033:1.95:0,156:42.33:4275770:1.42:5,159:43.3:3993164:1.75:4,159:41.92:8868422:1.04:30,173:43.04:7367330:1.84:232,333:44.86:9068778:2.9:242,305:44.15:3751946:2.19:20,298:43.805:5976349:2.05:121,330:46.76:10832019:4.11:32,[346:46.46:6353382:4.02:62
LYFT_112919C43,203:43.23:4860952:1.75:31,234:42.97:3843033:1.2:4,236:42.33:4275770:1.29:56,238:43.3:3993164:1.5:314,452:41.92:8868422:0.93:363,465:43.04:7367330:1.36:193,588:44.86:9068778:2.73:83,586:44.15:3751946:1.9:53,595:43.805:5976349:1.6:151,609:46.76:10832019:3.95:1313,[1383:46.46:6353382:3.6:48
LYFT_112919C43.5,51:43.23:4860952:1.76:0,51:42.97:3843033:1.31:4,53:42.33:4275770:1.02:25,76:43.3:3993164:1.26:14,89:41.92:8868422:0.8:118,196:43.04:7367330:1.08:118,222:44.86:9068778:1.66:41,229:44.15:3751946:1.53:120,142:43.805:5976349:1.38:49,178:46.76:10832019:3.25:65,[141:46.46:6353382:3.11:32
LYFT_112919C44,143:43.23:4860952:1.22:1,142:42.97:3843033:1.22:0,142:42.33:4275770:0.81:11,145:43.3:3993164:1.07:38,164:41.92:8868422:0.57:78,174:43.04:7367330:0.87:71,185:44.86:9068778:1.79:168,277:44.15:3751946:1.3:110,314:43.805:5976349:1.21:202,504:46.76:10832019:2.99:645,[354:46.46:6353382:2.67:46
LYFT_112919C44.5,237:43.23:4860952:1.0:3,238:42.97:3843033:0.92:11,243:42.33:4275770:0.73:10,250:43.3:3993164:0.84:3,249:41.92:8868422:0.45:2,249:43.04:7367330:0.97:2,250:44.86:9068778:1.43:124,264:44.15:3751946:1.03:17,274:43.805:5976349:0.71:39,285:46.76:10832019:2.38:256,[215:46.46:6353382:2.29:38
LYFT_112919C45,220:43.23:4860952:0.98:11,231:42.97:3843033:0.76:2,232:42.33:4275770:0.59:5,231:43.3:3993164:0.7:11,236:41.92:8868422:0.34:53,240:43.04:7367330:0.55:869,960:44.86:9068778:1.23:1506,1019:44.15:3751946:0.81:414,818:43.805:5976349:0.7:993,916:46.76:10832019:2.23:814,[790:46.46:6353382:1.88:386
LYFT_112919C45.5,147:43.23:4860952:1.05:0,147:42.97:3843033:0.53:6,145:42.33:4275770:0.43:4,149:43.3:3993164:0.57:57,188:41.92:8868422:0.26:16,184:43.04:7367330:0.62:56,209:44.86:9068778:1.01:126,191:44.15:3751946:0.67:8,196:43.805:5976349:0.57:70,205:46.76:10832019:1.9:154,[276:46.46:6353382:1.44:251
LYFT_112919C46.5,98:43.23:4860952:0.56:16,107:42.97:3843033:0.35:30,137:42.33:4275770:0.25:10,128:43.3:3993164:0.31:51,170:41.92:8868422:0.21:21,179:43.04:7367330:0.24:4,182:44.86:9068778:0.64:520,429:44.15:3751946:0.47:10,431:43.805:5976349:0.33:98,495:46.76:10832019:1.3:632,[598:46.46:6353382:0.95:475
LYFT_112919C47,308:43.23:4860952:0.53:0,308:42.97:3843033:0.53:0,308:42.33:4275770:0.21:21,307:43.3:3993164:0.25:68,369:41.92:8868422:0.12:3,368:43.04:7367330:0.2:46,376:44.86:9068778:0.51:189,502:44.15:3751946:0.3:70,468:43.805:5976349:0.2:300,830:46.76:10832019:1.08:2994,[2133:46.46:6353382:0.69:988
LYFT_112919C48,80:43.23:4860952:0.29:11,81:42.97:3843033:0.14:1,81:42.33:4275770:0.11:30,111:43.3:3993164:0.11:0,111:41.92:8868422:0.11:0,111:43.04:7367330:0.13:280,315:44.86:9068778:0.32:132,331:44.15:3751946:0.18:37,354:43.805:5976349:0.12:97,485:46.76:10832019:0.7:2330,[1239:46.46:6353382:0.4:1967
LYFT_112919C48.5,15:43.23:4860952:0.24:0,15:42.97:3843033:0.24:0,15:42.33:4275770:0.24:0,15:43.3:3993164:0.1:1,15:41.92:8868422:0.04:17,10:43.04:7367330:0.15:1,10:44.86:9068778:0.28:1,11:44.15:3751946:0.28:0,11:43.805:5976349:0.28:0,11:46.76:10832019:0.54:151,[141:46.46:6353382:0.26:125
LYFT_112919C49,10:43.23:4860952:0.26:0,10:42.97:3843033:0.26:0,10:42.33:4275770:0.26:0,10:43.3:3993164:0.26:0,10:41.92:8868422:0.26:0,10:43.04:7367330:0.06:50,10:44.86:9068778:0.2:15,24:44.15:3751946:0.2:0,24:43.805:5976349:0.2:0,24:46.76:10832019:0.44:278,[228:46.46:6353382:0.21:1188
LYFT_120619C38.5,0:43.23:4860952:0.0:0,0:42.97:3843033:0.0:0,0:42.33:4275770:0.0:0,0:43.3:3993164:0.0:0,0:41.92:8868422:3.5:1,1:43.04:7367330:3.5:0,U:44.86:9068778:.:,1:44.15:3751946:3.5:0,1:43.805:5976349:3.5:0,U:46.76:10832019:U:U,1:46.46:6353382:3.5:0
LYFT_120619C39,0:43.23:4860952:0.0:0,0:42.97:3843033:0.0:0,0:42.33:4275770:0.0:0,0:43.3:3993164:0.0:0,0:41.92:8868422:0.0:0,0:43.04:7367330:3.65:5,5:44.86:9068778:3.65:0,5:44.15:3751946:3.65:0,5:43.805:5976349:3.65:0,U:46.76:10832019:U:U,5:46.46:6353382:3.65:0
LYFT_120619C39.5,0:43.23:4860952:0.0:0,0:42.97:3843033:0.0:0,0:42.33:4275770:0.0:0,0:43.3:3993164:0.0:0,0:41.92:8868422:0.0:0,0:43.04:7367330:4.7:32,32:44.86:9068778:4.7:0,32:44.15:3751946:4.7:0,32:43.805:5976349:4.55:25,U:46.76:10832019:U:U,43:46.46:6353382:4.55:0
LYFT_120619C40,0:43.23:4860952:0.0:0,0:42.97:3843033:3.8:7,7:42.33:4275770:3.8:0,7:43.3:3993164:3.8:0,7:41.92:8868422:3.05:7,11:43.04:7367330:4.3:24,18:44.86:9068778:5.12:8,16:44.15:3751946:5.12:0,16:43.805:5976349:5.12:0,16:46.76:10832019:5.12:0,16:46.46:6353382:5.12:0
LYFT_120619C40.5,0:43.23:4860952:0.0:0,0:42.97:3843033:0.0:0,0:42.33:4275770:0.0:0,0:43.3:3993164:0.0:0,0:41.92:8868422:2.38:1,1:43.04:7367330:3.67:20,20:44.86:9068778:4.25:16,29:44.15:3751946:4.25:0,29:43.805:5976349:4.1:10,U:46.76:10832019:U:U,U:46.46:6353382:U:U
LYFT_120619C41,32:43.23:4860952:3.57:0,32:42.97:3843033:3.57:0,32:42.33:4275770:2.62:49,68:43.3:3993164:3.1:37,57:41.92:8868422:2.05:45,95:43.04:7367330:2.9:70,80:44.86:9068778:4.43:7,78:44.15:3751946:4.43:0,78:43.805:5976349:3.45:7,U:46.76:10832019:U:U,71:46.46:6353382:6.13:1
LYFT_120619C41.5,1:43.23:4860952:3.0:0,1:42.97:3843033:3.0:0,1:42.33:4275770:3.0:0,1:43.3:3993164:3.0:0,1:41.92:8868422:2.1:12,3:43.04:7367330:2.98:4,4:44.86:9068778:3.45:15,14:44.15:3751946:3.5:2,16:43.805:5976349:3.5:0,16:46.76:10832019:4.8:3,[15:46.46:6353382:4.8:0
LYFT_120619C42,13:43.23:4860952:2.7:1,12:42.97:3843033:2.45:2,11:42.33:4275770:2.45:0,11:43.3:3993164:2.11:3,13:41.92:8868422:1.8:63,40:43.04:7367330:2.46:28,52:44.86:9068778:3.65:12,42:44.15:3751946:2.99:4,40:43.805:5976349:2.84:16,42:46.76:10832019:4.64:5,[39:46.46:6353382:4.84:1
LYFT_120619C42.5,4:43.23:4860952:2.48:0,4:42.97:3843033:1.89:13,14:42.33:4275770:1.89:0,14:43.3:3993164:2.06:5,11:41.92:8868422:1.4:14,19:43.04:7367330:1.5:7,16:44.86:9068778:3.25:10,18:44.15:3751946:2.58:13,16:43.805:5976349:2.31:183,114:46.76:10832019:4.3:106,[80:46.46:6353382:4.3:0
LYFT_120619C43,18:43.23:4860952:2.19:1,19:42.97:3843033:2.19:0,19:42.33:4275770:1.6:28,40:43.3:3993164:1.7:48,40:41.92:8868422:1.22:6,43:43.04:7367330:1.71:35,54:44.86:9068778:1.82:28,56:44.15:3751946:2.29:4,53:43.805:5976349:2.24:1,52:46.76:10832019:3.65:44,[87:46.46:6353382:3.9:407
LYFT_120619C43.5,32:43.23:4860952:1.95:2,34:42.97:3843033:1.95:0,34:42.33:4275770:1.3:2,35:43.3:3993164:1.3:0,35:41.92:8868422:1.3:0,35:43.04:7367330:1.45:26,46:44.86:9068778:2.66:26,41:44.15:3751946:2.05:13,41:43.805:5976349:1.38:28,48:46.76:10832019:3.75:21,[52:46.46:6353382:3.9:7
LYFT_120619C44,51:43.23:4860952:1.8:0,51:42.97:3843033:1.35:2,53:42.33:4275770:1.13:14,66:43.3:3993164:1.36:14,70:41.92:8868422:0.82:114,114:43.04:7367330:1.19:50,124:44.86:9068778:2.23:43,133:44.15:3751946:1.69:190,289:43.805:5976349:1.27:274,184:46.76:10832019:3.4:117,[173:46.46:6353382:3.07:41
LYFT_120619C44.5,63:43.23:4860952:1.53:0,63:42.97:3843033:1.0:20,70:42.33:4275770:0.93:20,63:43.3:3993164:0.93:0,63:41.92:8868422:0.75:31,64:43.04:7367330:1.19:4,68:44.86:9068778:1.94:40,87:44.15:3751946:1.41:4,88:43.805:5976349:1.55:2,88:46.76:10832019:2.55:22,[68:46.46:6353382:3.15:27
LYFT_120619C45,108:43.23:4860952:1.21:3,110:42.97:3843033:0.97:6,109:42.33:4275770:0.87:6,105:43.3:3993164:1.0:109,207:41.92:8868422:0.59:7,213:43.04:7367330:1.0:56,223:44.86:9068778:1.62:400,299:44.15:3751946:1.21:11,303:43.805:5976349:0.68:7,300:46.76:10832019:2.67:82,[305:46.46:6353382:2.4:9
LYFT_120619C45.5,2:43.23:4860952:1.22:0,2:42.97:3843033:0.78:1,2:42.33:4275770:1.0:2,4:43.3:3993164:1.0:0,4:41.92:8868422:1.0:0,4:43.04:7367330:0.83:7,11:44.86:9068778:1.6:7,18:44.15:3751946:1.04:10,28:43.805:5976349:0.61:1,29:46.76:10832019:2.4:23,[43:46.46:6353382:2.21:2
LYFT_120619C46,43:43.23:4860952:0.99:0,43:42.97:3843033:0.73:21,63:42.33:4275770:0.61:2,64:43.3:3993164:0.68:13,74:41.92:8868422:0.41:4,74:43.04:7367330:0.68:25,77:44.86:9068778:1.15:3,80:44.15:3751946:0.95:2,81:43.805:5976349:0.59:5,82:46.76:10832019:2.13:97,[107:46.46:6353382:1.75:18
LYFT_120619C46.5,182:43.23:4860952:0.9:0,182:42.97:3843033:0.9:0,182:42.33:4275770:0.9:0,182:43.3:3993164:0.9:0,182:41.92:8868422:0.3:30,187:43.04:7367330:0.3:0,187:44.86:9068778:1.08:1,187:44.15:3751946:0.71:11,188:43.805:5976349:0.71:0,188:46.76:10832019:1.82:98,[263:46.46:6353382:1.5:20
LYFT_120619C47,51:43.23:4860952:0.6:20,69:42.97:3843033:0.52:7,76:42.33:4275770:0.41:18,93:43.3:3993164:0.37:1,93:41.92:8868422:0.26:64,139:43.04:7367330:0.51:1,140:44.86:9068778:0.81:167,155:44.15:3751946:0.58:6,160:43.805:5976349:0.31:21,163:46.76:10832019:1.5:124,[158:46.46:6353382:1.28:45
LYFT_120619C47.5,14:43.23:4860952:0.54:4,18:42.97:3843033:0.42:1,19:42.33:4275770:0.42:0,19:43.3:3993164:0.42:0,19:41.92:8868422:0.24:2,19:43.04:7367330:0.36:16,20:44.86:9068778:0.75:13,28:44.15:3751946:0.51:13,29:43.805:5976349:0.26:6,28:46.76:10832019:1.27:24,[43:46.46:6353382:1.33:6
LYFT_120619C48,21:43.23:4860952:0.58:0,21:42.97:3843033:0.27:39,59:42.33:4275770:0.27:0,59:43.3:3993164:0.22:53,57:41.92:8868422:0.22:0,57:43.04:7367330:0.29:4,57:44.86:9068778:0.7:19,61:44.15:3751946:0.41:6,61:43.805:5976349:0.41:0,61:46.76:10832019:1.1:73,[104:46.46:6353382:0.92:46
LYFT_121319C38.5,0:43.23:4860952:0.0:0,0:42.97:3843033:0.0:0,0:42.33:4275770:0.0:0,0:43.3:3993164:0.0:0,0:41.92:8868422:0.0:0,0:43.04:7367330:0.0:0,U:44.86:9068778::,0:44.15:3751946:0.0:0,0:43.805:5976349:0.0:0,U:46.76:10832019:U:U,0:46.46:6353382:0.0:0
LYFT_121319C39,1:43.23:4860952:3.94:0,1:42.97:3843033:3.94:0,1:42.33:4275770:3.94:0,1:43.3:3993164:3.94:0,1:41.92:8868422:3.94:0,1:43.04:7367330:5.34:4,U:44.86:9068778::,4:44.15:3751946:5.34:0,4:43.805:5976349:5.34:0,4:46.76:10832019:5.34:0,4:46.46:6353382:5.34:0
LYFT_121319C39.5,0:43.23:4860952:0.0:0,0:42.97:3843033:0.0:0,0:42.33:4275770:3.9:40,40:43.3:3993164:3.9:0,40:41.92:8868422:3.9:0,40:43.04:7367330:4.9:25,U:44.86:9068778::,71:44.15:3751946:4.9:10,75:43.805:5976349:4.15:1,75:46.76:10832019:4.15:0,75:46.46:6353382:4.15:0
LYFT_121319C40,0:43.23:4860952:0.0:0,0:42.97:3843033:3.42:1,1:42.33:4275770:3.42:0,1:43.3:3993164:3.42:0,1:41.92:8868422:2.8:1,1:43.04:7367330:2.8:0,1:44.86:9068778:2.8:0,1:44.15:3751946:2.8:0,1:43.805:5976349:4.1:2,U:46.76:10832019:U:U,3:46.46:6353382:4.1:0
LYFT_121319C40.5,0:43.23:4860952:0.0:0,0:42.97:3843033:0.0:0,0:42.33:4275770:0.0:0,0:43.3:3993164:3.5:4,4:41.92:8868422:3.5:0,4:43.04:7367330:3.5:0,4:44.86:9068778:3.65:1,3:44.15:3751946:4.35:41,41:43.805:5976349:3.8:25,56:46.76:10832019:3.8:0,56:46.46:6353382:3.8:0
LYFT_121319C41,2:43.23:4860952:3.35:2,4:42.97:3843033:3.35:0,4:42.33:4275770:3.35:0,4:43.3:3993164:3.35:0,4:41.92:8868422:2.33:11,7:43.04:7367330:2.33:0,7:44.86:9068778:4.1:7,6:44.15:3751946:4.05:9,12:43.805:5976349:4.05:0,12:46.76:10832019:5.1:1,11:46.46:6353382:5.1:0
LYFT_121319C41.5,6:43.23:4860952:2.04:0,6:42.97:3843033:2.04:0,6:42.33:4275770:2.04:0,6:43.3:3993164:2.04:0,6:41.92:8868422:1.83:5,1:43.04:7367330:1.83:0,1:44.86:9068778:1.83:0,1:44.15:3751946:3.75:22,17:43.805:5976349:2.98:2,17:46.76:10832019:5.0:1,[17:46.46:6353382:5.0:0
LYFT_121319C42,25:43.23:4860952:2.83:0,25:42.97:3843033:2.35:5,27:42.33:4275770:2.39:5,25:43.3:3993164:2.39:0,25:41.92:8868422:1.7:4,29:43.04:7367330:2.3:2,28:44.86:9068778:4.1:4,29:44.15:3751946:3.3:35,50:43.805:5976349:3.0:2,49:46.76:10832019:3.6:11,[54:46.46:6353382:4.94:1
LYFT_121319C42.5,283:43.23:4860952:2.51:0,283:42.97:3843033:2.37:66,348:42.33:4275770:2.0:2,350:43.3:3993164:2.1:7,343:41.92:8868422:1.45:6,342:43.04:7367330:2.4:11,344:44.86:9068778:3.2:9,344:44.15:3751946:3.0:8,346:43.805:5976349:2.39:24,359:46.76:10832019:4.65:86,[315:46.46:6353382:4.53:30
LYFT_121319C43,24:43.23:4860952:2.38:15,35:42.97:3843033:2.16:3,37:42.33:4275770:1.81:5,40:43.3:3993164:1.97:11,40:41.92:8868422:1.42:13,52:43.04:7367330:2.03:17,52:44.86:9068778:2.19:1,51:44.15:3751946:2.19:0,51:43.805:5976349:2.2:2,51:46.76:10832019:2.2:0,[51:46.46:6353382:4.34:4
LYFT_121319C43.5,0:43.23:4860952:0.0:0,0:42.97:3843033:0.0:0,0:42.33:4275770:1.7:1,1:43.3:3993164:1.7:0,1:41.92:8868422:1.7:0,1:43.04:7367330:1.8:27,24:44.86:9068778:2.88:8,21:44.15:3751946:2.27:16,27:43.805:5976349:1.82:10,27:46.76:10832019:3.94:5,[29:46.46:6353382:4.02:19
LYFT_121319C44,17:43.23:4860952:1.77:2,17:42.97:3843033:1.71:20,17:42.33:4275770:1.36:20,37:43.3:3993164:1.62:31,45:41.92:8868422:1.25:65,74:43.04:7367330:1.77:15,80:44.86:9068778:2.68:15,81:44.15:3751946:2.09:11,88:43.805:5976349:1.66:36,101:46.76:10832019:3.4:12,[98:46.46:6353382:3.58:2
LYFT_121319C44.5,12:43.23:4860952:1.77:1,13:42.97:3843033:1.21:1,14:42.33:4275770:1.21:0,14:43.3:3993164:1.21:0,14:41.92:8868422:1.21:0,14:43.04:7367330:1.56:2,12:44.86:9068778:2.29:31,33:44.15:3751946:1.83:27,51:43.805:5976349:1.3:8,51:46.76:10832019:3.3:13,[51:46.46:6353382:3.2:1
LYFT_121319C45,16:43.23:4860952:1.55:1,17:42.97:3843033:1.2:2,19:42.33:4275770:1.2:0,19:43.3:3993164:1.22:21,40:41.92:8868422:0.9:5,44:43.04:7367330:1.38:2,44:44.86:9068778:2.1:8,49:44.15:3751946:1.58:25,65:43.805:5976349:1.0:27,76:46.76:10832019:3.1:34,[91:46.46:6353382:3.1:0
LYFT_121319C45.5,0:43.23:4860952:0.0:0,0:42.97:3843033:1.02:1,1:42.33:4275770:1.02:0,1:43.3:3993164:1.08:5,6:41.92:8868422:0.69:1,6:43.04:7367330:1.23:1,6:44.86:9068778:1.88:1,7:44.15:3751946:1.36:1,6:43.805:5976349:1.09:1,6:46.76:10832019:1.09:0,[6:46.46:6353382:1.09:0
LYFT_121319C46,10:43.23:4860952:1.25:0,10:42.97:3843033:0.8:2,12:42.33:4275770:0.8:0,12:43.3:3993164:0.8:0,12:41.92:8868422:0.8:0,12:43.04:7367330:1.09:5,15:44.86:9068778:1.47:8,17:44.15:3751946:1.22:8,25:43.805:5976349:1.16:15,29:46.76:10832019:2.52:44,[46:46.46:6353382:2.22:19
LYFT_121319C46.5,5:43.23:4860952:1.0:1,6:42.97:3843033:1.0:0,6:42.33:4275770:1.0:0,6:43.3:3993164:0.6:2,8:41.92:8868422:0.6:0,8:43.04:7367330:0.82:28,18:44.86:9068778:1.37:25,31:44.15:3751946:0.97:18,32:43.805:5976349:0.77:18,44:46.76:10832019:1.93:14,[48:46.46:6353382:1.94:264
LYFT_121319C47,19:43.23:4860952:1.1:0,19:42.97:3843033:0.57:2,20:42.33:4275770:0.5:2,21:43.3:3993164:0.5:0,21:41.92:8868422:0.3:2,22:43.04:7367330:0.7:1,23:44.86:9068778:1.2:27,44:44.15:3751946:0.87:37,79:43.805:5976349:0.91:17,62:46.76:10832019:1.9:47,[73:46.46:6353382:1.78:6
LYFT_121319C47.5,137:43.23:4860952:0.77:7,135:42.97:3843033:0.77:0,135:42.33:4275770:0.77:0,135:43.3:3993164:0.77:0,135:41.92:8868422:0.77:0,135:43.04:7367330:0.61:2,135:44.86:9068778:1.0:1,136:44.15:3751946:1.0:0,136:43.805:5976349:1.0:0,136:46.76:10832019:1.82:15,[147:46.46:6353382:1.74:11
LYFT_121319C48,44:43.23:4860952:0.72:0,44:42.97:3843033:0.49:2,46:42.33:4275770:0.41:2,46:43.3:3993164:0.49:31,77:41.92:8868422:0.49:0,77:43.04:7367330:0.49:15,92:44.86:9068778:0.5:2,93:44.15:3751946:0.83:20,113:43.805:5976349:0.43:32,104:46.76:10832019:1.39:3,[106:46.46:6353382:1.48:1
LYFT_122019C27.5,1:43.23:4860952:17.2:0,1:42.97:3843033:17.2:0,1:42.33:4275770:17.2:0,1:43.3:3993164:17.2:0,1:41.92:8868422:17.2:0,1:43.04:7367330:17.2:0,1:44.86:9068778:17.2:0,1:44.15:3751946:17.2:0,1:43.805:5976349:17.2:0,1:46.76:10832019:17.2:0,1:46.46:6353382:17.2:0
LYFT_122019C30,85:43.23:4860952:12.1:0,85:42.97:3843033:12.1:0,85:42.33:4275770:12.1:0,85:43.3:3993164:12.1:0,85:41.92:8868422:12.1:0,85:43.04:7367330:13.66:1,86:44.86:9068778:14.7:12,85:44.15:3751946:14.7:0,U:43.805:5976349:U:U,84:46.76:10832019:13.81:0,U:46.46:6353382:U:U
LYFT_122019C32.5,10:43.23:4860952:11.0:0,10:42.97:3843033:11.0:0,10:42.33:4275770:11.0:0,10:43.3:3993164:11.0:0,10:41.92:8868422:11.0:0,10:43.04:7367330:11.0:0,10:44.86:9068778:11.0:0,10:44.15:3751946:11.0:0,10:43.805:5976349:11.0:0,10:46.76:10832019:14.07:10,10:46.46:6353382:14.07:0
LYFT_122019C35,353:43.23:4860952:8.45:6,352:42.97:3843033:7.95:11,348:42.33:4275770:7.75:9,356:43.3:3993164:8.0:1,356:41.92:8868422:7.0:1,357:43.04:7367330:8.61:43,333:44.86:9068778:9.98:261,198:44.15:3751946:9.6:9,197:43.805:5976349:9.6:0,197:46.76:10832019:11.6:22,198:46.46:6353382:11.5:10
LYFT_122019C37.5,79:43.23:4860952:5.85:0,79:42.97:3843033:5.8:14,89:42.33:4275770:5.8:0,89:43.3:3993164:5.5:1,90:41.92:8868422:4.7:116,184:43.04:7367330:5.99:15,174:44.86:9068778:7.6:58,157:44.15:3751946:7.2:2,157:43.805:5976349:7.2:0,U:46.76:10832019:.1:U,156:46.46:6353382:7.84:0
LYFT_122019C40,225:43.23:4860952:4.28:2,225:42.97:3843033:4.24:8,224:42.33:4275770:3.8:6,223:43.3:3993164:4.35:33,255:41.92:8868422:3.25:73,248:43.04:7367330:4.13:81,252:44.86:9068778:5.88:14,249:44.15:3751946:4.89:7,245:43.805:5976349:4.75:4,U:46.76:10832019:U:U,244:46.46:6353382:7.2:19
LYFT_122019C42.5,467:43.23:4860952:2.95:56,460:42.97:3843033:2.7:40,471:42.33:4275770:2.32:32,472:43.3:3993164:2.75:122,522:41.92:8868422:1.99:7026,6757:43.04:7367330:2.49:3601,4315:44.86:9068778:3.55:3198,4165:44.15:3751946:3.1:102,4117:43.805:5976349:2.86:114,4098:46.76:10832019:5.11:228,[4053:46.46:6353382:4.8:14
LYFT_122019C45,998:43.23:4860952:1.78:44,995:42.97:3843033:1.5:162,1104:42.33:4275770:1.29:88,1132:43.3:3993164:1.47:689,1712:41.92:8868422:1.03:1054,1660:43.04:7367330:1.39:838,2026:44.86:9068778:2.2:613,1974:44.15:3751946:1.77:200,1946:43.805:5976349:1.72:322,2137:46.76:10832019:3.4:897,[1574:46.46:6353382:3.1:199
LYFT_122019C47.5,1757:43.23:4860952:0.98:134,1727:42.97:3843033:0.8:1277,2740:42.33:4275770:0.62:143,2829:43.3:3993164:0.72:62,2828:41.92:8868422:0.53:267,2814:43.04:7367330:0.71:741,3262:44.86:9068778:1.17:1323,3838:44.15:3751946:0.94:157,3946:43.805:5976349:0.88:118,3897:46.76:10832019:2.13:663,[4030:46.46:6353382:1.97:91
LYFT_122019C50,2277:43.23:4860952:0.51:124,2329:42.97:3843033:0.4:168,2335:42.33:4275770:0.29:207,2377:43.3:3993164:0.34:53,2384:41.92:8868422:0.22:74,2401:43.04:7367330:0.31:562,2643:44.86:9068778:0.6:945,2913:44.15:3751946:0.44:112,2928:43.805:5976349:0.4:472,2936:46.76:10832019:1.2:768,[3139:46.46:6353382:1.06:772
LYFT_122019C52.5,379:43.23:4860952:0.26:178,543:42.97:3843033:0.19:15,539:42.33:4275770:0.12:14,532:43.3:3993164:0.12:6,531:41.92:8868422:0.13:11,527:43.04:7367330:0.17:12,537:44.86:9068778:0.31:71,556:44.15:3751946:0.2:2,555:43.805:5976349:0.14:29,559:46.76:10832019:0.64:74,[557:46.46:6353382:0.57:10
LYFT_122019C55,364:43.23:4860952:0.12:45,370:42.97:3843033:0.07:2,368:42.33:4275770:0.07:2,366:43.3:3993164:0.07:3,366:41.92:8868422:0.05:11,357:43.04:7367330:0.06:10,360:44.86:9068778:0.15:552,753:44.15:3751946:0.08:9,754:43.805:5976349:0.07:9,750:46.76:10832019:0.35:462,1075:46.46:6353382:0.3:5
LYFT_122019C60,491:43.23:4860952:0.01:2,490:42.97:3843033:0.01:0,490:42.33:4275770:0.01:1,489:43.3:3993164:0.01:2,489:41.92:8868422:0.01:0,489:43.04:7367330:0.02:2,489:44.86:9068778:0.01:5,489:44.15:3751946:0.02:1,489:43.805:5976349:0.02:0,U:46.76:10832019:U:U,780:46.46:6353382:0.09:5
LYFT_122719C38.5,0:43.23:4860952:0.0:0,0:42.97:3843033:0.0:0,0:42.33:4275770:0.0:0,0:43.3:3993164:0.0:0,0:41.92:8868422:0.0:0,0:43.04:7367330:0.0:0,U:44.86:9068778::,0:44.15:3751946:0.0:0,0:43.805:5976349:0.0:0,0:46.76:10832019:0.0:0,0:46.46:6353382:0.0:0
LYFT_122719C39,0:43.23:4860952:0.0:0,0:42.97:3843033:0.0:0,0:42.33:4275770:0.0:0,0:43.3:3993164:0.0:0,0:41.92:8868422:0.0:0,0:43.04:7367330:0.0:0,U:44.86:9068778::,0:44.15:3751946:0.0:0,0:43.805:5976349:0.0:0,0:46.76:10832019:0.0:0,0:46.46:6353382:0.0:0
LYFT_122719C39.5,0:43.23:4860952:0.0:0,0:42.97:3843033:0.0:0,0:42.33:4275770:0.0:0,0:43.3:3993164:0.0:0,0:41.92:8868422:0.0:0,0:43.04:7367330:0.0:0,U:44.86:9068778::,0:44.15:3751946:0.0:0,0:43.805:5976349:0.0:0,0:46.76:10832019:0.0:0,0:46.46:6353382:0.0:0
LYFT_122719C40,0:43.23:4860952:0.0:0,0:42.97:3843033:0.0:0,0:42.33:4275770:0.0:0,0:43.3:3993164:0.0:0,0:41.92:8868422:0.0:0,0:43.04:7367330:4.38:1,1:44.86:9068778:4.25:1,1:44.15:3751946:5.22:11,11:43.805:5976349:5.22:0,U:46.76:10832019:U:U,U:46.46:6353382:U:U
LYFT_122719C40.5,0:43.23:4860952:0.0:0,0:42.97:3843033:0.0:0,0:42.33:4275770:0.0:0,0:43.3:3993164:0.0:0,0:41.92:8868422:0.0:0,0:43.04:7367330:0.0:0,0:44.86:9068778:0.0:0,0:44.15:3751946:0.0:0,0:43.805:5976349:0.0:0,0:46.76:10832019:0.0:0,0:46.46:6353382:0.0:0
LYFT_122719C41,0:43.23:4860952:0.0:0,0:42.97:3843033:0.0:0,0:42.33:4275770:3.22:1,1:43.3:3993164:3.22:0,1:41.92:8868422:2.79:1,1:43.04:7367330:2.79:0,1:44.86:9068778:3.82:1,1:44.15:3751946:3.82:0,1:43.805:5976349:3.82:0,1:46.76:10832019:3.82:0,1:46.46:6353382:6.66:2
LYFT_122719C41.5,0:43.23:4860952:0.0:0,0:42.97:3843033:0.0:0,0:42.33:4275770:0.0:0,0:43.3:3993164:0.0:0,0:41.92:8868422:2.52:50,50:43.04:7367330:2.52:0,50:44.86:9068778:2.52:0,50:44.15:3751946:2.52:0,50:43.805:5976349:2.52:0,50:46.76:10832019:2.52:0,[50:46.46:6353382:2.52:0
LYFT_122719C42,0:43.23:4860952:0.0:0,0:42.97:3843033:2.88:20,20:42.33:4275770:2.88:0,20:43.3:3993164:2.88:0,20:41.92:8868422:2.88:0,20:43.04:7367330:2.88:0,20:44.86:9068778:2.88:0,20:44.15:3751946:2.88:0,20:43.805:5976349:2.8:3,23:46.76:10832019:5.5:22,[17:46.46:6353382:5.75:4
LYFT_122719C42.5,1:43.23:4860952:3.05:1,2:42.97:3843033:3.05:0,2:42.33:4275770:2.52:3,5:43.3:3993164:2.32:31,36:41.92:8868422:2.32:0,36:43.04:7367330:2.32:0,36:44.86:9068778:2.32:0,36:44.15:3751946:2.32:0,36:43.805:5976349:3.11:1,35:46.76:10832019:5.1:1,[35:46.46:6353382:5.1:0
LYFT_122719C43,0:43.23:4860952:2.69:4,4:42.97:3843033:2.58:5,9:42.33:4275770:2.58:0,9:43.3:3993164:2.58:0,9:41.92:8868422:1.78:4,12:43.04:7367330:2.84:4,15:44.86:9068778:3.1:4,14:44.15:3751946:3.16:5,9:43.805:5976349:3.16:0,9:46.76:10832019:3.16:0,[9:46.46:6353382:3.16:0
LYFT_122719C43.5,0:43.23:4860952:0.0:0,0:42.97:3843033:0.0:0,0:42.33:4275770:1.95:1,1:43.3:3993164:1.95:0,1:41.92:8868422:1.57:8,2:43.04:7367330:2.51:39,40:44.86:9068778:3.4:9,47:44.15:3751946:3.4:0,47:43.805:5976349:3.4:0,47:46.76:10832019:4.35:7,[45:46.46:6353382:4.34:1
LYFT_122719C44,0:43.23:4860952:0.0:0,0:42.97:3843033:2.13:5,5:42.33:4275770:1.94:4,9:43.3:3993164:2.13:1,10:41.92:8868422:2.13:0,10:43.04:7367330:2.25:26,35:44.86:9068778:2.8:1,34:44.15:3751946:2.58:5,34:43.805:5976349:1.85:18,51:46.76:10832019:3.0:10,[51:46.46:6353382:3.92:26
LYFT_122719C44.5,0:43.23:4860952:0.0:0,0:42.97:3843033:1.79:1,1:42.33:4275770:1.56:3,4:43.3:3993164:1.43:14,18:41.92:8868422:1.43:0,18:43.04:7367330:1.77:38,54:44.86:9068778:1.77:0,54:44.15:3751946:1.77:0,54:43.805:5976349:2.0:13,61:46.76:10832019:3.7:3,[62:46.46:6353382:3.7:0
LYFT_122719C45,0:43.23:4860952:0.0:0,0:42.97:3843033:1.62:1,1:42.33:4275770:1.62:0,1:43.3:3993164:1.5:2,3:41.92:8868422:1.11:2,3:43.04:7367330:1.54:14,13:44.86:9068778:2.41:65,70:44.15:3751946:2.09:3,71:43.805:5976349:1.48:1,72:46.76:10832019:3.15:59,[131:46.46:6353382:3.39:4
LYFT_122719C45.5,0:43.23:4860952:0.0:0,0:42.97:3843033:0.0:0,0:42.33:4275770:0.0:0,0:43.3:3993164:1.11:32,32:41.92:8868422:1.11:0,32:43.04:7367330:1.11:0,32:44.86:9068778:2.29:10,34:44.15:3751946:1.87:1,34:43.805:5976349:1.47:17,49:46.76:10832019:3.11:18,[37:46.46:6353382:3.2:107
LYFT_122719C46,0:43.23:4860952:1.6:1,1:42.97:3843033:1.6:0,1:42.33:4275770:1.6:0,1:43.3:3993164:1.6:0,1:41.92:8868422:1.6:0,1:43.04:7367330:1.21:811,812:44.86:9068778:1.21:0,812:44.15:3751946:1.69:5,817:43.805:5976349:1.69:0,817:46.76:10832019:2.65:7,[818:46.46:6353382:2.94:1
LYFT_122719C46.5,11:43.23:4860952:1.45:0,11:42.97:3843033:1.01:2,13:42.33:4275770:1.01:0,13:43.3:3993164:1.08:1,14:41.92:8868422:0.81:1,14:43.04:7367330:1.2:622,613:44.86:9068778:1.85:3,615:44.15:3751946:1.85:0,615:43.805:5976349:1.0:9,616:46.76:10832019:2.69:31,[616:46.46:6353382:2.66:24
LYFT_122719C47,0:43.23:4860952:0.0:0,0:42.97:3843033:0.0:0,0:42.33:4275770:0.0:0,0:43.3:3993164:0.0:0,0:41.92:8868422:0.0:0,0:43.04:7367330:0.0:0,0:44.86:9068778:1.43:1,1:44.15:3751946:1.3:3,3:43.805:5976349:1.21:3,4:46.76:10832019:2.25:8,[9:46.46:6353382:2.41:181
LYFT_122719C47.5,0:43.23:4860952:0.0:0,0:42.97:3843033:0.89:1,1:42.33:4275770:0.8:2,1:43.3:3993164:0.9:5,2:41.92:8868422:0.9:0,2:43.04:7367330:0.9:0,2:44.86:9068778:1.3:15,17:44.15:3751946:1.18:18,35:43.805:5976349:1.18:0,35:46.76:10832019:2.17:1,[36:46.46:6353382:2.15:2
LYFT_122719C48,0:43.23:4860952:0.0:0,0:42.97:3843033:0.0:0,0:42.33:4275770:0.86:10,10:43.3:3993164:0.86:0,10:41.92:8868422:0.55:2,12:43.04:7367330:0.71:2,14:44.86:9068778:0.8:1,15:44.15:3751946:0.8:0,15:43.805:5976349:0.95:1,16:46.76:10832019:1.35:1,[17:46.46:6353382:1.9:2
LYFT_112219C38,U,29:42.97:3843033:4.2:15,31:42.33:4275770:4.9:15,46:43.3:3993164:4.6:20,26:41.92:8868422:4.6:0,26:43.04:7367330:4.6:0,U:44.86:9068778::,26:44.15:3751946:4.6:0,26:43.805:5976349:4.6:0,U:46.76:10832019:U:U,26:46.46:6353382:4.6:0
LYFT_112919C38,U,50:42.97:3843033:5.2:0,50:42.33:4275770:5.1:10,60:43.3:3993164:4.6:6,66:41.92:8868422:4.6:0,66:43.04:7367330:4.6:0,66:44.86:9068778:4.6:0,66:44.15:3751946:6.3:14,U:43.805:5976349:U:U,101:46.76:10832019:8.2:10,101:46.46:6353382:8.2:0
LYFT_120619C38,U,2:42.97:3843033:5.2:0,2:42.33:4275770:5.2:0,2:43.3:3993164:4.9:7,9:41.92:8868422:4.9:0,9:43.04:7367330:4.9:0,9:44.86:9068778:5.5:11,20:44.15:3751946:5.5:0,20:43.805:5976349:5.5:0,20:46.76:10832019:5.5:0,U:46.46:6353382:U:U
LYFT_121319C38,U,0:42.97:3843033:0.0:0,0:42.33:4275770:0.0:0,0:43.3:3993164:0.0:0,0:41.92:8868422:0.0:0,0:43.04:7367330:0.0:0,U:44.86:9068778::,0:44.15:3751946:0.0:0,0:43.805:5976349:0.0:0,0:46.76:10832019:0.0:0,0:46.46:6353382:0.0:0
LYFT_122719C38,U,0:42.97:3843033:0.0:0,0:42.33:4275770:0.0:0,0:43.3:3993164:5.39:1,1:41.92:8868422:5.39:0,1:43.04:7367330:5.39:0,1:44.86:9068778:5.39:0,1:44.15:3751946:5.39:0,U:43.805:5976349:U:U,U:46.76:10832019:U:U,1:46.46:6353382:5.39:0
LYFT_112219C37.5,U,U,39:42.33:4275770:5.9:0,39:43.3:3993164:5.9:0,39:41.92:8868422:5.9:0,39:43.04:7367330:5.9:0,U:44.86:9068778::,39:44.15:3751946:5.9:0,39:43.805:5976349:5.9:0,U:46.76:10832019:U:U,U:46.46:6353382:U:U
LYFT_112919C37.5,U,U,65:42.33:4275770:5.3:0,65:43.3:3993164:5.3:0,65:41.92:8868422:4.78:2,64:43.04:7367330:4.6:1,U:44.86:9068778::,65:44.15:3751946:6.5:1,U:43.805:5976349:.:U,66:46.76:10832019:6.5:0,66:46.46:6353382:6.5:0
LYFT_120619C37.5,U,U,1:42.33:4275770:5.9:1,1:43.3:3993164:5.9:0,1:41.92:8868422:5.9:0,1:43.04:7367330:5.9:0,1:44.86:9068778:5.9:0,1:44.15:3751946:5.9:0,1:43.805:5976349:6.7:6,7:46.76:10832019:6.7:0,7:46.46:6353382:6.7:0
LYFT_121319C37.5,U,U,0:42.33:4275770:0.0:0,0:43.3:3993164:0.0:0,0:41.92:8868422:0.0:0,0:43.04:7367330:0.0:0,0:44.86:9068778:0.0:0,0:44.15:3751946:0.0:0,U:43.805:5976349:U:U,0:46.76:10832019:0.0:0,0:46.46:6353382:0.0:0
LYFT_122719C37.5,U,U,0:42.33:4275770:0.0:0,0:43.3:3993164:5.81:1,1:41.92:8868422:5.81:0,1:43.04:7367330:5.81:0,1:44.86:9068778:5.81:0,1:44.15:3751946:5.81:0,1:43.805:5976349:5.81:0,1:46.76:10832019:5.81:0,1:46.46:6353382:5.81:0
LYFT_011720C22.5,U,U,U,U,2:41.92:8868422:18.95:10,2:43.04:7367330:18.95:0,2:44.86:9068778:18.95:0,2:44.15:3751946:18.95:0,2:43.805:5976349:18.95:0,2:46.76:10832019:18.95:0,[2:46.46:6353382:18.95:0
LYFT_011720C25,U,U,U,U,23:41.92:8868422:17.95:0,23:43.04:7367330:17.95:0,23:44.86:9068778:17.95:0,23:44.15:3751946:17.95:0,23:43.805:5976349:17.95:0,23:46.76:10832019:21.45:2,[23:46.46:6353382:21.45:0
LYFT_011720C27.5,U,U,U,U,1:41.92:8868422:19.7:0,1:43.04:7367330:19.7:0,1:44.86:9068778:19.7:0,1:44.15:3751946:19.7:0,1:43.805:5976349:19.7:0,1:46.76:10832019:19.7:0,[1:46.46:6353382:19.7:0
LYFT_011720C30,U,U,U,U,537:41.92:8868422:11.5:5,542:43.04:7367330:13.2:13,539:44.86:9068778:13.2:0,539:44.15:3751946:13.2:0,539:43.805:5976349:13.9:10,539:46.76:10832019:16.75:12,[543:46.46:6353382:16.75:0
LYFT_011720C32.5,U,U,U,U,66:41.92:8868422:9.9:22,70:43.04:7367330:9.9:0,70:44.86:9068778:12.7:6,66:44.15:3751946:12.15:22,83:43.805:5976349:12.15:0,83:46.76:10832019:14.2:49,[76:46.46:6353382:14.2:0
LYFT_011720C35,U,U,U,U,302:41.92:8868422:8.17:0,302:43.04:7367330:8.17:0,302:44.86:9068778:8.17:0,302:44.15:3751946:9.75:23,309:43.805:5976349:10.0:1,308:46.76:10832019:11.84:11,[298:46.46:6353382:12.0:2
LYFT_011720C37.5,U,U,U,U,310:41.92:8868422:5.59:5,315:43.04:7367330:7.18:2,314:44.86:9068778:7.95:2,312:44.15:3751946:7.66:1,312:43.805:5976349:7.66:0,312:46.76:10832019:9.62:10,[322:46.46:6353382:9.7:16
LYFT_011720C40,U,U,U,U,1598:41.92:8868422:4.2:47,1591:43.04:7367330:5.0:120,1582:44.86:9068778:6.15:141,1618:44.15:3751946:5.67:64,1648:43.805:5976349:4.75:11,1644:46.76:10832019:7.85:128,[1660:46.46:6353382:7.61:109
LYFT_011720C42.5,U,U,U,U,1281:41.92:8868422:2.85:240,1303:43.04:7367330:3.35:186,1337:44.86:9068778:4.45:377,1507:44.15:3751946:4.2:46,1537:43.805:5976349:3.22:43,1529:46.76:10832019:5.9:123,[1541:46.46:6353382:5.67:160
LYFT_011720C45,U,U,U,U,2998:41.92:8868422:1.79:510,3235:43.04:7367330:2.17:658,3270:44.86:9068778:3.2:1116,3241:44.15:3751946:2.78:247,3169:43.805:5976349:2.71:129,3166:46.76:10832019:4.35:2151,[3921:46.46:6353382:4.2:911
LYFT_011720C47.5,U,U,U,U,2208:41.92:8868422:1.09:140,2303:43.04:7367330:1.5:1488,3469:44.86:9068778:2.05:243,3587:44.15:3751946:1.81:73,3608:43.805:5976349:1.78:122,3631:46.76:10832019:3.06:421,[3655:46.46:6353382:2.84:273
LYFT_011720C50,U,U,U,U,6535:41.92:8868422:0.63:464,6713:43.04:7367330:0.79:207,6692:44.86:9068778:1.28:1544,6621:44.15:3751946:1.18:1382,6588:43.805:5976349:1.09:1659,7622:46.76:10832019:2.05:1438,[8054:46.46:6353382:1.98:747
LYFT_011720C52.5,U,U,U,U,1107:41.92:8868422:0.33:24,1111:43.04:7367330:0.46:36,1116:44.86:9068778:0.8:137,1132:44.15:3751946:0.7:1326,2361:43.805:5976349:0.58:69,2392:46.76:10832019:1.34:357,[2308:46.46:6353382:1.25:58
LYFT_011720C55,U,U,U,U,4339:41.92:8868422:0.2:174,4299:43.04:7367330:0.3:100,4304:44.86:9068778:0.5:401,4323:44.15:3751946:0.41:48,4319:43.805:5976349:0.31:243,4513:46.76:10832019:0.87:1873,[5267:46.46:6353382:0.83:241
LYFT_011720C57.5,U,U,U,U,624:41.92:8868422:0.13:15,617:43.04:7367330:0.16:6,623:44.86:9068778:0.29:101,723:44.15:3751946:0.29:0,723:43.805:5976349:0.17:1,723:46.76:10832019:0.51:481,[870:46.46:6353382:0.54:30
LYFT_011720C60,U,U,U,U,2135:41.92:8868422:0.09:2,2136:43.04:7367330:0.09:12,2126:44.86:9068778:0.17:25,2122:44.15:3751946:0.13:126,2213:43.805:5976349:0.1:5,2207:46.76:10832019:0.3:162,[2232:46.46:6353382:0.33:92
LYFT_011720C62.5,U,U,U,U,1816:41.92:8868422:0.06:0,1816:43.04:7367330:0.06:82,1787:44.86:9068778:0.06:0,1787:44.15:3751946:0.09:11,1787:43.805:5976349:0.07:5,1792:46.76:10832019:0.18:76,[1774:46.46:6353382:0.22:235
LYFT_011720C65,U,U,U,U,7420:41.92:8868422:0.03:5,7417:43.04:7367330:0.04:1,7418:44.86:9068778:0.04:0,7418:44.15:3751946:0.04:0,7418:43.805:5976349:0.04:0,7418:46.76:10832019:0.11:28,[7412:46.46:6353382:0.13:58
LYFT_011720C67.5,U,U,U,U,639:41.92:8868422:0.02:50,639:43.04:7367330:0.03:4,639:44.86:9068778:0.03:0,639:44.15:3751946:0.03:0,639:43.805:5976349:0.03:0,639:46.76:10832019:0.07:238,[724:46.46:6353382:0.09:20
LYFT_011720C70,U,U,U,U,7635:41.92:8868422:0.02:8,7637:43.04:7367330:0.02:0,7637:44.86:9068778:0.02:102,7739:44.15:3751946:0.02:0,7739:43.805:5976349:0.01:51,7788:46.76:10832019:0.03:12,[7799:46.46:6353382:0.05:400
LYFT_112219C37,U,U,U,U,15:41.92:8868422:6.1:0,15:43.04:7367330:6.1:0,15:44.86:9068778:6.1:0,15:44.15:3751946:6.1:0,15:43.805:5976349:6.1:0,15:46.76:10832019:9.05:1,16:46.46:6353382:9.05:0
LYFT_112919C37,U,U,U,U,23:41.92:8868422:6.0:0,23:43.04:7367330:6.0:0,23:44.86:9068778:6.0:0,23:44.15:3751946:6.0:0,23:43.805:5976349:5.9:2,23:46.76:10832019:5.9:0,23:46.46:6353382:5.9:0
LYFT_120619C37,U,U,U,U,0:41.92:8868422:4.4:10,10:43.04:7367330:4.4:0,U:44.86:9068778::,10:44.15:3751946:4.4:0,10:43.805:5976349:6.0:22,U:46.76:10832019:U:U,32:46.46:6353382:6.0:0
LYFT_121319C37,U,U,U,U,0:41.92:8868422:0.0:0,0:43.04:7367330:0.0:0,0:44.86:9068778:0.0:0,0:44.15:3751946:0.0:0,0:43.805:5976349:0.0:0,0:46.76:10832019:0.0:0,0:46.46:6353382:0.0:0
LYFT_122719C37,U,U,U,U,0:41.92:8868422:0.0:0,0:43.04:7367330:0.0:0,U:44.86:9068778::,0:44.15:3751946:0.0:0,0:43.805:5976349:0.0:0,0:46.76:10832019:0.0:0,0:46.46:6353382:0.0:0
LYFT_112219C48.5,U,U,U,U,U,U,55:44.86:9068778:0.12:6,59:44.15:3751946:0.05:1,59:43.805:5976349:0.05:0,59:46.76:10832019:0.07:26,[79:46.46:6353382:0.05:70
LYFT_112219C49,U,U,U,U,U,U,127:44.86:9068778:0.06:124,136:44.15:3751946:0.02:18,128:43.805:5976349:0.02:0,128:46.76:10832019:0.05:561,[328:46.46:6353382:0.01:35
LYFT_112219C49.5,U,U,U,U,U,U,1:44.86:9068778:0.05:23,22:44.15:3751946:0.01:3,25:43.805:5976349:0.01:2,24:46.76:10832019:0.03:84,[96:46.46:6353382:0.03:0
LYFT_112919C50,U,U,U,U,U,U,164:44.86:9068778:0.1:485,447:44.15:3751946:0.07:22,467:43.805:5976349:0.03:363,756:46.76:10832019:0.26:907,[1049:46.46:6353382:0.11:241
LYFT_112919C51,U,U,U,U,U,U,9:44.86:9068778:0.09:2,11:44.15:3751946:0.09:0,11:43.805:5976349:0.05:1,12:46.76:10832019:0.15:91,[83:46.46:6353382:0.07:24
LYFT_112919C51.5,U,U,U,U,U,U,2:44.86:9068778:0.05:4,5:44.15:3751946:0.05:0,5:43.805:5976349:0.05:0,5:46.76:10832019:0.11:25,U:46.46:6353382:U:U
LYFT_120619C48.5,U,U,U,U,U,U,19:44.86:9068778:0.53:21,39:44.15:3751946:0.53:0,39:43.805:5976349:0.53:0,39:46.76:10832019:0.97:15,[40:46.46:6353382:0.85:4
LYFT_120619C49,U,U,U,U,U,U,49:44.86:9068778:0.42:47,25:44.15:3751946:0.27:1,25:43.805:5976349:0.27:0,25:46.76:10832019:0.75:17,[42:46.46:6353382:0.73:2
LYFT_120619C49.5,U,U,U,U,U,U,0:44.86:9068778:0.24:1,1:44.15:3751946:0.24:0,1:43.805:5976349:0.21:198,199:46.76:10832019:0.62:509,[385:46.46:6353382:0.62:2
LYFT_121319C48.5,U,U,U,U,U,U,26:44.86:9068778:0.69:56,82:44.15:3751946:0.53:8,78:43.805:5976349:0.53:0,78:46.76:10832019:1.37:1,[78:46.46:6353382:1.19:39
LYFT_121319C49,U,U,U,U,U,U,1:44.86:9068778:0.53:3,4:44.15:3751946:0.53:0,4:43.805:5976349:0.53:0,4:46.76:10832019:1.05:5,[6:46.46:6353382:1.02:3
LYFT_121319C49.5,U,U,U,U,U,U,0:44.86:9068778:0.6:135,135:44.15:3751946:0.6:0,135:43.805:5976349:0.6:0,135:46.76:10832019:1.0:8,[138:46.46:6353382:1.15:2
LYFT_122019C40.5,U,U,U,U,U,U,0:44.86:9068778:0.0:0,0:44.15:3751946:4.5:6,1:43.805:5976349:4.5:0,1:46.76:10832019:4.5:0,1:46.46:6353382:4.5:0
LYFT_122019C41,U,U,U,U,U,U,0:44.86:9068778:4.35:10,10:44.15:3751946:4.3:1,10:43.805:5976349:3.4:7,15:46.76:10832019:4.57:7,16:46.46:6353382:4.57:0
LYFT_122019C41.5,U,U,U,U,U,U,0:44.86:9068778:0.0:0,0:44.15:3751946:0.0:0,0:43.805:5976349:0.0:0,0:46.76:10832019:0.0:0,[0:46.46:6353382:0.0:0
LYFT_122019C42,U,U,U,U,U,U,0:44.86:9068778:0.0:0,0:44.15:3751946:4.09:6,6:43.805:5976349:2.98:4,8:46.76:10832019:3.75:1,[7:46.46:6353382:3.75:0
LYFT_122019C43,U,U,U,U,U,U,0:44.86:9068778:3.33:2,2:44.15:3751946:3.0:3,5:43.805:5976349:2.7:74,74:46.76:10832019:4.35:35,[68:46.46:6353382:4.5:119
LYFT_122019C43.5,U,U,U,U,U,U,0:44.86:9068778:2.5:60,60:44.15:3751946:2.5:0,60:43.805:5976349:2.27:86,120:46.76:10832019:4.2:1,[121:46.46:6353382:4.25:25
LYFT_122019C44,U,U,U,U,U,U,0:44.86:9068778:2.85:192,192:44.15:3751946:2.25:73,254:43.805:5976349:2.21:690,698:46.76:10832019:4.03:150,[649:46.46:6353382:3.87:154
LYFT_122019C44.5,U,U,U,U,U,U,0:44.86:9068778:2.47:72,68:44.15:3751946:2.04:98,162:43.805:5976349:1.8:5,164:46.76:10832019:3.49:5,[164:46.46:6353382:3.46:3
LYFT_122019C45.5,U,U,U,U,U,U,0:44.86:9068778:1.95:60,45:44.15:3751946:1.51:9,47:43.805:5976349:1.54:21,57:46.76:10832019:2.88:15,[58:46.46:6353382:2.9:20
LYFT_122019C46,U,U,U,U,U,U,0:44.86:9068778:1.76:92,85:44.15:3751946:1.39:28,85:43.805:5976349:1.36:503,575:46.76:10832019:2.88:245,[623:46.46:6353382:2.62:125
LYFT_122019C46.5,U,U,U,U,U,U,0:44.86:9068778:1.69:42,42:44.15:3751946:1.27:6,39:43.805:5976349:1.17:9,42:46.76:10832019:2.55:76,[101:46.46:6353382:2.34:558
LYFT_122019C47,U,U,U,U,U,U,0:44.86:9068778:1.42:64,57:44.15:3751946:1.07:42,79:43.805:5976349:1.05:80,141:46.76:10832019:2.32:148,[181:46.46:6353382:2.2:63
LYFT_122019C48,U,U,U,U,U,U,0:44.86:9068778:1.2:27,25:44.15:3751946:0.81:1,25:43.805:5976349:0.76:12,33:46.76:10832019:1.85:27,[49:46.46:6353382:1.73:23
LYFT_122019C48.5,U,U,U,U,U,U,0:44.86:9068778:1.04:12,12:44.15:3751946:0.72:3,13:43.805:5976349:0.44:9,22:46.76:10832019:1.67:46,[42:46.46:6353382:1.52:36
LYFT_122019C49,U,U,U,U,U,U,0:44.86:9068778:0.81:600,589:44.15:3751946:0.65:20,595:43.805:5976349:0.36:29,592:46.76:10832019:1.49:352,[930:46.46:6353382:1.35:26
LYFT_122019C49.5,U,U,U,U,U,U,0:44.86:9068778:0.67:4,4:44.15:3751946:0.5:3,7:43.805:5976349:0.5:0,7:46.76:10832019:1.34:4,[11:46.46:6353382:1.17:2
LYFT_122719C48.5,U,U,U,U,U,U,100:44.86:9068778:0.7:0,100:44.15:3751946:0.7:0,100:43.805:5976349:0.7:0,100:46.76:10832019:1.71:5,[105:46.46:6353382:1.71:0
LYFT_122719C49,U,U,U,U,U,U,86:44.86:9068778:0.94:33,105:44.15:3751946:0.77:6,111:43.805:5976349:0.5:7,109:46.76:10832019:1.51:6,[114:46.46:6353382:1.67:1
LYFT_122719C50,U,U,U,U,U,U,10:44.86:9068778:0.59:3,13:44.15:3751946:0.59:0,U:43.805:5976349:U:U,15:46.76:10832019:1.32:86,[64:46.46:6353382:1.55:2
LYFT_122019C39.5,U,U,U,U,U,U,U,0:44.15:3751946:5.3:1,1:43.805:5976349:5.3:0,1:46.76:10832019:7.25:1,2:46.46:6353382:7.25:0
LYFT_112919C47.5,U,U,U,U,U,U,U,U,U,0:46.76:10832019:0.87:251,[201:46.46:6353382:0.5:365
LYFT_010320C44.5,U,U,U,U,U,U,U,U,U,0:46.76:10832019:0.0:0,[0:46.46:6353382:0.0:0
LYFT_112219C50,U,U,U,U,U,U,U,U,U,245:46.76:10832019:0.02:21,[233:46.46:6353382:0.02:1
LYFT_010320C49,U,U,U,U,U,U,U,U,U,0:46.76:10832019:0.0:0,[0:46.46:6353382:1.95:1
LYFT_112919C55,U,U,U,U,U,U,U,U,U,187:46.76:10832019:0.03:89,214:46.46:6353382:0.03:0
LYFT_121319C50.5,U,U,U,U,U,U,U,U,U,1:46.76:10832019:0.17:0,[1:46.46:6353382:0.89:2
LYFT_010320C48.5,U,U,U,U,U,U,U,U,U,0:46.76:10832019:0.0:0,[0:46.46:6353382:2.09:1
LYFT_112919C46,U,U,U,U,U,U,U,U,U,0:46.76:10832019:1.62:1157,[388:46.46:6353382:1.11:477
LYFT_120619C51.5,U,U,U,U,U,U,U,U,U,1:46.76:10832019:0.35:5,5:46.46:6353382:0.35:0
LYFT_010320C45,U,U,U,U,U,U,U,U,U,0:46.76:10832019:0.0:0,[0:46.46:6353382:0.0:0
LYFT_120619C51,U,U,U,U,U,U,U,U,U,7:46.76:10832019:0.37:57,[57:46.46:6353382:0.45:52
LYFT_112919C49.5,U,U,U,U,U,U,U,U,U,0:46.76:10832019:0.34:390,[330:46.46:6353382:0.15:84
LYFT_122719C55,U,U,U,U,U,U,U,U,U,0:46.76:10832019:0.36:10,[8:46.46:6353382:0.43:4
LYFT_010320C43.5,U,U,U,U,U,U,U,U,U,0:46.76:10832019:0.0:0,[0:46.46:6353382:0.0:0
LYFT_010320C49.5,U,U,U,U,U,U,U,U,U,0:46.76:10832019:1.46:1,[1:46.46:6353382:1.64:1
LYFT_010320C44,U,U,U,U,U,U,U,U,U,0:46.76:10832019:0.0:0,[0:46.46:6353382:0.0:0
LYFT_010320C47.5,U,U,U,U,U,U,U,U,U,0:46.76:10832019:0.0:0,[0:46.46:6353382:2.42:10
LYFT_112219C51.5,U,U,U,U,U,U,U,U,U,0:46.76:10832019:0.0:0,[0:46.46:6353382:0.0:0
LYFT_121319C51.5,U,U,U,U,U,U,U,U,U,8:46.76:10832019:0.13:0,8:46.46:6353382:0.66:1
LYFT_121319C51,U,U,U,U,U,U,U,U,U,23:46.76:10832019:0.21:0,[23:46.46:6353382:0.77:1
LYFT_120619C50,U,U,U,U,U,U,U,U,U,443:46.76:10832019:0.63:455,[533:46.46:6353382:0.47:26
LYFT_010320C50,U,U,U,U,U,U,U,U,U,0:46.76:10832019:1.46:45,[45:46.46:6353382:1.5:47
LYFT_121319C50,U,U,U,U,U,U,U,U,U,32:46.76:10832019:0.9:49,[59:46.46:6353382:0.76:5
LYFT_010320C47,U,U,U,U,U,U,U,U,U,0:46.76:10832019:2.73:32,[32:46.46:6353382:2.89:22
LYFT_010320C42.5,U,U,U,U,U,U,U,U,U,0:46.76:10832019:0.0:0,[0:46.46:6353382:0.0:0
LYFT_112219C51,U,U,U,U,U,U,U,U,U,20:46.76:10832019:0.09:0,[20:46.46:6353382:0.09:0
LYFT_112219C55,U,U,U,U,U,U,U,U,U,258:46.76:10832019:0.02:0,258:46.46:6353382:0.02:0
LYFT_010320C46.5,U,U,U,U,U,U,U,U,U,0:46.76:10832019:2.92:2,[2:46.46:6353382:2.88:3
LYFT_120619C55,U,U,U,U,U,U,U,U,U,33:46.76:10832019:0.11:516,519:46.46:6353382:0.1:275
LYFT_010320C42,U,U,U,U,U,U,U,U,U,0:46.76:10832019:0.0:0,[0:46.46:6353382:0.0:0
LYFT_010320C45.5,U,U,U,U,U,U,U,U,U,0:46.76:10832019:3.24:2,[2:46.46:6353382:3.4:1
LYFT_010320C46,U,U,U,U,U,U,U,U,U,0:46.76:10832019:0.0:0,[0:46.46:6353382:0.0:0
LYFT_010320C43,U,U,U,U,U,U,U,U,U,0:46.76:10832019:0.0:0,[0:46.46:6353382:0.0:0
LYFT_122019C51,U,U,U,U,U,U,U,U,U,2:46.76:10832019:0.94:80,[58:46.46:6353382:0.86:47
LYFT_010320C48,U,U,U,U,U,U,U,U,U,0:46.76:10832019:0.0:0,[0:46.46:6353382:2.21:2
LYFT_122719C60,U,U,U,U,U,U,U,U,U,U,0:46.46:6353382:0.0:0
LYFT_010320C41.5,U,U,U,U,U,U,U,U,U,U,0:46.46:6353382:0.0:0
LYFT_010320C55,U,U,U,U,U,U,U,U,U,U,0:46.46:6353382:0.61:19
LYFT_112919C50.5,U,U,U,U,U,U,U,U,U,U,0:46.46:6353382:0.14:100
LYFT_120619C50.5,U,U,U,U,U,U,U,U,U,U,0:46.46:6353382:0.44:3
LYFT_010320C60,U,U,U,U,U,U,U,U,U,U,0:46.46:6353382:0.0:0
