Symbol,20191028,20191029,20191030,20191031,20191101,20191104,20191105,20191106,20191107,20191108,20191111,20191112,20191113,20191114,20191115,20191118,20191119,20191120,20191121,20191122
MCD_112219C165,0:191.78,0:192.62,0:196.89,0:196.7,0.0,0:188.66,0:192.18,0:194.18,0:193.08:4819712:30.7:0,0:193.61:3494627:30.7:0,0:192.64:2735188:30.7:0,0:193.28:2884363:30.7:0,0:195.0:3404937:30.7:0,0:194.0:3166085:30.7:0,0:193.97:2976490:30.7:0,0:194.28:3421469:30.7:0,0:193.44:2910495:30.7:0,0:194.2:2092267:30.7:0,0:192.35:3506185:30.7:0,0:193.14:2417604:30.7:0
MCD_112219C170,0:191.78,0:192.62,0:196.89,0:196.7,0.0,100:188.66,118:192.18,118:194.18,119:193.08:4819712:24.66:0,119:193.61:3494627:24.66:0,119:192.64:2735188:24.66:0,119:193.28:2884363:24.66:0,119:195.0:3404937:25.0:50,119:194.0:3166085:25.0:0,119:193.97:2976490:25.0:0,119:194.28:3421469:25.3:50,75:193.44:2910495:23.9:20,85:194.2:2092267:23.9:0,85:192.35:3506185:23.9:0,[85:193.14:2417604:22.65:1
MCD_112219C175,0:191.78,3:192.62,3:196.89,5:196.7,5.0,5:188.66,5:192.18,6:194.18,6:193.08:4819712:16.1:0,5:193.61:3494627:16.1:0,5:192.64:2735188:16.1:0,5:193.28:2884363:16.1:0,5:195.0:3404937:16.1:0,5:194.0:3166085:20.45:3,3:193.97:2976490:18.7:1,2:194.28:3421469:20.2:1,2:193.44:2910495:20.2:0,2:194.2:2092267:20.2:0,2:192.35:3506185:20.2:0,[2:193.14:2417604:20.2:0
MCD_112219C177.5,0:191.78,0:192.62,0:196.89,0:196.7,0.0,0:188.66,2:192.18,2:194.18,2:193.08:4819712:13.96:0,2:193.61:3494627:13.96:0,2:192.64:2735188:13.96:0,2:193.28:2884363:13.96:0,2:195.0:3404937:13.96:0,2:194.0:3166085:13.96:0,2:193.97:2976490:13.96:0,2:194.28:3421469:13.96:0,2:193.44:2910495:13.96:0,2:194.2:2092267:13.96:0,2:192.35:3506185:13.96:0,[2:193.14:2417604:13.96:0
MCD_112219C180,0:191.78,0:192.62,2:196.89,2:196.7,2.0,2:188.66,4:192.18,7:194.18,7:193.08:4819712:13.2:10,16:193.61:3494627:13.2:0,16:192.64:2735188:13.2:0,16:193.28:2884363:13.2:0,16:195.0:3404937:14.3:10,16:194.0:3166085:14.3:0,16:193.97:2976490:13.87:21,37:194.28:3421469:13.87:0,37:193.44:2910495:13.87:0,37:194.2:2092267:13.87:0,37:192.35:3506185:13.87:0,[37:193.14:2417604:13.15:21
MCD_112219C182.5,0:191.78,0:192.62,0:196.89,0:196.7,0.0,0:188.66,17:192.18,16:194.18,16:193.08:4819712:10.45:4,18:193.61:3494627:11.36:104,118:192.64:2735188:11.36:0,118:193.28:2884363:11.36:0,118:195.0:3404937:11.36:0,118:194.0:3166085:11.35:2,119:193.97:2976490:11.35:0,119:194.28:3421469:11.35:0,119:193.44:2910495:11.35:0,119:194.2:2092267:11.85:10,129:192.35:3506185:11.85:0,[129:193.14:2417604:10.4:100
MCD_112219C185,0:191.78,0:192.62,0:196.89,0:196.7,0.0,0:188.66,107:192.18,127:194.18,126:193.08:4819712:9.75:0,126:193.61:3494627:9.16:15,141:192.64:2735188:9.5:4,141:193.28:2884363:8.7:4,144:195.0:3404937:10.09:12,152:194.0:3166085:8.79:30,152:193.97:2976490:8.99:28,159:194.28:3421469:9.52:45,170:193.44:2910495:9.52:0,170:194.2:2092267:9.54:11,169:192.35:3506185:7.75:6,[164:193.14:2417604:7.7:37
MCD_112219C187.5,6:191.78,29:192.62,60:196.89,85:196.7,95.0,174:188.66,539:192.18,544:194.18,521:193.08:4819712:6.25:148,519:193.61:3494627:6.45:25,518:192.64:2735188:5.72:11,521:193.28:2884363:6.0:212,501:195.0:3404937:7.5:9,503:194.0:3166085:6.59:11,501:193.97:2976490:6.57:11,501:194.28:3421469:6.9:59,483:193.44:2910495:6.52:20,487:194.2:2092267:7.25:8,486:192.35:3506185:5.72:2,[485:193.14:2417604:5.45:77
MCD_112219C190,6:191.78,70:192.62,71:196.89,64:196.7,64.0,69:188.66,487:192.18,468:194.18,453:193.08:4819712:4.3:62,445:193.61:3494627:4.7:32,442:192.64:2735188:3.75:57,468:193.28:2884363:4.13:49,437:195.0:3404937:5.3:387,511:194.0:3166085:4.52:54,484:193.97:2976490:4.05:280,401:194.28:3421469:4.5:163,281:193.44:2910495:4.2:121,316:194.2:2092267:4.25:160,324:192.35:3506185:2.4:210,[361:193.14:2417604:2.94:353
MCD_112219C192.5,7:191.78,207:192.62,203:196.89,218:196.7,219.0,226:188.66,281:192.18,351:194.18,371:193.08:4819712:2.85:218,387:193.61:3494627:2.92:110,388:192.64:2735188:2.24:609,700:193.28:2884363:2.38:251,724:195.0:3404937:3.45:167,709:194.0:3166085:2.79:239,824:193.97:2976490:2.32:312,960:194.28:3421469:2.46:388,892:193.44:2910495:1.71:182,950:194.2:2092267:2.04:199,889:192.35:3506185:0.69:1706,[1307:193.14:2417604:0.55:962
MCD_112219C195,25:191.78,129:192.62,150:196.89,190:196.7,185.0,194:188.66,306:192.18,428:194.18,426:193.08:4819712:1.59:411,502:193.61:3494627:1.68:284,535:192.64:2735188:1.12:237,567:193.28:2884363:1.2:642,748:195.0:3404937:1.83:704,861:194.0:3166085:1.31:564,1020:193.97:2976490:0.92:1200,1390:194.28:3421469:0.99:2362,2163:193.44:2910495:0.47:1401,2244:194.2:2092267:0.55:3157,2672:192.35:3506185:0.07:2138,[3078:193.14:2417604:0.01:771
MCD_112219C197.5,71:191.78,156:192.62,188:196.89,185:196.7,190.0,219:188.66,461:192.18,684:194.18,774:193.08:4819712:0.82:510,929:193.61:3494627:0.84:109,959:192.64:2735188:0.53:245,1044:193.28:2884363:0.5:656,1423:195.0:3404937:0.83:654,1574:194.0:3166085:0.5:781,1810:193.97:2976490:0.28:1170,1989:194.28:3421469:0.31:2312,2551:193.44:2910495:0.1:781,2428:194.2:2092267:0.1:765,2671:192.35:3506185:0.01:446,[2502:193.14:2417604:0.01:308
MCD_112219C200,107:191.78,284:192.62,310:196.89,267:196.7,289.0,318:188.66,605:192.18,702:194.18,821:193.08:4819712:0.42:129,827:193.61:3494627:0.41:472,1035:192.64:2735188:0.24:428,1097:193.28:2884363:0.19:190,1129:195.0:3404937:0.31:674,1355:194.0:3166085:0.18:875,1674:193.97:2976490:0.09:753,2048:194.28:3421469:0.1:1858,2562:193.44:2910495:0.04:781,2782:194.2:2092267:0.03:511,2882:192.35:3506185:0.03:137,[2788:193.14:2417604:0.02:64
MCD_112219C202.5,866:191.78,940:192.62,950:196.89,901:196.7,907.0,1034:188.66,1072:192.18,1177:194.18,1139:193.08:4819712:0.21:50,1155:193.61:3494627:0.2:532,1420:192.64:2735188:0.11:166,1427:193.28:2884363:0.1:126,1472:195.0:3404937:0.13:219,1475:194.0:3166085:0.09:103,1523:193.97:2976490:0.04:110,1504:194.28:3421469:0.05:787,1880:193.44:2910495:0.03:119,1801:194.2:2092267:0.01:56,1799:192.35:3506185:0.03:2,[1798:193.14:2417604:0.01:40
MCD_112219C205,293:191.78,623:192.62,638:196.89,666:196.7,685.0,759:188.66,781:192.18,784:194.18,935:193.08:4819712:0.11:203,927:193.61:3494627:0.11:122,920:192.64:2735188:0.05:84,904:193.28:2884363:0.05:13,914:195.0:3404937:0.05:57,911:194.0:3166085:0.05:39,911:193.97:2976490:0.01:52,899:194.28:3421469:0.01:39,900:193.44:2910495:0.01:2,900:194.2:2092267:0.01:55,942:192.35:3506185:0.01:3,[942:193.14:2417604:0.01:3
MCD_112219C207.5,201:191.78,216:192.62,216:196.89,214:196.7,218.0,219:188.66,224:192.18,225:194.18,224:193.08:4819712:0.08:8,224:193.61:3494627:0.07:5,229:192.64:2735188:0.05:19,232:193.28:2884363:0.05:0,232:195.0:3404937:0.04:5,230:194.0:3166085:0.02:3,230:193.97:2976490:0.03:2,232:194.28:3421469:0.02:101,273:193.44:2910495:0.01:1,273:194.2:2092267:0.01:0,273:192.35:3506185:0.01:0,[273:193.14:2417604:0.01:1
MCD_112219C210,1639:191.78,1594:192.62,1605:196.89,1547:196.7,1555.0,1554:188.66,1542:192.18,1541:194.18,1550:193.08:4819712:0.07:6,1550:193.61:3494627:0.04:6,1544:192.64:2735188:0.04:34,1548:193.28:2884363:0.03:40,1541:195.0:3404937:0.01:80,1527:194.0:3166085:0.03:51,1564:193.97:2976490:0.05:3,1564:194.28:3421469:0.01:5,1564:193.44:2910495:0.01:14,1564:194.2:2092267:0.01:0,1564:192.35:3506185:0.04:5,[1561:193.14:2417604:0.01:1
MCD_112219C212.5,893:191.78,879:192.62,880:196.89,883:196.7,873.0,882:188.66,877:192.18,872:194.18,872:193.08:4819712:0.05:1,872:193.61:3494627:0.02:3,869:192.64:2735188:0.02:4,865:193.28:2884363:0.01:3,862:195.0:3404937:0.01:0,862:194.0:3166085:0.01:1,861:193.97:2976490:0.01:1,861:194.28:3421469:0.04:6,861:193.44:2910495:0.01:5,856:194.2:2092267:0.01:0,856:192.35:3506185:0.02:2,[855:193.14:2417604:0.03:2
MCD_112219C215,199:191.78,199:192.62,199:196.89,200:196.7,200.0,200:188.66,145:192.18,145:194.18,157:193.08:4819712:0.06:0,157:193.61:3494627:0.06:0,157:192.64:2735188:0.06:0,157:193.28:2884363:0.06:0,157:195.0:3404937:0.02:4,157:194.0:3166085:0.02:40,167:193.97:2976490:0.02:0,167:194.28:3421469:0.02:0,167:193.44:2910495:0.02:0,167:194.2:2092267:0.02:0,167:192.35:3506185:0.02:0,[167:193.14:2417604:0.02:0
MCD_112219C217.5,222:191.78,215:192.62,215:196.89,215:196.7,215.0,215:188.66,215:192.18,214:194.18,214:193.08:4819712:0.01:0,214:193.61:3494627:0.01:0,214:192.64:2735188:0.01:0,214:193.28:2884363:0.01:0,214:195.0:3404937:0.01:0,214:194.0:3166085:0.01:0,214:193.97:2976490:0.01:0,214:194.28:3421469:0.01:0,214:193.44:2910495:0.02:1,215:194.2:2092267:0.02:0,215:192.35:3506185:0.02:0,[215:193.14:2417604:0.02:0
MCD_112919C165,0:191.78,1:192.62,1:196.89,1:196.7,2.0,2:188.66,4:192.18,2:194.18,2:193.08:4819712:26.1:0,2:193.61:3494627:26.1:0,2:192.64:2735188:26.1:0,2:193.28:2884363:26.1:0,2:195.0:3404937:26.1:0,2:194.0:3166085:26.1:0,2:193.97:2976490:26.1:0,2:194.28:3421469:26.1:0,2:193.44:2910495:26.1:0,2:194.2:2092267:26.1:0,2:192.35:3506185:26.1:0,2:193.14:2417604:26.1:0
MCD_112919C170,0:191.78,0:192.62,0:196.89,3:196.7,3.0,3:188.66,3:192.18,5:194.18,5:193.08:4819712:21.63:0,5:193.61:3494627:21.63:0,5:192.64:2735188:21.63:0,5:193.28:2884363:21.63:0,5:195.0:3404937:21.63:0,5:194.0:3166085:21.63:0,5:193.97:2976490:21.63:0,5:194.28:3421469:21.63:0,5:193.44:2910495:21.63:0,5:194.2:2092267:21.63:0,5:192.35:3506185:21.63:0,[5:193.14:2417604:21.63:0
MCD_112919C175,0:191.78,0:192.62,0:196.89,0:196.7,0.0,0:188.66,1:192.18,0:194.18,0:193.08:4819712:15.9:0,0:193.61:3494627:15.9:0,0:192.64:2735188:15.9:0,0:193.28:2884363:15.9:0,0:195.0:3404937:15.9:0,0:194.0:3166085:15.9:0,0:193.97:2976490:15.9:0,0:194.28:3421469:20.7:2,1:193.44:2910495:20.7:0,1:194.2:2092267:20.7:0,1:192.35:3506185:20.7:0,[1:193.14:2417604:20.7:0
MCD_112919C177.5,0:191.78,0:192.62,0:196.89,0:196.7,0.0,0:188.66,1:192.18,1:194.18,1:193.08:4819712:12.05:0,1:193.61:3494627:12.05:0,1:192.64:2735188:12.05:0,1:193.28:2884363:12.05:0,1:195.0:3404937:12.05:0,1:194.0:3166085:12.05:0,1:193.97:2976490:12.05:0,1:194.28:3421469:12.05:0,1:193.44:2910495:12.05:0,1:194.2:2092267:12.05:0,1:192.35:3506185:12.05:0,[1:193.14:2417604:12.05:0
MCD_112919C180,1:191.78,1:192.62,1:196.89,1:196.7,1.0,1:188.66,26:192.18,26:194.18,24:193.08:4819712:13.75:1,25:193.61:3494627:13.75:0,25:192.64:2735188:13.75:0,25:193.28:2884363:13.75:0,25:195.0:3404937:14.5:6,20:194.0:3166085:14.5:0,20:193.97:2976490:13.92:1,20:194.28:3421469:13.92:0,20:193.44:2910495:13.92:0,20:194.2:2092267:13.92:0,20:192.35:3506185:12.4:2,[21:193.14:2417604:12.86:21
MCD_112919C182.5,0:191.78,0:192.62,0:196.89,0:196.7,0.0,0:188.66,8:192.18,8:194.18,8:193.08:4819712:12.15:1,8:193.61:3494627:12.15:0,8:192.64:2735188:12.15:0,8:193.28:2884363:12.15:0,8:195.0:3404937:12.15:0,8:194.0:3166085:12.15:0,8:193.97:2976490:12.15:0,8:194.28:3421469:12.15:0,8:193.44:2910495:12.15:0,8:194.2:2092267:12.15:0,8:192.35:3506185:12.15:0,[8:193.14:2417604:10.49:100
MCD_112919C185,16:191.78,59:192.62,59:196.89,59:196.7,56.0,57:188.66,117:192.18,105:194.18,104:193.08:4819712:9.6:4,100:193.61:3494627:9.14:1,100:192.64:2735188:8.35:8,94:193.28:2884363:8.35:0,94:195.0:3404937:10.2:2,94:194.0:3166085:10.2:0,94:193.97:2976490:10.2:0,94:194.28:3421469:10.27:58,81:193.44:2910495:10.27:0,81:194.2:2092267:10.27:0,81:192.35:3506185:8.9:5,[86:193.14:2417604:7.77:28
MCD_112919C187.5,7:191.78,11:192.62,13:196.89,14:196.7,14.0,14:188.66,153:192.18,117:194.18,142:193.08:4819712:6.39:5,143:193.61:3494627:6.91:5,143:192.64:2735188:5.97:4,141:193.28:2884363:6.43:1,142:195.0:3404937:7.84:18,139:194.0:3166085:7.84:0,139:193.97:2976490:6.55:6,137:194.28:3421469:6.97:3,140:193.44:2910495:6.97:0,140:194.2:2092267:6.97:0,140:192.35:3506185:5.15:11,[143:193.14:2417604:5.61:28
MCD_112919C190,2:191.78,58:192.62,61:196.89,63:196.7,68.0,71:188.66,269:192.18,422:194.18,431:193.08:4819712:4.3:8,426:193.61:3494627:4.99:34,437:192.64:2735188:4.11:30,433:193.28:2884363:4.65:31,435:195.0:3404937:5.6:14,424:194.0:3166085:4.91:93,492:193.97:2976490:4.5:13,494:194.28:3421469:4.95:21,498:193.44:2910495:4.37:17,511:194.2:2092267:4.59:18,520:192.35:3506185:3.05:251,[619:193.14:2417604:3.28:246
MCD_112919C192.5,14:191.78,85:192.62,121:196.89,93:196.7,98.0,111:188.66,1844:192.18,1878:194.18,1872:193.08:4819712:2.97:95,1909:193.61:3494627:3.3:123,1960:192.64:2735188:2.6:235,2027:193.28:2884363:2.8:68,2035:195.0:3404937:3.6:108,2026:194.0:3166085:3.1:209,2040:193.97:2976490:2.7:141,2105:194.28:3421469:2.9:357,2175:193.44:2910495:2.16:513,2447:194.2:2092267:2.63:457,2666:192.35:3506185:1.44:950,[3287:193.14:2417604:1.37:1213
MCD_112919C195,20:191.78,177:192.62,237:196.89,256:196.7,231.0,388:188.66,460:192.18,492:194.18,460:193.08:4819712:1.95:298,550:193.61:3494627:1.99:146,584:192.64:2735188:1.5:176,601:193.28:2884363:1.62:162,618:195.0:3404937:2.15:235,608:194.0:3166085:1.74:270,652:193.97:2976490:1.34:243,791:194.28:3421469:1.49:874,1125:193.44:2910495:1.02:734,1319:194.2:2092267:1.15:551,1630:192.35:3506185:0.51:1148,[2031:193.14:2417604:0.4:1863
MCD_112919C197.5,19:191.78,157:192.62,217:196.89,251:196.7,243.0,358:188.66,517:192.18,539:194.18,519:193.08:4819712:1.05:87,511:193.61:3494627:1.15:130,511:192.64:2735188:0.75:113,516:193.28:2884363:0.83:76,548:195.0:3404937:1.07:239,611:194.0:3166085:0.81:128,623:193.97:2976490:0.57:277,675:194.28:3421469:0.69:984,1084:193.44:2910495:0.38:642,1334:194.2:2092267:0.42:550,1423:192.35:3506185:0.17:1131,[1825:193.14:2417604:0.11:714
MCD_112919C200,161:191.78,376:192.62,392:196.89,426:196.7,417.0,436:188.66,531:192.18,590:194.18,553:193.08:4819712:0.59:242,603:193.61:3494627:0.61:129,618:192.64:2735188:0.4:244,702:193.28:2884363:0.38:97,728:195.0:3404937:0.55:338,859:194.0:3166085:0.4:538,1105:193.97:2976490:0.23:367,1285:194.28:3421469:0.31:725,1661:193.44:2910495:0.17:292,1704:194.2:2092267:0.15:549,1833:192.35:3506185:0.06:206,[1784:193.14:2417604:0.03:192
MCD_112919C202.5,102:191.78,271:192.62,275:196.89,290:196.7,309.0,328:188.66,349:192.18,378:194.18,389:193.08:4819712:0.36:40,386:193.61:3494627:0.34:20,397:192.64:2735188:0.22:107,433:193.28:2884363:0.22:17,426:195.0:3404937:0.24:19,422:194.0:3166085:0.2:21,417:193.97:2976490:0.11:47,447:194.28:3421469:0.16:432,478:193.44:2910495:0.07:126,430:194.2:2092267:0.05:83,416:192.35:3506185:0.04:184,[395:193.14:2417604:0.02:10
MCD_112919C205,162:191.78,196:192.62,207:196.89,232:196.7,254.0,301:188.66,318:192.18,298:194.18,320:193.08:4819712:0.22:46,315:193.61:3494627:0.18:10,316:192.64:2735188:0.11:17,328:193.28:2884363:0.12:3,330:195.0:3404937:0.13:155,252:194.0:3166085:0.12:29,251:193.97:2976490:0.06:40,277:194.28:3421469:0.08:28,275:193.44:2910495:0.03:17,273:194.2:2092267:0.02:38,264:192.35:3506185:0.01:5,[259:193.14:2417604:0.01:10
MCD_112919C207.5,114:191.78,115:192.62,115:196.89,119:196.7,200.0,206:188.66,198:192.18,196:194.18,194:193.08:4819712:0.2:0,194:193.61:3494627:0.13:1,193:192.64:2735188:0.14:51,216:193.28:2884363:0.14:0,216:195.0:3404937:0.09:2,218:194.0:3166085:0.09:0,218:193.97:2976490:0.03:51,265:194.28:3421469:0.06:60,307:193.44:2910495:0.03:51,258:194.2:2092267:0.01:53,304:192.35:3506185:0.01:50,[254:193.14:2417604:0.01:21
MCD_112919C210,166:191.78,210:192.62,208:196.89,237:196.7,234.0,235:188.66,243:192.18,227:194.18,224:193.08:4819712:0.09:7,229:193.61:3494627:0.12:11,235:192.64:2735188:0.05:14,239:193.28:2884363:0.05:5,239:195.0:3404937:0.07:1,240:194.0:3166085:0.05:12,232:193.97:2976490:0.05:4,235:194.28:3421469:0.05:4,236:193.44:2910495:0.05:0,236:194.2:2092267:0.05:0,236:192.35:3506185:0.05:0,[236:193.14:2417604:0.05:0
MCD_112919C212.5,77:191.78,77:192.62,77:196.89,77:196.7,77.0,77:188.66,76:192.18,76:194.18,66:193.08:4819712:0.11:0,66:193.61:3494627:0.07:2,68:192.64:2735188:0.07:0,68:193.28:2884363:0.04:2,68:195.0:3404937:0.04:0,68:194.0:3166085:0.04:0,68:193.97:2976490:0.02:1,69:194.28:3421469:0.01:4,65:193.44:2910495:0.01:0,65:194.2:2092267:0.01:0,65:192.35:3506185:0.01:0,[65:193.14:2417604:0.05:20
MCD_112919C215,251:191.78,246:192.62,246:196.89,246:196.7,293.0,293:188.66,295:192.18,295:194.18,295:193.08:4819712:0.09:0,295:193.61:3494627:0.06:13,295:192.64:2735188:0.06:0,295:193.28:2884363:0.06:0,295:195.0:3404937:0.06:0,295:194.0:3166085:0.06:0,295:193.97:2976490:0.06:0,295:194.28:3421469:0.02:6,290:193.44:2910495:0.02:0,290:194.2:2092267:0.02:0,290:192.35:3506185:0.02:0,[290:193.14:2417604:0.02:0
MCD_112919C217.5,21:191.78,21:192.62,21:196.89,21:196.7,21.0,21:188.66,21:192.18,21:194.18,21:193.08:4819712:0.08:0,21:193.61:3494627:0.38:2,19:192.64:2735188:0.38:0,19:193.28:2884363:0.38:0,19:195.0:3404937:0.38:0,19:194.0:3166085:0.38:0,19:193.97:2976490:0.01:1,19:194.28:3421469:0.01:0,19:193.44:2910495:0.01:0,19:194.2:2092267:0.01:0,19:192.35:3506185:0.01:0,[19:193.14:2417604:0.01:0
MCD_120619C165,0:191.78,0:192.62,0:196.89,0:196.7,0.0,0:188.66,0:192.18,0:194.18,0:193.08:4819712:0.0:0,0:193.61:3494627:0.0:0,0:192.64:2735188:0.0:0,0:193.28:2884363:0.0:0,0:195.0:3404937:0.0:0,0:194.0:3166085:0.0:0,0:193.97:2976490:0.0:0,0:194.28:3421469:0.0:0,0:193.44:2910495:0.0:0,0:194.2:2092267:0.0:0,0:192.35:3506185:0.0:0,0:193.14:2417604:0.0:0
MCD_120619C170,0:191.78,0:192.62,0:196.89,0:196.7,0.0,0:188.66,5:192.18,5:194.18,5:193.08:4819712:24.84:0,5:193.61:3494627:24.84:0,5:192.64:2735188:24.84:0,5:193.28:2884363:24.84:0,5:195.0:3404937:24.84:0,5:194.0:3166085:24.84:0,5:193.97:2976490:24.84:0,5:194.28:3421469:24.84:0,5:193.44:2910495:24.84:0,5:194.2:2092267:24.84:0,5:192.35:3506185:24.84:0,[5:193.14:2417604:24.84:0
MCD_120619C175,0:191.78,0:192.62,0:196.89,0:196.7,0.0,0:188.66,0:192.18,0:194.18,0:193.08:4819712:0.0:0,0:193.61:3494627:0.0:0,0:192.64:2735188:0.0:0,0:193.28:2884363:0.0:0,0:195.0:3404937:0.0:0,0:194.0:3166085:0.0:0,0:193.97:2976490:0.0:0,0:194.28:3421469:0.0:0,0:193.44:2910495:0.0:0,0:194.2:2092267:0.0:0,0:192.35:3506185:0.0:0,[0:193.14:2417604:0.0:0
MCD_120619C177.5,0:191.78,0:192.62,0:196.89,0:196.7,0.0,0:188.66,20:192.18,20:194.18,20:193.08:4819712:11.33:0,20:193.61:3494627:11.33:0,20:192.64:2735188:11.33:0,20:193.28:2884363:11.33:0,20:195.0:3404937:11.33:0,20:194.0:3166085:11.33:0,20:193.97:2976490:11.33:0,20:194.28:3421469:11.33:0,20:193.44:2910495:11.33:0,20:194.2:2092267:11.33:0,20:192.35:3506185:11.33:0,[20:193.14:2417604:11.33:0
MCD_120619C180,0:191.78,0:192.62,0:196.89,0:196.7,0.0,0:188.66,31:192.18,27:194.18,25:193.08:4819712:13.49:1,25:193.61:3494627:13.49:0,25:192.64:2735188:13.45:3,25:193.28:2884363:13.8:1,25:195.0:3404937:13.8:0,25:194.0:3166085:13.8:0,25:193.97:2976490:13.8:0,25:194.28:3421469:13.8:0,25:193.44:2910495:13.8:0,25:194.2:2092267:13.8:0,25:192.35:3506185:13.8:0,[25:193.14:2417604:13.8:0
MCD_120619C182.5,0:191.78,16:192.62,16:196.89,16:196.7,16.0,16:188.66,52:192.18,51:194.18,39:193.08:4819712:11.61:0,39:193.61:3494627:11.8:23,29:192.64:2735188:11.8:0,29:193.28:2884363:11.8:0,29:195.0:3404937:11.8:0,29:194.0:3166085:11.35:20,49:193.97:2976490:11.35:0,49:194.28:3421469:11.35:0,49:193.44:2910495:11.35:0,49:194.2:2092267:11.35:0,49:192.35:3506185:10.55:1,[50:193.14:2417604:10.55:0
MCD_120619C185,0:191.78,0:192.62,1:196.89,2:196.7,2.0,1:188.66,37:192.18,30:194.18,30:193.08:4819712:10.65:0,30:193.61:3494627:10.65:0,30:192.64:2735188:10.65:0,30:193.28:2884363:10.65:0,30:195.0:3404937:9.5:1,29:194.0:3166085:9.5:0,29:193.97:2976490:9.5:0,29:194.28:3421469:10.45:6,26:193.44:2910495:8.6:1,26:194.2:2092267:8.6:0,26:192.35:3506185:8.6:0,[26:193.14:2417604:7.82:15
MCD_120619C187.5,1:191.78,1:192.62,1:196.89,1:196.7,1.0,1:188.66,102:192.18,59:194.18,45:193.08:4819712:7.2:5,46:193.61:3494627:7.71:2,46:192.64:2735188:6.55:4,46:193.28:2884363:6.55:0,46:195.0:3404937:7.25:17,46:194.0:3166085:7.25:0,46:193.97:2976490:6.52:13,46:194.28:3421469:7.55:3,46:193.44:2910495:6.55:7,49:194.2:2092267:6.55:0,49:192.35:3506185:5.15:5,[54:193.14:2417604:5.9:6
MCD_120619C190,0:191.78,4:192.62,16:196.89,15:196.7,13.0,68:188.66,688:192.18,783:194.18,743:193.08:4819712:4.76:137,658:193.61:3494627:5.2:32,644:192.64:2735188:4.4:10,650:193.28:2884363:4.74:34,644:195.0:3404937:5.8:194,588:194.0:3166085:5.19:17,594:193.97:2976490:4.5:60,625:194.28:3421469:6.1:13,623:193.44:2910495:4.17:13,627:194.2:2092267:4.75:24,616:192.35:3506185:3.2:22,[622:193.14:2417604:3.4:23
MCD_120619C192.5,0:191.78,64:192.62,101:196.89,217:196.7,204.0,240:188.66,370:192.18,426:194.18,385:193.08:4819712:3.35:181,401:193.61:3494627:3.75:80,400:192.64:2735188:2.9:228,420:193.28:2884363:3.05:127,401:195.0:3404937:3.95:124,454:194.0:3166085:3.49:92,451:193.97:2976490:3.0:32,457:194.28:3421469:3.15:66,455:193.44:2910495:2.53:247,427:194.2:2092267:2.9:78,442:192.35:3506185:1.72:1699,[1211:193.14:2417604:1.72:728
MCD_120619C195,18:191.78,88:192.62,118:196.89,164:196.7,154.0,167:188.66,248:192.18,326:194.18,341:193.08:4819712:2.21:251,494:193.61:3494627:2.38:129,487:192.64:2735188:1.77:71,525:193.28:2884363:1.9:116,553:195.0:3404937:2.46:195,599:194.0:3166085:2.04:119,635:193.97:2976490:1.65:66,650:194.28:3421469:1.75:243,655:193.44:2910495:1.31:272,699:194.2:2092267:1.53:366,688:192.35:3506185:0.78:446,[840:193.14:2417604:0.72:757
MCD_120619C197.5,26:191.78,50:192.62,57:196.89,90:196.7,119.0,131:188.66,204:192.18,243:194.18,275:193.08:4819712:1.38:102,294:193.61:3494627:1.4:51,317:192.64:2735188:1.02:100,338:193.28:2884363:1.1:104,352:195.0:3404937:1.4:127,395:194.0:3166085:1.08:130,390:193.97:2976490:0.83:96,400:194.28:3421469:0.92:332,480:193.44:2910495:0.63:95,499:194.2:2092267:0.72:62,541:192.35:3506185:0.34:137,[611:193.14:2417604:0.26:155
MCD_120619C200,33:191.78,136:192.62,166:196.89,231:196.7,233.0,295:188.66,504:192.18,598:194.18,686:193.08:4819712:0.78:240,711:193.61:3494627:0.81:50,712:192.64:2735188:0.6:101,733:193.28:2884363:0.6:84,753:195.0:3404937:0.75:142,780:194.0:3166085:0.57:131,845:193.97:2976490:0.4:77,814:194.28:3421469:0.45:126,866:193.44:2910495:0.3:83,875:194.2:2092267:0.31:161,890:192.35:3506185:0.15:191,[969:193.14:2417604:0.1:393
MCD_120619C202.5,18:191.78,162:192.62,181:196.89,215:196.7,227.0,238:188.66,240:192.18,256:194.18,395:193.08:4819712:0.46:150,411:193.61:3494627:0.45:38,427:192.64:2735188:0.31:9,434:193.28:2884363:0.28:16,431:195.0:3404937:0.39:62,451:194.0:3166085:0.3:24,467:193.97:2976490:0.2:25,484:194.28:3421469:0.2:56,520:193.44:2910495:0.14:69,501:194.2:2092267:0.14:26,517:192.35:3506185:0.07:29,[513:193.14:2417604:0.05:11
MCD_120619C205,93:191.78,220:192.62,221:196.89,231:196.7,240.0,244:188.66,272:192.18,275:194.18,279:193.08:4819712:0.28:66,316:193.61:3494627:0.28:72,303:192.64:2735188:0.19:22,305:193.28:2884363:0.17:20,312:195.0:3404937:0.21:86,325:194.0:3166085:0.17:13,326:193.97:2976490:0.09:9,324:194.28:3421469:0.12:45,347:193.44:2910495:0.12:3,350:194.2:2092267:0.07:87,347:192.35:3506185:0.06:13,[347:193.14:2417604:0.04:1
MCD_120619C207.5,77:191.78,320:192.62,322:196.89,324:196.7,349.0,351:188.66,351:192.18,370:194.18,374:193.08:4819712:0.21:7,374:193.61:3494627:0.21:0,374:192.64:2735188:0.21:0,374:193.28:2884363:0.11:1,374:195.0:3404937:0.12:12,380:194.0:3166085:0.1:9,379:193.97:2976490:0.1:0,379:194.28:3421469:0.07:12,384:193.44:2910495:0.03:7,377:194.2:2092267:0.03:0,377:192.35:3506185:0.08:5,[372:193.14:2417604:0.01:1
MCD_120619C210,1:191.78,14:192.62,17:196.89,28:196.7,46.0,53:188.66,50:192.18,56:194.18,60:193.08:4819712:0.11:2,59:193.61:3494627:0.11:20,75:192.64:2735188:0.05:6,69:193.28:2884363:0.08:6,68:195.0:3404937:0.08:73,113:194.0:3166085:0.08:0,113:193.97:2976490:0.08:0,113:194.28:3421469:0.04:5,112:193.44:2910495:0.03:2,111:194.2:2092267:0.03:0,111:192.35:3506185:0.03:0,[111:193.14:2417604:0.04:1
MCD_120619C212.5,0:191.78,0:192.62,0:196.89,1:196.7,10.0,10:188.66,11:192.18,14:194.18,15:193.08:4819712:0.1:1,15:193.61:3494627:0.07:11,26:192.64:2735188:0.07:0,26:193.28:2884363:0.05:1,26:195.0:3404937:0.03:34,59:194.0:3166085:0.05:1,59:193.97:2976490:0.05:0,59:194.28:3421469:0.02:5,62:193.44:2910495:0.02:0,62:194.2:2092267:0.02:0,62:192.35:3506185:0.02:0,[62:193.14:2417604:0.02:0
MCD_120619C215,0:191.78,21:192.62,21:196.89,21:196.7,21.0,21:188.66,21:192.18,21:194.18,21:193.08:4819712:0.07:0,21:193.61:3494627:0.07:0,21:192.64:2735188:0.07:0,21:193.28:2884363:0.07:0,21:195.0:3404937:0.07:0,21:194.0:3166085:0.07:0,21:193.97:2976490:0.07:0,21:194.28:3421469:0.07:0,21:193.44:2910495:0.07:0,21:194.2:2092267:0.07:0,21:192.35:3506185:0.07:0,[21:193.14:2417604:0.06:1
MCD_120619C217.5,0:191.78,0:192.62,0:196.89,0:196.7,0.0,0:188.66,0:192.18,0:194.18,7:193.08:4819712:0.15:0,7:193.61:3494627:0.15:0,7:192.64:2735188:0.15:0,7:193.28:2884363:0.15:0,7:195.0:3404937:0.15:0,7:194.0:3166085:0.15:0,7:193.97:2976490:0.15:0,7:194.28:3421469:0.15:0,7:193.44:2910495:0.15:0,7:194.2:2092267:0.15:0,7:192.35:3506185:0.15:0,[7:193.14:2417604:0.15:0
MCD_122019C145,0:191.78,0:192.62,0:196.89,0:196.7,0.0,0:188.66,0:192.18,0:194.18,0:193.08:4819712:75.63:0,0:193.61:3494627:75.63:0,0:192.64:2735188:75.63:0,0:193.28:2884363:75.63:0,0:195.0:3404937:75.63:0,0:194.0:3166085:75.63:0,0:193.97:2976490:75.63:0,0:194.28:3421469:75.63:0,0:193.44:2910495:75.63:0,0:194.2:2092267:75.63:0,0:192.35:3506185:75.63:0,0:193.14:2417604:75.63:0
MCD_122019C150,4:191.78,4:192.62,4:196.89,4:196.7,4.0,4:188.66,4:192.18,4:194.18,4:193.08:4819712:70.25:0,4:193.61:3494627:70.25:0,4:192.64:2735188:70.25:0,4:193.28:2884363:70.25:0,4:195.0:3404937:70.25:0,4:194.0:3166085:70.25:0,4:193.97:2976490:70.25:0,4:194.28:3421469:70.25:0,4:193.44:2910495:70.25:0,4:194.2:2092267:70.25:0,4:192.35:3506185:70.25:0,4:193.14:2417604:70.25:0
MCD_122019C155,1:191.78,1:192.62,1:196.89,1:196.7,1.0,1:188.66,1:192.18,1:194.18,1:193.08:4819712:54.95:0,1:193.61:3494627:54.95:0,1:192.64:2735188:54.95:0,1:193.28:2884363:54.95:0,1:195.0:3404937:54.95:0,1:194.0:3166085:54.95:0,1:193.97:2976490:54.95:0,1:194.28:3421469:54.95:0,1:193.44:2910495:54.95:0,1:194.2:2092267:54.95:0,1:192.35:3506185:54.95:0,1:193.14:2417604:54.95:0
MCD_122019C160,1:191.78,1:192.62,1:196.89,3:196.7,3.0,3:188.66,162:192.18,162:194.18,162:193.08:4819712:33.25:50,212:193.61:3494627:33.25:0,212:192.64:2735188:33.65:1,211:193.28:2884363:33.65:0,211:195.0:3404937:33.65:0,211:194.0:3166085:33.65:0,211:193.97:2976490:33.65:0,211:194.28:3421469:34.4:3,214:193.44:2910495:34.4:0,214:194.2:2092267:34.4:0,214:192.35:3506185:32.65:50,264:193.14:2417604:32.65:0
MCD_122019C165,4:191.78,4:192.62,4:196.89,4:196.7,4.0,4:188.66,4:192.18,4:194.18,4:193.08:4819712:47.54:0,4:193.61:3494627:47.54:0,4:192.64:2735188:47.54:0,4:193.28:2884363:47.54:0,4:195.0:3404937:47.54:0,4:194.0:3166085:47.54:0,4:193.97:2976490:47.54:0,4:194.28:3421469:47.54:0,4:193.44:2910495:47.54:0,4:194.2:2092267:47.54:0,4:192.35:3506185:47.54:0,4:193.14:2417604:47.54:0
MCD_122019C170,11:191.78,20:192.62,53:196.89,55:196.7,54.0,54:188.66,79:192.18,75:194.18,67:193.08:4819712:23.4:12,79:193.61:3494627:23.95:5,74:192.64:2735188:22.85:5,79:193.28:2884363:22.85:0,79:195.0:3404937:22.85:0,79:194.0:3166085:22.85:0,79:193.97:2976490:22.85:0,79:194.28:3421469:22.85:0,79:193.44:2910495:23.74:3,76:194.2:2092267:23.74:0,76:192.35:3506185:23.74:0,[76:193.14:2417604:22.72:1
MCD_122019C175,29:191.78,81:192.62,84:196.89,82:196.7,82.0,82:188.66,84:192.18,85:194.18,88:193.08:4819712:18.1:3,91:193.61:3494627:18.59:7,91:192.64:2735188:18.59:0,91:193.28:2884363:18.35:3,92:195.0:3404937:19.25:1,93:194.0:3166085:18.78:6,95:193.97:2976490:18.78:0,95:194.28:3421469:18.78:0,95:193.44:2910495:18.78:0,95:194.2:2092267:18.78:0,95:192.35:3506185:18.75:4,[95:193.14:2417604:18.75:0
MCD_122019C180,38:191.78,141:192.62,142:196.89,91:196.7,91.0,101:188.66,191:192.18,221:194.18,212:193.08:4819712:13.35:22,213:193.61:3494627:14.03:10,215:192.64:2735188:13.9:1,216:193.28:2884363:13.75:1,217:195.0:3404937:15.1:10,209:194.0:3166085:14.46:5,209:193.97:2976490:14.12:1,208:194.28:3421469:14.5:3,209:193.44:2910495:14.5:0,209:194.2:2092267:14.8:10,199:192.35:3506185:14.43:1,[199:193.14:2417604:14.43:0
MCD_122019C185,136:191.78,262:192.62,267:196.89,275:196.7,274.0,290:188.66,678:192.18,546:194.18,530:193.08:4819712:8.79:42,531:193.61:3494627:9.56:4,533:192.64:2735188:8.61:20,547:193.28:2884363:8.94:13,556:195.0:3404937:10.5:17,555:194.0:3166085:9.23:5,555:193.97:2976490:9.0:43,547:194.28:3421469:9.65:23,544:193.44:2910495:9.3:9,545:194.2:2092267:9.27:9,543:192.35:3506185:7.9:14,[553:193.14:2417604:8.12:4
MCD_122019C190,294:191.78,443:192.62,401:196.89,425:196.7,459.0,559:188.66,1930:192.18,1994:194.18,1908:193.08:4819712:5.5:583,1940:193.61:3494627:5.75:316,1935:192.64:2735188:4.95:126,2001:193.28:2884363:5.25:36,2002:195.0:3404937:6.4:150,1955:194.0:3166085:5.75:152,1997:193.97:2976490:5.15:167,1984:194.28:3421469:5.45:110,1976:193.44:2910495:5.15:217,1871:194.2:2092267:5.3:238,1768:192.35:3506185:3.9:132,[1817:193.14:2417604:4.05:254
MCD_122019C195,488:191.78,1670:192.62,2041:196.89,1556:196.7,1582.0,1747:188.66,3039:192.18,3015:194.18,2865:193.08:4819712:2.85:1053,3095:193.61:3494627:3.0:521,3066:192.64:2735188:2.5:351,3152:193.28:2884363:2.62:587,3366:195.0:3404937:3.24:949,3186:194.0:3166085:2.73:746,3389:193.97:2976490:2.32:465,3372:194.28:3421469:2.54:995,3517:193.44:2910495:2.1:1120,3881:194.2:2092267:2.35:774,3874:192.35:3506185:1.57:840,[3997:193.14:2417604:1.58:363
MCD_122019C200,1984:191.78,2903:192.62,3228:196.89,3429:196.7,3767.0,4207:188.66,5996:192.18,6390:194.18,6756:193.08:4819712:1.28:1387,7056:193.61:3494627:1.37:657,7308:192.64:2735188:1.12:706,7447:193.28:2884363:1.13:764,7919:195.0:3404937:1.41:619,8087:194.0:3166085:1.18:942,8652:193.97:2976490:0.86:808,9025:194.28:3421469:0.97:904,9213:193.44:2910495:0.75:657,9366:194.2:2092267:0.84:801,9543:192.35:3506185:0.52:1306,[9926:193.14:2417604:0.47:979
MCD_122019C210,4149:191.78,6200:192.62,7113:196.89,7192:196.7,7358.0,8120:188.66,8720:192.18,8703:194.18,8891:193.08:4819712:0.25:854,9174:193.61:3494627:0.25:199,9147:192.64:2735188:0.22:377,9093:193.28:2884363:0.21:183,9018:195.0:3404937:0.24:996,9572:194.0:3166085:0.2:591,9632:193.97:2976490:0.14:532,9837:194.28:3421469:0.12:443,10066:193.44:2910495:0.11:128,9994:194.2:2092267:0.08:267,10092:192.35:3506185:0.07:595,[9695:193.14:2417604:0.05:123
MCD_122019C220,4570:191.78,5142:192.62,5254:196.89,5386:196.7,5450.0,5472:188.66,5220:192.18,5046:194.18,5088:193.08:4819712:0.09:82,5031:193.61:3494627:0.07:14,5025:192.64:2735188:0.07:106,4949:193.28:2884363:0.05:168,4826:195.0:3404937:0.08:522,5242:194.0:3166085:0.07:199,5248:193.97:2976490:0.04:71,5255:194.28:3421469:0.04:64,5296:193.44:2910495:0.03:38,5259:194.2:2092267:0.02:27,5257:192.35:3506185:0.04:208,5309:193.14:2417604:0.01:12
MCD_122019C230,1712:191.78,1707:192.62,1704:196.89,1704:196.7,1775.0,1765:188.66,1925:192.18,1921:194.18,1921:193.08:4819712:0.03:6,1919:193.61:3494627:0.02:3,1919:192.64:2735188:0.02:0,1919:193.28:2884363:0.02:1,1918:195.0:3404937:0.05:6,1918:194.0:3166085:0.04:3,1918:193.97:2976490:0.02:1,1917:194.28:3421469:0.02:0,1917:193.44:2910495:0.02:0,1917:194.2:2092267:0.02:2,1917:192.35:3506185:0.02:1,1916:193.14:2417604:0.02:0
MCD_122019C240,431:191.78,431:192.62,432:196.89,432:196.7,431.0,425:188.66,427:192.18,427:194.18,427:193.08:4819712:0.03:0,427:193.61:3494627:0.03:0,427:192.64:2735188:0.01:13,427:193.28:2884363:0.01:0,427:195.0:3404937:0.05:1,426:194.0:3166085:0.05:0,426:193.97:2976490:0.05:0,426:194.28:3421469:0.05:0,426:193.44:2910495:0.05:0,426:194.2:2092267:0.05:0,426:192.35:3506185:0.05:0,426:193.14:2417604:0.01:1
MCD_122019C250,318:191.78,318:192.62,318:196.89,318:196.7,318.0,318:188.66,318:192.18,318:194.18,318:193.08:4819712:0.02:0,318:193.61:3494627:0.02:0,318:192.64:2735188:0.01:13,327:193.28:2884363:0.01:0,327:195.0:3404937:0.01:0,327:194.0:3166085:0.01:0,327:193.97:2976490:0.01:0,327:194.28:3421469:0.01:0,327:193.44:2910495:0.01:0,327:194.2:2092267:0.01:0,327:192.35:3506185:0.01:0,327:193.14:2417604:0.01:0
MCD_122019C260,67:191.78,67:192.62,67:196.89,67:196.7,67.0,67:188.66,67:192.18,67:194.18,67:193.08:4819712:0.01:0,67:193.61:3494627:0.01:0,67:192.64:2735188:0.01:0,67:193.28:2884363:0.01:0,67:195.0:3404937:0.01:0,67:194.0:3166085:0.01:0,67:193.97:2976490:0.01:0,67:194.28:3421469:0.01:0,67:193.44:2910495:0.01:0,67:194.2:2092267:0.01:0,67:192.35:3506185:0.01:0,67:193.14:2417604:0.01:0
MCD_122019C270,71:191.78,71:192.62,71:196.89,71:196.7,71.0,71:188.66,71:192.18,71:194.18,71:193.08:4819712:0.01:0,71:193.61:3494627:0.01:0,71:192.64:2735188:0.01:0,71:193.28:2884363:0.01:0,71:195.0:3404937:0.01:0,71:194.0:3166085:0.01:0,71:193.97:2976490:0.01:0,71:194.28:3421469:0.01:0,71:193.44:2910495:0.01:0,71:194.2:2092267:0.01:0,71:192.35:3506185:0.01:0,71:193.14:2417604:0.01:0
MCD_112919C220,0,0,114:196.89,114:196.7,114.0,115:188.66,115:192.18,116:194.18,138:193.08:4819712:0.08:0,138:193.61:3494627:0.08:0,138:192.64:2735188:0.05:3,138:193.28:2884363:0.05:0,138:195.0:3404937:0.05:0,138:194.0:3166085:0.02:5,134:193.97:2976490:0.01:20,144:194.28:3421469:0.01:0,144:193.44:2910495:0.01:0,144:194.2:2092267:0.01:0,144:192.35:3506185:0.01:0,144:193.14:2417604:0.01:0
MCD_120619C220,0,0,3:196.89,8:196.7,8.0,3:188.66,3:192.18,3:194.18,3:193.08:4819712:0.08:0,3:193.61:3494627:0.08:0,3:192.64:2735188:0.12:20,23:193.28:2884363:0.12:0,23:195.0:3404937:0.12:0,23:194.0:3166085:0.12:0,23:193.97:2976490:0.12:0,23:194.28:3421469:0.01:20,43:193.44:2910495:0.01:0,43:194.2:2092267:0.01:0,43:192.35:3506185:0.01:0,43:193.14:2417604:0.01:0
MCD_112219C220,0,0,214:196.89,232:196.7,232.0,232:188.66,229:192.18,228:194.18,220:193.08:4819712:0.03:2,218:193.61:3494627:0.03:0,218:192.64:2735188:0.01:20,198:193.28:2884363:0.01:2,196:195.0:3404937:0.01:3,193:194.0:3166085:0.01:0,193:193.97:2976490:0.01:0,193:194.28:3421469:0.01:0,193:193.44:2910495:0.01:0,193:194.2:2092267:0.01:0,193:192.35:3506185:0.01:0,193:193.14:2417604:0.01:0
MCD_120619C172.5,0,0,0,0:196.7,0.0,0:188.66,0:192.18,0:194.18,0:193.08:4819712:0.0:0,0:193.61:3494627:0.0:0,0:192.64:2735188:0.0:0,0:193.28:2884363:0.0:0,0:195.0:3404937:0.0:0,0:194.0:3166085:0.0:0,0:193.97:2976490:0.0:0,0:194.28:3421469:0.0:0,0:193.44:2910495:0.0:0,0:194.2:2092267:0.0:0,0:192.35:3506185:0.0:0,[0:193.14:2417604:0.0:0
MCD_112219C172.5,0,0,0,0:196.7,0.0,0:188.66,0:192.18,0:194.18,0:193.08:4819712:20.1:10,10:193.61:3494627:20.1:0,10:192.64:2735188:20.1:0,10:193.28:2884363:20.1:0,10:195.0:3404937:20.1:0,10:194.0:3166085:20.1:0,10:193.97:2976490:20.1:0,10:194.28:3421469:21.9:10,20:193.44:2910495:21.9:0,20:194.2:2092267:21.9:0,20:192.35:3506185:21.9:0,[20:193.14:2417604:21.9:0
MCD_121319C190,0,0,0,0:196.7,0.0,1:188.66,215:192.18,220:194.18,210:193.08:4819712:5.3:5,214:193.61:3494627:5.55:1,215:192.64:2735188:4.96:13,223:193.28:2884363:5.15:7,222:195.0:3404937:6.05:7,219:194.0:3166085:6.25:2,219:193.97:2976490:4.76:2,219:194.28:3421469:5.15:6,222:193.44:2910495:4.55:70,224:194.2:2092267:4.77:50,226:192.35:3506185:3.6:5,[225:193.14:2417604:3.57:11
MCD_121319C215,0,0,0,0:196.7,20.0,20:188.66,20:192.18,20:194.18,20:193.08:4819712:0.13:0,20:193.61:3494627:0.13:0,20:192.64:2735188:0.13:0,20:193.28:2884363:0.13:1,21:195.0:3404937:0.07:1,22:194.0:3166085:0.07:0,22:193.97:2976490:0.07:0,22:194.28:3421469:0.07:0,22:193.44:2910495:0.07:0,22:194.2:2092267:0.07:0,22:192.35:3506185:0.07:0,[22:193.14:2417604:0.07:0
MCD_121319C172.5,0,0,0,0:196.7,0.0,0:188.66,2:192.18,2:194.18,2:193.08:4819712:17.34:0,2:193.61:3494627:17.34:0,2:192.64:2735188:17.34:0,2:193.28:2884363:17.34:0,2:195.0:3404937:17.34:0,2:194.0:3166085:17.34:0,2:193.97:2976490:17.34:0,2:194.28:3421469:17.34:0,2:193.44:2910495:17.34:0,2:194.2:2092267:17.34:0,2:192.35:3506185:17.34:0,[2:193.14:2417604:17.34:0
MCD_121319C187.5,0,0,0,0:196.7,1.0,2:188.66,57:192.18,67:194.18,67:193.08:4819712:7.0:1,67:193.61:3494627:7.41:2,67:192.64:2735188:7.41:0,67:193.28:2884363:6.83:3,67:195.0:3404937:6.83:0,67:194.0:3166085:8.15:1,67:193.97:2976490:8.15:0,67:194.28:3421469:8.15:0,67:193.44:2910495:8.15:0,67:194.2:2092267:8.15:0,67:192.35:3506185:5.4:4,[69:193.14:2417604:5.67:4
MCD_121319C202.5,0,0,0,0:196.7,140.0,163:188.66,190:192.18,200:194.18,201:193.08:4819712:0.6:33,220:193.61:3494627:0.65:670,852:192.64:2735188:0.44:22,854:193.28:2884363:0.53:13,855:195.0:3404937:0.59:16,864:194.0:3166085:0.45:18,872:193.97:2976490:0.29:8,873:194.28:3421469:0.4:27,898:193.44:2910495:0.27:12,887:194.2:2092267:0.29:30,864:192.35:3506185:0.15:122,[776:193.14:2417604:0.11:12
MCD_121319C195,0,0,0,0:196.7,0.0,6:188.66,301:192.18,306:194.18,239:193.08:4819712:2.47:96,290:193.61:3494627:2.65:27,309:192.64:2735188:2.14:42,317:193.28:2884363:2.3:46,326:195.0:3404937:2.82:112,383:194.0:3166085:2.46:106,462:193.97:2976490:2.0:86,466:194.28:3421469:2.14:196,496:193.44:2910495:1.78:258,578:194.2:2092267:2.0:212,623:192.35:3506185:1.2:141,[681:193.14:2417604:1.11:167
MCD_121319C220,0,0,0,0:196.7,0.0,0:188.66,0:192.18,0:194.18,0:193.08:4819712:0.0:0,0:193.61:3494627:0.0:0,0:192.64:2735188:0.13:20,20:193.28:2884363:0.13:0,20:195.0:3404937:0.13:0,20:194.0:3166085:0.13:0,20:193.97:2976490:0.13:0,20:194.28:3421469:0.13:0,20:193.44:2910495:0.13:0,20:194.2:2092267:0.13:0,20:192.35:3506185:0.13:0,20:193.14:2417604:0.13:0
MCD_121319C197.5,0,0,0,0:196.7,34.0,114:188.66,269:192.18,205:194.18,179:193.08:4819712:1.65:196,286:193.61:3494627:1.73:37,283:192.64:2735188:1.35:15,290:193.28:2884363:1.38:5,294:195.0:3404937:1.79:54,334:194.0:3166085:1.33:23,350:193.97:2976490:1.16:15,350:194.28:3421469:1.25:116,378:193.44:2910495:1.06:29,374:194.2:2092267:1.08:26,386:192.35:3506185:0.63:31,[389:193.14:2417604:0.55:31
MCD_121319C177.5,0,0,0,0:196.7,0.0,0:188.66,2:192.18,2:194.18,2:193.08:4819712:13.8:0,2:193.61:3494627:13.8:0,2:192.64:2735188:13.8:0,2:193.28:2884363:13.8:0,2:195.0:3404937:13.8:0,2:194.0:3166085:13.8:0,2:193.97:2976490:13.8:0,2:194.28:3421469:13.8:0,2:193.44:2910495:13.8:0,2:194.2:2092267:13.8:0,2:192.35:3506185:13.8:0,[2:193.14:2417604:13.8:0
MCD_121319C217.5,0,0,0,0:196.7,0.0,0:188.66,0:192.18,0:194.18,0:193.08:4819712:0.0:0,0:193.61:3494627:0.0:0,0:192.64:2735188:0.0:0,0:193.28:2884363:0.0:0,0:195.0:3404937:0.0:0,0:194.0:3166085:0.0:0,0:193.97:2976490:0.0:0,0:194.28:3421469:0.0:0,0:193.44:2910495:0.0:0,0:194.2:2092267:0.0:0,0:192.35:3506185:0.0:0,[0:193.14:2417604:0.0:0
MCD_121319C175,0,0,0,0:196.7,0.0,0:188.66,0:192.18,0:194.18,0:193.08:4819712:0.0:0,0:193.61:3494627:0.0:0,0:192.64:2735188:0.0:0,0:193.28:2884363:0.0:0,0:195.0:3404937:0.0:0,0:194.0:3166085:0.0:0,0:193.97:2976490:0.0:0,0:194.28:3421469:0.0:0,0:193.44:2910495:0.0:0,0:194.2:2092267:0.0:0,0:192.35:3506185:0.0:0,[0:193.14:2417604:0.0:0
MCD_121319C200,0,0,0,0:196.7,13.0,26:188.66,170:192.18,222:194.18,227:193.08:4819712:0.98:51,230:193.61:3494627:1.02:52,244:192.64:2735188:0.85:27,248:193.28:2884363:0.86:14,253:195.0:3404937:1.05:23,271:194.0:3166085:0.85:89,323:193.97:2976490:0.56:27,337:194.28:3421469:0.7:64,385:193.44:2910495:0.56:25,393:194.2:2092267:0.57:70,451:192.35:3506185:0.29:71,[483:193.14:2417604:0.24:34
MCD_121319C205,0,0,0,0:196.7,37.0,141:188.66,134:192.18,164:194.18,163:193.08:4819712:0.4:10,170:193.61:3494627:0.42:8,171:192.64:2735188:0.33:17,173:193.28:2884363:0.28:14,176:195.0:3404937:0.38:24,186:194.0:3166085:0.3:60,207:193.97:2976490:0.18:15,212:194.28:3421469:0.22:14,223:193.44:2910495:0.17:4,222:194.2:2092267:0.15:2,234:192.35:3506185:0.1:20,[234:193.14:2417604:0.06:1
MCD_112919C172.5,0,0,0,0:196.7,0.0,0:188.66,0:192.18,0:194.18,0:193.08:4819712:0.0:0,0:193.61:3494627:0.0:0,0:192.64:2735188:0.0:0,0:193.28:2884363:0.0:0,0:195.0:3404937:0.0:0,0:194.0:3166085:0.0:0,0:193.97:2976490:0.0:0,0:194.28:3421469:0.0:0,0:193.44:2910495:0.0:0,0:194.2:2092267:0.0:0,0:192.35:3506185:0.0:0,[0:193.14:2417604:0.0:0
MCD_121319C192.5,0,0,0,0:196.7,0.0,3:188.66,97:192.18,183:194.18,164:193.08:4819712:3.52:153,269:193.61:3494627:3.96:24,291:192.64:2735188:3.22:22,293:193.28:2884363:3.45:34,298:195.0:3404937:4.2:10,297:194.0:3166085:3.33:9,298:193.97:2976490:3.35:3,299:194.28:3421469:3.48:22,295:193.44:2910495:2.88:56,296:194.2:2092267:3.1:69,303:192.35:3506185:2.21:87,[351:193.14:2417604:2.11:36
MCD_121319C182.5,0,0,0,0:196.7,0.0,0:188.66,6:192.18,25:194.18,25:193.08:4819712:12.0:0,25:193.61:3494627:12.0:0,25:192.64:2735188:12.0:0,25:193.28:2884363:12.0:0,25:195.0:3404937:12.0:0,25:194.0:3166085:12.0:0,25:193.97:2976490:12.0:0,25:194.28:3421469:12.0:0,25:193.44:2910495:12.0:0,25:194.2:2092267:12.0:0,25:192.35:3506185:12.0:0,[25:193.14:2417604:12.0:0
MCD_121319C180,0,0,0,0:196.7,0.0,0:188.66,7:192.18,8:194.18,8:193.08:4819712:13.18:1,8:193.61:3494627:13.18:0,8:192.64:2735188:13.18:0,8:193.28:2884363:13.18:0,8:195.0:3404937:14.4:2,6:194.0:3166085:14.4:0,6:193.97:2976490:14.4:0,6:194.28:3421469:14.4:0,6:193.44:2910495:14.4:0,6:194.2:2092267:14.4:0,6:192.35:3506185:14.4:0,[6:193.14:2417604:14.4:0
MCD_121319C185,0,0,0,0:196.7,0.0,0:188.66,35:192.18,34:194.18,36:193.08:4819712:10.15:0,36:193.61:3494627:9.1:3,33:192.64:2735188:8.57:3,33:193.28:2884363:8.57:0,33:195.0:3404937:8.57:0,33:194.0:3166085:8.57:0,33:193.97:2976490:9.25:1,33:194.28:3421469:9.25:0,33:193.44:2910495:9.25:0,33:194.2:2092267:9.25:0,33:192.35:3506185:7.77:1,[33:193.14:2417604:7.77:0
MCD_121319C207.5,0,0,0,0:196.7,8.0,24:188.66,20:192.18,25:194.18,21:193.08:4819712:0.35:0,21:193.61:3494627:0.35:0,21:192.64:2735188:0.21:3,23:193.28:2884363:0.2:11,26:195.0:3404937:0.2:0,26:194.0:3166085:0.21:4,25:193.97:2976490:0.06:1,24:194.28:3421469:0.15:13,22:193.44:2910495:0.08:13,22:194.2:2092267:0.08:0,22:192.35:3506185:0.08:0,[22:193.14:2417604:0.08:0
MCD_121319C212.5,0,0,0,0:196.7,1.0,1:188.66,1:192.18,1:194.18,11:193.08:4819712:0.25:0,11:193.61:3494627:0.14:4,13:192.64:2735188:0.14:0,13:193.28:2884363:0.05:3,16:195.0:3404937:0.11:4,17:194.0:3166085:0.13:26,42:193.97:2976490:0.13:0,42:194.28:3421469:0.13:0,42:193.44:2910495:0.13:0,42:194.2:2092267:0.13:0,42:192.35:3506185:0.13:0,[42:193.14:2417604:0.13:0
MCD_121319C210,0,0,0,0:196.7,0.0,0:188.66,2:192.18,2:194.18,14:193.08:4819712:0.19:24,26:193.61:3494627:0.18:1,27:192.64:2735188:0.12:5,23:193.28:2884363:0.16:1,24:195.0:3404937:0.15:6,26:194.0:3166085:0.1:32,52:193.97:2976490:0.09:7,55:194.28:3421469:0.07:5,55:193.44:2910495:0.06:4,55:194.2:2092267:0.06:0,55:192.35:3506185:0.06:0,[55:193.14:2417604:0.06:0
MCD_121319C170,U,U,U,U,0.0,0:188.66,1:192.18,1:194.18,1:193.08:4819712:22.1:0,1:193.61:3494627:22.1:0,1:192.64:2735188:22.1:0,1:193.28:2884363:22.1:0,1:195.0:3404937:22.1:0,1:194.0:3166085:22.1:0,1:193.97:2976490:22.1:0,1:194.28:3421469:22.1:0,1:193.44:2910495:25.6:5,6:194.2:2092267:23.85:5,6:192.35:3506185:23.85:0,[6:193.14:2417604:23.85:0
MCD_112219C167.5,U,U,U,U,U,0:188.66,0:192.18,0:194.18,0:193.08:4819712:0.0:0,0:193.61:3494627:0.0:0,0:192.64:2735188:0.0:0,0:193.28:2884363:0.0:0,0:195.0:3404937:0.0:0,0:194.0:3166085:0.0:0,0:193.97:2976490:0.0:0,0:194.28:3421469:0.0:0,0:193.44:2910495:0.0:0,0:194.2:2092267:0.0:0,0:192.35:3506185:0.0:0,0:193.14:2417604:0.0:0
MCD_112919C167.5,U,U,U,U,U,0:188.66,0:192.18,0:194.18,0:193.08:4819712:0.0:0,0:193.61:3494627:0.0:0,0:192.64:2735188:0.0:0,0:193.28:2884363:0.0:0,0:195.0:3404937:0.0:0,0:194.0:3166085:0.0:0,0:193.97:2976490:0.0:0,0:194.28:3421469:0.0:0,0:193.44:2910495:0.0:0,0:194.2:2092267:0.0:0,0:192.35:3506185:0.0:0,0:193.14:2417604:0.0:0
MCD_120619C167.5,U,U,U,U,U,0:188.66,0:192.18,0:194.18,0:193.08:4819712:0.0:0,0:193.61:3494627:0.0:0,0:192.64:2735188:0.0:0,0:193.28:2884363:0.0:0,0:195.0:3404937:0.0:0,0:194.0:3166085:0.0:0,0:193.97:2976490:0.0:0,0:194.28:3421469:0.0:0,0:193.44:2910495:0.0:0,0:194.2:2092267:0.0:0,0:192.35:3506185:0.0:0,0:193.14:2417604:0.0:0
MCD_121319C165,U,U,U,U,U,0:188.66,0:192.18,0:194.18,0:193.08:4819712:0.0:0,0:193.61:3494627:0.0:0,0:192.64:2735188:0.0:0,0:193.28:2884363:0.0:0,0:195.0:3404937:0.0:0,0:194.0:3166085:0.0:0,0:193.97:2976490:0.0:0,0:194.28:3421469:0.0:0,0:193.44:2910495:0.0:0,0:194.2:2092267:0.0:0,0:192.35:3506185:0.0:0,0:193.14:2417604:0.0:0
MCD_121319C167.5,U,U,U,U,U,0:188.66,0:192.18,0:194.18,0:193.08:4819712:0.0:0,0:193.61:3494627:0.0:0,0:192.64:2735188:0.0:0,0:193.28:2884363:0.0:0,0:195.0:3404937:0.0:0,0:194.0:3166085:0.0:0,0:193.97:2976490:0.0:0,0:194.28:3421469:0.0:0,0:193.44:2910495:0.0:0,0:194.2:2092267:0.0:0,0:192.35:3506185:0.0:0,0:193.14:2417604:0.0:0
MCD_122019C140,U,U,U,U,U,0:188.66,0:192.18,0:194.18,0:193.08:4819712:0.0:0,0:193.61:3494627:0.0:0,0:192.64:2735188:0.0:0,0:193.28:2884363:0.0:0,0:195.0:3404937:0.0:0,0:194.0:3166085:0.0:0,0:193.97:2976490:0.0:0,0:194.28:3421469:0.0:0,0:193.44:2910495:0.0:0,0:194.2:2092267:0.0:0,0:192.35:3506185:0.0:0,0:193.14:2417604:0.0:0
MCD_122719C170,U,U,U,U,U,U,U,U,0:193.08:4819712:0.0:0,0:193.61:3494627:0.0:0,0:192.64:2735188:0.0:0,0:193.28:2884363:0.0:0,0:195.0:3404937:0.0:0,0:194.0:3166085:0.0:0,0:193.97:2976490:0.0:0,0:194.28:3421469:0.0:0,0:193.44:2910495:0.0:0,0:194.2:2092267:0.0:0,0:192.35:3506185:0.0:0,[0:193.14:2417604:0.0:0
MCD_122719C172.5,U,U,U,U,U,U,U,U,0:193.08:4819712:0.0:0,0:193.61:3494627:0.0:0,0:192.64:2735188:0.0:0,0:193.28:2884363:0.0:0,0:195.0:3404937:0.0:0,0:194.0:3166085:0.0:0,0:193.97:2976490:0.0:0,0:194.28:3421469:0.0:0,0:193.44:2910495:0.0:0,0:194.2:2092267:0.0:0,0:192.35:3506185:0.0:0,[0:193.14:2417604:0.0:0
MCD_122719C175,U,U,U,U,U,U,U,U,0:193.08:4819712:0.0:0,0:193.61:3494627:18.68:2,2:192.64:2735188:18.68:0,2:193.28:2884363:18.68:0,2:195.0:3404937:18.68:0,2:194.0:3166085:18.68:0,2:193.97:2976490:18.68:0,2:194.28:3421469:18.68:0,2:193.44:2910495:18.68:0,2:194.2:2092267:18.68:0,2:192.35:3506185:18.68:0,[2:193.14:2417604:18.68:0
MCD_122719C177.5,U,U,U,U,U,U,U,U,0:193.08:4819712:0.0:0,0:193.61:3494627:0.0:0,0:192.64:2735188:0.0:0,0:193.28:2884363:0.0:0,0:195.0:3404937:0.0:0,0:194.0:3166085:0.0:0,0:193.97:2976490:0.0:0,0:194.28:3421469:0.0:0,0:193.44:2910495:0.0:0,0:194.2:2092267:0.0:0,0:192.35:3506185:0.0:0,[0:193.14:2417604:0.0:0
MCD_122719C180,U,U,U,U,U,U,U,U,0:193.08:4819712:0.0:0,0:193.61:3494627:0.0:0,0:192.64:2735188:0.0:0,0:193.28:2884363:0.0:0,0:195.0:3404937:0.0:0,0:194.0:3166085:0.0:0,0:193.97:2976490:0.0:0,0:194.28:3421469:0.0:0,0:193.44:2910495:0.0:0,0:194.2:2092267:0.0:0,0:192.35:3506185:0.0:0,[0:193.14:2417604:0.0:0
MCD_122719C182.5,U,U,U,U,U,U,U,U,0:193.08:4819712:11.35:1,1:193.61:3494627:11.99:1,2:192.64:2735188:11.99:0,2:193.28:2884363:11.45:1,3:195.0:3404937:12.15:1,2:194.0:3166085:11.7:1,3:193.97:2976490:11.7:0,3:194.28:3421469:11.7:0,3:193.44:2910495:11.7:0,3:194.2:2092267:11.7:0,3:192.35:3506185:10.05:1,[2:193.14:2417604:10.05:0
MCD_122719C185,U,U,U,U,U,U,U,U,0:193.08:4819712:0.0:0,0:193.61:3494627:0.0:0,0:192.64:2735188:8.92:7,7:193.28:2884363:8.92:0,7:195.0:3404937:8.92:0,7:194.0:3166085:10.15:1,8:193.97:2976490:10.15:0,8:194.28:3421469:10.8:1,8:193.44:2910495:8.95:2,9:194.2:2092267:9.6:1,8:192.35:3506185:9.6:0,[8:193.14:2417604:9.6:0
MCD_122719C187.5,U,U,U,U,U,U,U,U,0:193.08:4819712:7.65:1,1:193.61:3494627:7.97:20,21:192.64:2735188:6.9:1,22:193.28:2884363:7.45:1,22:195.0:3404937:7.45:0,22:194.0:3166085:7.45:0,22:193.97:2976490:7.45:0,22:194.28:3421469:8.46:1,21:193.44:2910495:7.15:1,22:194.2:2092267:7.15:0,22:192.35:3506185:6.2:27,[46:193.14:2417604:6.09:4
MCD_122719C190,U,U,U,U,U,U,U,U,0:193.08:4819712:0.0:0,0:193.61:3494627:6.05:17,15:192.64:2735188:5.25:22,33:193.28:2884363:5.65:35,30:195.0:3404937:6.45:11,27:194.0:3166085:5.9:9,27:193.97:2976490:5.4:3,27:194.28:3421469:6.55:3,27:193.44:2910495:5.15:44,71:194.2:2092267:5.15:0,71:192.35:3506185:4.25:39,[89:193.14:2417604:4.4:26
MCD_122719C192.5,U,U,U,U,U,U,U,U,0:193.08:4819712:4.38:1,1:193.61:3494627:4.65:12,13:192.64:2735188:4.08:60,72:193.28:2884363:4.0:8,76:195.0:3404937:4.93:13,68:194.0:3166085:4.12:2,70:193.97:2976490:3.75:9,79:194.28:3421469:4.1:7,76:193.44:2910495:3.95:39,89:194.2:2092267:3.9:17,104:192.35:3506185:2.94:33,[107:193.14:2417604:2.99:2
MCD_122719C195,U,U,U,U,U,U,U,U,0:193.08:4819712:2.89:10,7:193.61:3494627:3.15:33,35:192.64:2735188:2.81:9,44:193.28:2884363:2.84:33,59:195.0:3404937:3.4:25,64:194.0:3166085:3.09:10,67:193.97:2976490:2.53:84,94:194.28:3421469:2.87:112,149:193.44:2910495:2.55:53,153:194.2:2092267:2.66:27,227:192.35:3506185:1.89:172,[283:193.14:2417604:1.92:38
MCD_122719C197.5,U,U,U,U,U,U,U,U,0:193.08:4819712:2.02:7,7:193.61:3494627:2.35:12,18:192.64:2735188:1.95:20,27:193.28:2884363:2.12:1,27:195.0:3404937:2.46:23,43:194.0:3166085:2.17:16,45:193.97:2976490:1.74:27,61:194.28:3421469:1.94:58,96:193.44:2910495:1.6:72,138:194.2:2092267:1.69:48,147:192.35:3506185:1.22:24,[158:193.14:2417604:1.17:135
MCD_122719C200,U,U,U,U,U,U,U,U,0:193.08:4819712:0.0:0,0:193.61:3494627:1.57:15,14:192.64:2735188:1.36:32,41:193.28:2884363:1.32:18,47:195.0:3404937:1.58:50,64:194.0:3166085:1.42:51,108:193.97:2976490:0.99:62,118:194.28:3421469:1.22:268,358:193.44:2910495:1.0:85,359:194.2:2092267:1.04:198,539:192.35:3506185:0.7:214,[608:193.14:2417604:0.65:104
MCD_122719C202.5,U,U,U,U,U,U,U,U,0:193.08:4819712:0.98:5,5:193.61:3494627:1.0:10,15:192.64:2735188:0.95:3,18:193.28:2884363:0.89:42,60:195.0:3404937:1.04:13,70:194.0:3166085:0.91:122,193:193.97:2976490:0.65:6,197:194.28:3421469:0.75:30,226:193.44:2910495:0.65:22,244:194.2:2092267:0.62:7,249:192.35:3506185:0.44:10,[257:193.14:2417604:0.38:8
MCD_122719C205,U,U,U,U,U,U,U,U,0:193.08:4819712:0.0:0,0:193.61:3494627:0.65:7,6:192.64:2735188:0.58:14,19:193.28:2884363:0.56:41,60:195.0:3404937:0.66:13,71:194.0:3166085:0.55:7,77:193.97:2976490:0.42:8,85:194.28:3421469:0.48:64,149:193.44:2910495:0.39:4,151:194.2:2092267:0.34:8,153:192.35:3506185:0.24:5,[155:193.14:2417604:0.09:1
MCD_122719C207.5,U,U,U,U,U,U,U,U,0:193.08:4819712:0.0:0,0:193.61:3494627:0.44:2,2:192.64:2735188:0.44:0,2:193.28:2884363:0.4:1,3:195.0:3404937:0.42:62,65:194.0:3166085:0.36:4,69:193.97:2976490:0.36:0,69:194.28:3421469:0.28:11,70:193.44:2910495:0.26:1,70:194.2:2092267:0.22:1,71:192.35:3506185:0.17:63,[14:193.14:2417604:0.07:2
MCD_122719C210,U,U,U,U,U,U,U,U,0:193.08:4819712:0.0:0,0:193.61:3494627:0.3:1,1:192.64:2735188:0.27:42,41:193.28:2884363:0.25:3,44:195.0:3404937:0.3:17,60:194.0:3166085:0.23:19,61:193.97:2976490:0.2:30,91:194.28:3421469:0.25:2,93:193.44:2910495:0.13:1,93:194.2:2092267:0.13:0,93:192.35:3506185:0.13:0,[93:193.14:2417604:0.13:0
MCD_122719C212.5,U,U,U,U,U,U,U,U,0:193.08:4819712:0.0:0,0:193.61:3494627:0.28:4,4:192.64:2735188:0.28:0,4:193.28:2884363:0.28:0,4:195.0:3404937:0.28:0,4:194.0:3166085:0.28:0,4:193.97:2976490:0.28:0,4:194.28:3421469:0.28:0,4:193.44:2910495:0.28:0,4:194.2:2092267:0.28:0,4:192.35:3506185:0.28:0,[4:193.14:2417604:0.28:0
MCD_122719C215,U,U,U,U,U,U,U,U,0:193.08:4819712:0.0:0,0:193.61:3494627:0.0:0,0:192.64:2735188:0.0:0,0:193.28:2884363:0.0:0,0:195.0:3404937:0.0:0,0:194.0:3166085:0.0:0,0:193.97:2976490:0.0:0,0:194.28:3421469:0.0:0,0:193.44:2910495:0.0:0,0:194.2:2092267:0.0:0,0:192.35:3506185:0.0:0,[0:193.14:2417604:0.0:0
MCD_122719C217.5,U,U,U,U,U,U,U,U,0:193.08:4819712:0.0:0,0:193.61:3494627:0.0:0,0:192.64:2735188:0.0:0,0:193.28:2884363:0.0:0,0:195.0:3404937:0.0:0,0:194.0:3166085:0.0:0,0:193.97:2976490:0.0:0,0:194.28:3421469:0.0:0,0:193.44:2910495:0.0:0,0:194.2:2092267:0.0:0,0:192.35:3506185:0.0:0,[0:193.14:2417604:0.0:0
MCD_011720C145,U,U,U,U,U,U,U,U,U,U,U,U,U,26:194.0:3166085:66.0:0,26:193.97:2976490:66.0:0,26:194.28:3421469:66.0:0,26:193.44:2910495:66.0:0,26:194.2:2092267:66.0:0,26:192.35:3506185:66.0:0,[26:193.14:2417604:66.0:0
MCD_011720C150,U,U,U,U,U,U,U,U,U,U,U,U,U,56:194.0:3166085:44.25:0,56:193.97:2976490:44.25:0,56:194.28:3421469:44.25:0,56:193.44:2910495:44.25:0,56:194.2:2092267:44.25:0,56:192.35:3506185:44.25:0,[56:193.14:2417604:44.25:0
MCD_011720C155,U,U,U,U,U,U,U,U,U,U,U,U,U,78:194.0:3166085:39.0:0,78:193.97:2976490:39.0:0,78:194.28:3421469:40.5:1,77:193.44:2910495:40.5:0,77:194.2:2092267:40.5:0,77:192.35:3506185:40.5:0,[77:193.14:2417604:40.5:0
MCD_011720C160,U,U,U,U,U,U,U,U,U,U,U,U,U,172:194.0:3166085:34.4:50,222:193.97:2976490:34.2:50,271:194.28:3421469:34.2:0,271:193.44:2910495:34.0:2,269:194.2:2092267:34.0:0,269:192.35:3506185:34.0:0,[269:193.14:2417604:34.0:0
MCD_011720C165,U,U,U,U,U,U,U,U,U,U,U,U,U,246:194.0:3166085:27.88:0,246:193.97:2976490:29.0:1,246:194.28:3421469:29.6:1,246:193.44:2910495:29.6:0,246:194.2:2092267:29.6:0,246:192.35:3506185:29.6:0,[246:193.14:2417604:29.6:0
MCD_011720C170,U,U,U,U,U,U,U,U,U,U,U,U,U,659:194.0:3166085:25.15:3,659:193.97:2976490:24.3:2,660:194.28:3421469:24.56:65,634:193.44:2910495:24.56:0,634:194.2:2092267:24.68:6,633:192.35:3506185:22.83:1,[633:193.14:2417604:22.83:0
MCD_011720C175,U,U,U,U,U,U,U,U,U,U,U,U,U,1619:194.0:3166085:19.75:0,1619:193.97:2976490:18.7:19,1605:194.28:3421469:20.11:4,1609:193.44:2910495:20.11:0,1609:194.2:2092267:19.9:6,1609:192.35:3506185:17.65:3,[1610:193.14:2417604:18.2:8
MCD_011720C180,U,U,U,U,U,U,U,U,U,U,U,U,U,1179:194.0:3166085:14.9:18,1173:193.97:2976490:14.25:35,1199:194.28:3421469:14.7:38,1200:193.44:2910495:14.5:3,1201:194.2:2092267:15.22:7,1201:192.35:3506185:12.93:7,[1195:193.14:2417604:13.56:4
MCD_011720C185,U,U,U,U,U,U,U,U,U,U,U,U,U,1695:194.0:3166085:10.5:16,1701:193.97:2976490:9.85:40,1705:194.28:3421469:10.7:9,1707:193.44:2910495:9.8:23,1721:194.2:2092267:10.15:26,1718:192.35:3506185:8.75:71,[1773:193.14:2417604:9.0:15
MCD_011720C190,U,U,U,U,U,U,U,U,U,U,U,U,U,3742:194.0:3166085:7.0:123,3747:193.97:2976490:6.45:50,3749:194.28:3421469:6.75:185,3722:193.44:2910495:6.15:34,3721:194.2:2092267:6.6:84,3711:192.35:3506185:5.42:202,[3739:193.14:2417604:5.55:319
MCD_011720C195,U,U,U,U,U,U,U,U,U,U,U,U,U,4589:194.0:3166085:4.2:719,4763:193.97:2976490:3.7:497,4633:194.28:3421469:3.97:814,5002:193.44:2910495:3.55:571,5221:194.2:2092267:3.8:790,5616:192.35:3506185:2.94:599,[6020:193.14:2417604:3.03:349
MCD_011720C200,U,U,U,U,U,U,U,U,U,U,U,U,U,8212:194.0:3166085:2.3:1036,8512:193.97:2976490:1.9:492,8783:194.28:3421469:2.03:1366,9036:193.44:2910495:1.75:833,9505:194.2:2092267:1.89:1048,9686:192.35:3506185:1.38:1160,[9584:193.14:2417604:1.4:624
MCD_011720C210,U,U,U,U,U,U,U,U,U,U,U,U,U,8179:194.0:3166085:0.61:333,8198:193.97:2976490:0.42:606,8434:194.28:3421469:0.44:254,8526:193.44:2910495:0.36:1149,9357:194.2:2092267:0.35:398,9603:192.35:3506185:0.27:308,[9519:193.14:2417604:0.24:179
MCD_011720C220,U,U,U,U,U,U,U,U,U,U,U,U,U,10308:194.0:3166085:0.19:168,10383:193.97:2976490:0.15:1647,11596:194.28:3421469:0.13:404,11751:193.44:2910495:0.1:1130,11466:194.2:2092267:0.1:193,11575:192.35:3506185:0.08:511,[11285:193.14:2417604:0.06:147
MCD_011720C230,U,U,U,U,U,U,U,U,U,U,U,U,U,2610:194.0:3166085:0.08:12,2620:193.97:2976490:0.07:59,2563:194.28:3421469:0.07:30,2535:193.44:2910495:0.04:13,2546:194.2:2092267:0.04:9,2538:192.35:3506185:0.03:10,[2528:193.14:2417604:0.02:2
MCD_011720C240,U,U,U,U,U,U,U,U,U,U,U,U,U,1314:194.0:3166085:0.04:7,1310:193.97:2976490:0.03:1,1309:194.28:3421469:0.03:0,1309:193.44:2910495:0.03:0,1309:194.2:2092267:0.03:0,1309:192.35:3506185:0.01:7,[1309:193.14:2417604:0.01:15
MCD_011720C250,U,U,U,U,U,U,U,U,U,U,U,U,U,1105:194.0:3166085:0.02:0,1105:193.97:2976490:0.02:0,1105:194.28:3421469:0.02:0,1105:193.44:2910495:0.02:0,1105:194.2:2092267:0.01:37,1138:192.35:3506185:0.01:7,[1143:193.14:2417604:0.01:1
MCD_011720C260,U,U,U,U,U,U,U,U,U,U,U,U,U,116:194.0:3166085:0.06:0,116:193.97:2976490:0.06:0,116:194.28:3421469:0.06:0,116:193.44:2910495:0.06:0,116:194.2:2092267:0.06:0,116:192.35:3506185:0.06:0,[116:193.14:2417604:0.06:0
MCD_011720C270,U,U,U,U,U,U,U,U,U,U,U,U,U,U,U,0:194.28:3421469:0.0:0,0:193.44:2910495:0.0:0,0:194.2:2092267:0.0:0,0:192.35:3506185:0.0:0,[0:193.14:2417604:0.0:0
MCD_011720C280,U,U,U,U,U,U,U,U,U,U,U,U,U,U,U,0:194.28:3421469:0.0:0,0:193.44:2910495:0.0:0,0:194.2:2092267:0.0:0,0:192.35:3506185:0.0:0,[0:193.14:2417604:0.0:0
MCD_122019C172.5,U,U,U,U,U,U,U,U,U,U,U,U,U,U,U,0:194.28:3421469:0.0:0,0:193.44:2910495:0.0:0,0:194.2:2092267:0.0:0,0:192.35:3506185:0.0:0,[0:193.14:2417604:0.0:0
MCD_122019C177.5,U,U,U,U,U,U,U,U,U,U,U,U,U,U,U,0:194.28:3421469:0.0:0,0:193.44:2910495:0.0:0,0:194.2:2092267:0.0:0,0:192.35:3506185:0.0:0,[0:193.14:2417604:0.0:0
MCD_122019C182.5,U,U,U,U,U,U,U,U,U,U,U,U,U,U,U,0:194.28:3421469:0.0:0,0:193.44:2910495:0.0:0,0:194.2:2092267:0.0:0,0:192.35:3506185:0.0:0,[0:193.14:2417604:0.0:0
MCD_122019C187.5,U,U,U,U,U,U,U,U,U,U,U,U,U,U,U,0:194.28:3421469:7.54:5,5:193.44:2910495:7.54:0,5:194.2:2092267:7.25:2,7:192.35:3506185:5.65:22,[28:193.14:2417604:6.0:7
MCD_122019C192.5,U,U,U,U,U,U,U,U,U,U,U,U,U,U,U,0:194.28:3421469:3.8:40,37:193.44:2910495:3.39:19,55:194.2:2092267:3.5:61,106:192.35:3506185:2.55:277,[289:193.14:2417604:2.6:163
MCD_122019C197.5,U,U,U,U,U,U,U,U,U,U,U,U,U,U,U,0:194.28:3421469:1.58:105,76:193.44:2910495:1.31:74,130:194.2:2092267:1.41:137,174:192.35:3506185:0.94:98,[238:193.14:2417604:0.88:307
MCD_122019C202.5,U,U,U,U,U,U,U,U,U,U,U,U,U,U,U,0:194.28:3421469:0.54:68,58:193.44:2910495:0.47:18,67:194.2:2092267:0.44:323,181:192.35:3506185:0.3:44,[206:193.14:2417604:0.25:26
MCD_122019C205,U,U,U,U,U,U,U,U,U,U,U,U,U,U,U,0:194.28:3421469:0.32:51,50:193.44:2910495:0.27:51,93:194.2:2092267:0.25:74,153:192.35:3506185:0.17:120,[229:193.14:2417604:0.15:24
MCD_122019C207.5,U,U,U,U,U,U,U,U,U,U,U,U,U,U,U,0:194.28:3421469:0.2:25,18:193.44:2910495:0.17:14,28:194.2:2092267:0.17:0,28:192.35:3506185:0.13:18,[46:193.14:2417604:0.1:5
MCD_122019C212.5,U,U,U,U,U,U,U,U,U,U,U,U,U,U,U,0:194.28:3421469:0.07:20,20:193.44:2910495:0.07:1,21:194.2:2092267:0.07:0,21:192.35:3506185:0.05:1,[22:193.14:2417604:0.05:4
MCD_122019C215,U,U,U,U,U,U,U,U,U,U,U,U,U,U,U,0:194.28:3421469:0.05:1,1:193.44:2910495:0.05:0,1:194.2:2092267:0.05:0,1:192.35:3506185:0.05:0,[1:193.14:2417604:0.05:0
MCD_122019C217.5,U,U,U,U,U,U,U,U,U,U,U,U,U,U,U,0:194.28:3421469:0.05:10,10:193.44:2910495:0.05:0,10:194.2:2092267:0.05:0,10:192.35:3506185:0.05:0,[10:193.14:2417604:0.05:0
MCD_010320C175,U,U,U,U,U,U,U,U,U,U,U,U,U,U,U,U,U,U,0:192.35:3506185:0.0:0,[0:193.14:2417604:0.0:0
MCD_010320C165,U,U,U,U,U,U,U,U,U,U,U,U,U,U,U,U,U,U,0:192.35:3506185:0.0:0,0:193.14:2417604:0.0:0
MCD_010320C202.5,U,U,U,U,U,U,U,U,U,U,U,U,U,U,U,U,U,U,0:192.35:3506185:0.0:0,[0:193.14:2417604:0.0:0
MCD_010320C177.5,U,U,U,U,U,U,U,U,U,U,U,U,U,U,U,U,U,U,0:192.35:3506185:0.0:0,[0:193.14:2417604:0.0:0
MCD_010320C200,U,U,U,U,U,U,U,U,U,U,U,U,U,U,U,U,U,U,0:192.35:3506185:0.93:25,[25:193.14:2417604:0.87:82
MCD_010320C207.5,U,U,U,U,U,U,U,U,U,U,U,U,U,U,U,U,U,U,0:192.35:3506185:0.0:0,[0:193.14:2417604:0.2:2
MCD_010320C185,U,U,U,U,U,U,U,U,U,U,U,U,U,U,U,U,U,U,0:192.35:3506185:9.31:1,[1:193.14:2417604:9.31:0
MCD_010320C170,U,U,U,U,U,U,U,U,U,U,U,U,U,U,U,U,U,U,0:192.35:3506185:0.0:0,[0:193.14:2417604:0.0:0
MCD_010320C190,U,U,U,U,U,U,U,U,U,U,U,U,U,U,U,U,U,U,0:192.35:3506185:4.75:1,[1:193.14:2417604:4.75:0
MCD_010320C212.5,U,U,U,U,U,U,U,U,U,U,U,U,U,U,U,U,U,U,0:192.35:3506185:0.0:0,[0:193.14:2417604:0.0:0
MCD_122719C165,U,U,U,U,U,U,U,U,U,U,U,U,U,U,U,U,U,U,0:192.35:3506185:0.0:0,0:193.14:2417604:0.0:0
MCD_010320C187.5,U,U,U,U,U,U,U,U,U,U,U,U,U,U,U,U,U,U,0:192.35:3506185:0.0:0,[0:193.14:2417604:0.0:0
MCD_010320C197.5,U,U,U,U,U,U,U,U,U,U,U,U,U,U,U,U,U,U,0:192.35:3506185:0.0:0,[0:193.14:2417604:1.54:116
MCD_010320C182.5,U,U,U,U,U,U,U,U,U,U,U,U,U,U,U,U,U,U,0:192.35:3506185:0.0:0,[0:193.14:2417604:0.0:0
MCD_010320C172.5,U,U,U,U,U,U,U,U,U,U,U,U,U,U,U,U,U,U,0:192.35:3506185:0.0:0,[0:193.14:2417604:0.0:0
MCD_010320C180,U,U,U,U,U,U,U,U,U,U,U,U,U,U,U,U,U,U,0:192.35:3506185:0.0:0,[0:193.14:2417604:0.0:0
MCD_010320C195,U,U,U,U,U,U,U,U,U,U,U,U,U,U,U,U,U,U,0:192.35:3506185:2.25:5,[5:193.14:2417604:2.3:11
MCD_010320C210,U,U,U,U,U,U,U,U,U,U,U,U,U,U,U,U,U,U,0:192.35:3506185:0.0:0,[0:193.14:2417604:0.2:1
MCD_010320C215,U,U,U,U,U,U,U,U,U,U,U,U,U,U,U,U,U,U,0:192.35:3506185:0.0:0,[0:193.14:2417604:0.0:0
MCD_010320C205,U,U,U,U,U,U,U,U,U,U,U,U,U,U,U,U,U,U,0:192.35:3506185:0.0:0,[0:193.14:2417604:0.0:0
MCD_010320C192.5,U,U,U,U,U,U,U,U,U,U,U,U,U,U,U,U,U,U,0:192.35:3506185:3.3:3,[3:193.14:2417604:3.3:1
MCD_010320C217.5,U,U,U,U,U,U,U,U,U,U,U,U,U,U,U,U,U,U,U,0:193.14:2417604:0.0:0
