Symbol,20191029,20191030,20191031,20191101,20191104,20191105,20191106,20191107,20191108,20191111,20191112,20191113,20191114,20191115,20191118,20191119,20191120
MRK_112219C80.5,8:85.1,4:86.22,4:86.66,4.0,4:83.9,4:82.92,14:83.25,20:82.88:8826647:2.77:92,105:83.59:6322300:2.77:0,105:83.28:3459151:2.77:0,105:84.12:8104363:2.77:0,U:114.62:359207::,105:84.55:7530698:2.77:0,105:84.9:9017700:2.77:0,105:84.13:10211803:2.77:0,105:84.65:9247540:4.0:1,106:85.17:4403882:4.7:16
MRK_112219C81,8:85.1,7:86.22,7:86.66,7.0,7:83.9,7:82.92,11:83.25,11:82.88:8826647:2.74:1,12:83.59:6322300:2.82:1,12:83.28:3459151:2.46:4,15:84.12:8104363:2.95:1,14:114.62:359207:4.1:4,10:84.55:7530698:3.75:2,8:84.9:9017700:4.05:1,8:84.13:10211803:3.27:2,8:84.65:9247540:3.8:3,8:85.17:4403882:4.1:12
MRK_112219C81.5,51:85.1,47:86.22,42:86.66,42.0,42:83.9,42:82.92,42:83.25,42:82.88:8826647:5.05:0,42:83.59:6322300:5.05:0,42:83.28:3459151:5.05:0,42:84.12:8104363:5.05:0,42:114.62:359207:3.45:24,57:84.55:7530698:3.45:0,57:84.9:9017700:3.45:0,57:84.13:10211803:2.6:2,58:84.65:9247540:3.35:2,58:85.17:4403882:3.35:0
MRK_112219C82,78:85.1,31:86.22,31:86.66,33.0,33:83.9,33:82.92,34:83.25,39:82.88:8826647:2.5:1,39:83.59:6322300:2.03:1,40:83.28:3459151:1.7:10,42:84.12:8104363:1.7:0,42:114.62:359207:3.0:1,41:84.55:7530698:2.21:3,43:84.9:9017700:3.1:2,42:84.13:10211803:2.19:2,41:84.65:9247540:2.24:1,41:85.17:4403882:3.0:5
MRK_112219C82.5,72:85.1,71:86.22,70:86.66,70.0,70:83.9,70:82.92,89:83.25,88:82.88:8826647:1.36:81,179:83.59:6322300:1.65:222,222:83.28:3459151:1.37:30,222:84.12:8104363:2.19:101,241:114.62:359207:2.19:0,241:84.55:7530698:2.0:6,243:84.9:9017700:2.69:1,243:84.13:10211803:1.73:9,242:84.65:9247540:2.34:3,243:85.17:4403882:2.66:7
MRK_112219C83,33:85.1,30:86.22,35:86.66,35.0,36:83.9,42:82.92,61:83.25,134:82.88:8826647:1.15:9,134:83.59:6322300:1.15:0,134:83.28:3459151:1.08:31,153:84.12:8104363:1.77:57,162:114.62:359207:2.3:17,169:84.55:7530698:1.86:103,198:84.9:9017700:2.1:31,188:84.13:10211803:1.45:88,187:84.65:9247540:1.4:33,194:85.17:4403882:2.1:40
MRK_112219C83.5,61:85.1,61:86.22,62:86.66,70.0,70:83.9,70:82.92,87:83.25,105:82.88:8826647:0.85:96,170:83.59:6322300:1.07:169,239:83.28:3459151:0.81:301,529:84.12:8104363:1.68:24,515:114.62:359207:1.8:14,513:84.55:7530698:1.55:125,523:84.9:9017700:1.78:49,506:84.13:10211803:1.13:3,507:84.65:9247540:1.48:122,461:85.17:4403882:1.63:21
MRK_112219C84,41:85.1,122:86.22,117:86.66,117.0,117:83.9,123:82.92,251:83.25,263:82.88:8826647:0.64:29,275:83.59:6322300:0.83:72,290:83.28:3459151:0.62:120,316:84.12:8104363:1.11:193,311:114.62:359207:1.43:135,322:84.55:7530698:1.15:234,485:84.9:9017700:1.34:29,495:84.13:10211803:0.73:205,637:84.65:9247540:0.99:222,677:85.17:4403882:1.3:64
MRK_112219C84.5,60:85.1,52:86.22,50:86.66,51.0,51:83.9,51:82.92,65:83.25,88:82.88:8826647:0.58:25,87:83.59:6322300:0.58:88,132:83.28:3459151:0.45:54,161:84.12:8104363:0.87:89,204:114.62:359207:1.07:38,180:84.55:7530698:0.8:84,235:84.9:9017700:0.99:91,201:84.13:10211803:0.47:402,338:84.65:9247540:0.66:646,418:85.17:4403882:0.88:249
MRK_112219C85,344:85.1,331:86.22,285:86.66,284.0,285:83.9,287:82.92,300:83.25,301:82.88:8826647:0.37:64,303:83.59:6322300:0.47:150,331:83.28:3459151:0.31:22,335:84.12:8104363:0.52:131,402:114.62:359207:0.82:586,840:84.55:7530698:0.61:304,1016:84.9:9017700:0.74:303,995:84.13:10211803:0.3:243,1134:84.65:9247540:0.44:669,1243:85.17:4403882:0.6:462
MRK_112219C85.5,101:85.1,112:86.22,111:86.66,111.0,114:83.9,134:82.92,141:83.25,153:82.88:8826647:0.27:9,166:83.59:6322300:0.3:2,168:83.28:3459151:0.22:15,180:84.12:8104363:0.42:73,199:114.62:359207:0.66:21,220:84.55:7530698:0.45:47,227:84.9:9017700:0.54:137,329:84.13:10211803:0.16:122,403:84.65:9247540:0.25:283,442:85.17:4403882:0.35:260
MRK_112219C86,112:85.1,125:86.22,153:86.66,133.0,133:83.9,132:82.92,140:83.25,144:82.88:8826647:0.24:9,147:83.59:6322300:0.3:2,149:83.28:3459151:0.17:42,153:84.12:8104363:0.3:58,177:114.62:359207:0.47:37,194:84.55:7530698:0.19:37,193:84.9:9017700:0.36:486,555:84.13:10211803:0.08:170,645:84.65:9247540:0.13:309,797:85.17:4403882:0.19:694
MRK_112219C86.5,19:85.1,215:86.22,288:86.66,327.0,383:83.9,353:82.92,352:83.25,347:82.88:8826647:0.14:114,404:83.59:6322300:0.18:2,402:83.28:3459151:0.12:131,511:84.12:8104363:0.23:201,U:114.62:359207:.8:,456:84.55:7530698:0.2:65,472:84.9:9017700:0.2:62,482:84.13:10211803:0.05:384,830:84.65:9247540:0.07:42,854:85.17:4403882:0.09:159
MRK_112219C87,20:85.1,23:86.22,27:86.66,30.0,209:83.9,225:82.92,225:83.25,262:82.88:8826647:0.22:0,262:83.59:6322300:0.22:0,262:83.28:3459151:0.1:14,276:84.12:8104363:0.15:3,279:114.62:359207:0.2:48,291:84.55:7530698:0.09:2,289:84.9:9017700:0.2:44,295:84.13:10211803:0.03:26,287:84.65:9247540:0.04:41,324:85.17:4403882:0.05:27
MRK_112219C87.5,227:85.1,228:86.22,229:86.66,229.0,252:83.9,254:82.92,254:83.25,254:82.88:8826647:0.09:106,243:83.59:6322300:0.09:1,242:83.28:3459151:0.05:36,273:84.12:8104363:0.12:298,U:114.62:359207::,466:84.55:7530698:0.05:22,480:84.9:9017700:0.09:9,483:84.13:10211803:0.01:100,545:84.65:9247540:0.03:81,545:85.17:4403882:0.03:0
MRK_112219C88,164:85.1,260:86.22,256:86.66,349.0,356:83.9,388:82.92,388:83.25,392:82.88:8826647:0.12:0,392:83.59:6322300:0.05:11,382:83.28:3459151:0.05:1,381:84.12:8104363:0.05:67,344:114.62:359207:0.06:1,345:84.55:7530698:0.04:37,331:84.9:9017700:0.09:1,330:84.13:10211803:0.02:16,330:84.65:9247540:0.02:0,330:85.17:4403882:0.02:0
MRK_112219C88.5,202:85.1,203:86.22,206:86.66,211.0,208:83.9,626:82.92,624:83.25,646:82.88:8826647:0.07:0,646:83.59:6322300:0.05:10,656:83.28:3459151:0.05:0,656:84.12:8104363:0.05:1,655:114.62:359207:0.05:5,655:84.55:7530698:0.03:3,652:84.9:9017700:0.03:10,662:84.13:10211803:0.03:0,662:84.65:9247540:0.03:0,662:85.17:4403882:0.03:0
MRK_112219C90,86:85.1,94:86.22,92:86.66,93.0,97:83.9,378:82.92,378:83.25,378:82.88:8826647:0.64:0,378:83.59:6322300:0.64:0,378:83.28:3459151:0.64:0,378:84.12:8104363:0.64:0,378:114.62:359207:0.64:0,378:84.55:7530698:0.64:0,378:84.9:9017700:0.64:0,U:84.13:10211803::,378:84.65:9247540:0.01:1,378:85.17:4403882:0.01:0
MRK_112219C91,23:85.1,23:86.22,23:86.66,23.0,23:83.9,23:82.92,23:83.25,23:82.88:8826647:0.04:0,23:83.59:6322300:0.04:0,23:83.28:3459151:0.04:0,23:84.12:8104363:0.04:0,23:114.62:359207:0.04:0,23:84.55:7530698:0.04:0,23:84.9:9017700:0.04:0,U:84.13:10211803::,23:84.65:9247540:0.04:0,23:85.17:4403882:0.04:0
MRK_112219C95,25:85.1,25:86.22,25:86.66,25.0,25:83.9,25:82.92,25:83.25,25:82.88:8826647:0.02:0,25:83.59:6322300:0.02:0,25:83.28:3459151:0.02:0,25:84.12:8104363:0.02:0,25:114.62:359207:1.78:0:114.62:359207:0.02:0,25:84.55:7530698:0.02:0,25:84.9:9017700:0.02:0,25:84.13:10211803:0.02:0,25:84.65:9247540:0.02:0,25:85.17:4403882:0.02:0
MRK_112919C80.5,3:85.1,3:86.22,3:86.66,3.0,3:83.9,3:82.92,3:83.25,3:82.88:8826647:5.25:0,3:83.59:6322300:3.3:1,4:83.28:3459151:3.3:0,4:84.12:8104363:3.3:0,U:114.62:359207::,4:84.55:7530698:3.3:0,4:84.9:9017700:3.3:0,4:84.13:10211803:3.3:0,4:84.65:9247540:5.25:0,4:85.17:4403882:5.25:0
MRK_112919C81,2:85.1,3:86.22,3:86.66,3.0,3:83.9,3:82.92,3:83.25,3:82.88:8826647:3.05:0,3:83.59:6322300:2.93:1,2:83.28:3459151:2.93:0,2:84.12:8104363:2.93:0,2:114.62:359207:2.93:0,2:84.55:7530698:2.93:0,2:84.9:9017700:2.93:0,2:84.13:10211803:2.93:0,2:84.65:9247540:4.0:1,1:85.17:4403882:4.0:0
MRK_112919C81.5,18:85.1,16:86.22,10:86.66,10.0,10:83.9,10:82.92,10:83.25,14:82.88:8826647:3.05:0,33:83.59:6322300:3.05:0,33:83.28:3459151:3.05:0,33:84.12:8104363:3.05:4,33:114.62:359207:3.05:0,33:84.55:7530698:3.05:0,33:84.9:9017700:3.05:0,33:84.13:10211803:3.05:0,33:84.65:9247540:3.05:0,33:85.17:4403882:3.05:0
MRK_112919C82,198:85.1,200:86.22,200:86.66,200.0,200:83.9,200:82.92,205:83.25,205:82.88:8826647:2.22:0,205:83.59:6322300:2.22:0,205:83.28:3459151:2.22:0,205:84.12:8104363:2.22:0,205:114.62:359207:2.22:0,205:84.55:7530698:2.68:10,215:84.9:9017700:3.25:7,202:84.13:10211803:3.25:0,202:84.65:9247540:2.64:1,202:85.17:4403882:2.64:0
MRK_112919C82.5,260:85.1,261:86.22,250:86.66,250.0,246:83.9,276:82.92,276:83.25,276:82.88:8826647:1.87:2,274:83.59:6322300:1.87:0,274:83.28:3459151:1.87:0,274:84.12:8104363:1.87:0,274:114.62:359207:2.44:1,273:84.55:7530698:2.44:0,273:84.9:9017700:2.44:0,273:84.13:10211803:2.09:25,275:84.65:9247540:1.97:3,272:85.17:4403882:1.97:0
MRK_112919C83,61:85.1,61:86.22,67:86.66,66.0,69:83.9,72:82.92,79:83.25,94:82.88:8826647:1.25:65,142:83.59:6322300:1.51:59,148:83.28:3459151:1.28:60,188:84.12:8104363:2.17:81,157:114.62:359207:2.5:3,154:84.55:7530698:2.5:0,154:84.9:9017700:2.36:12,146:84.13:10211803:1.72:12,157:84.65:9247540:1.79:68,174:85.17:4403882:2.46:6
MRK_112919C83.5,41:85.1,57:86.22,61:86.66,60.0,61:83.9,61:82.92,61:83.25,70:82.88:8826647:1.04:7,72:83.59:6322300:1.15:95,147:83.28:3459151:1.04:42,179:84.12:8104363:1.36:13,168:114.62:359207:2.12:10,163:84.55:7530698:1.59:3,166:84.9:9017700:1.98:29,165:84.13:10211803:1.34:22,163:84.65:9247540:1.37:12,153:85.17:4403882:1.63:1
MRK_112919C84,79:85.1,100:86.22,105:86.66,102.0,99:83.9,102:82.92,233:83.25,172:82.88:8826647:0.84:415,518:83.59:6322300:0.9:427,532:83.28:3459151:0.79:68,554:84.12:8104363:1.33:82,576:114.62:359207:1.75:45,545:84.55:7530698:1.3:8,548:84.9:9017700:1.63:57,536:84.13:10211803:1.05:73,605:84.65:9247540:1.23:81,599:85.17:4403882:1.6:33
MRK_112919C84.5,10:85.1,28:86.22,25:86.66,25.0,25:83.9,26:82.92,26:83.25,44:82.88:8826647:0.69:57,69:83.59:6322300:0.85:24,84:83.28:3459151:0.63:175,258:84.12:8104363:0.98:317,308:114.62:359207:1.3:63,291:84.55:7530698:1.12:153,365:84.9:9017700:1.22:17,348:84.13:10211803:0.76:139,483:84.65:9247540:1.02:110,491:85.17:4403882:1.28:96
MRK_112919C85,138:85.1,171:86.22,171:86.66,171.0,172:83.9,230:82.92,256:83.25,360:82.88:8826647:0.51:152,328:83.59:6322300:0.66:23,350:83.28:3459151:0.53:17,367:84.12:8104363:0.72:221,501:114.62:359207:1.17:97,447:84.55:7530698:0.74:24,466:84.9:9017700:0.96:107,448:84.13:10211803:0.54:168,544:84.65:9247540:0.73:542,759:85.17:4403882:0.97:192
MRK_112919C85.5,22:85.1,41:86.22,45:86.66,45.0,50:83.9,111:82.92,163:83.25,181:82.88:8826647:0.36:227,371:83.59:6322300:0.52:58,378:83.28:3459151:0.36:77,444:84.12:8104363:0.57:107,427:114.62:359207:0.92:36,434:84.55:7530698:0.52:11,445:84.9:9017700:0.73:104,527:84.13:10211803:0.35:11,528:84.65:9247540:0.51:224,548:85.17:4403882:0.73:126
MRK_112919C86,296:85.1,230:86.22,230:86.66,231.0,246:83.9,269:82.92,268:83.25,282:82.88:8826647:0.45:1,282:83.59:6322300:0.45:0,282:83.28:3459151:0.45:0,282:84.12:8104363:0.5:25,302:114.62:359207:0.69:20,302:84.55:7530698:0.52:33,334:84.9:9017700:0.56:16,334:84.13:10211803:0.29:20,336:84.65:9247540:0.39:35,348:85.17:4403882:0.45:128
MRK_112919C86.5,59:85.1,632:86.22,632:86.66,620.0,619:83.9,619:82.92,620:83.25,620:82.88:8826647:0.45:0,620:83.59:6322300:0.24:4,617:83.28:3459151:0.2:21,634:84.12:8104363:0.4:140,774:114.62:359207:0.44:35,783:84.55:7530698:0.27:15,792:84.9:9017700:0.4:44,808:84.13:10211803:0.16:24,823:84.65:9247540:0.18:304,620:85.17:4403882:0.32:102
MRK_112919C87,18:85.1,81:86.22,79:86.66,79.0,100:83.9,148:82.92,147:83.25,147:82.88:8826647:0.27:0,147:83.59:6322300:0.27:0,147:83.28:3459151:0.27:0,147:84.12:8104363:0.29:35,180:114.62:359207:0.33:6,185:84.55:7530698:0.19:1,186:84.9:9017700:0.28:69,227:84.13:10211803:0.12:19,241:84.65:9247540:0.14:2,242:85.17:4403882:0.22:45
MRK_112919C87.5,21:85.1,20:86.22,279:86.66,279.0,287:83.9,290:82.92,292:83.25,298:82.88:8826647:0.28:0,298:83.59:6322300:0.18:560,773:83.28:3459151:0.12:107,819:84.12:8104363:0.18:53,868:114.62:359207:0.18:0,868:84.55:7530698:0.16:16,878:84.9:9017700:0.2:17,883:84.13:10211803:0.08:11,892:84.65:9247540:0.06:364,1222:85.17:4403882:0.13:12
MRK_112919C88,19:85.1,50:86.22,73:86.66,221.0,226:83.9,226:82.92,200:83.25,185:82.88:8826647:0.11:14,193:83.59:6322300:0.12:22,171:83.28:3459151:0.12:0,171:84.12:8104363:0.09:17,154:114.62:359207:0.1:7,153:84.55:7530698:0.09:4,153:84.9:9017700:0.09:0,153:84.13:10211803:0.04:17,159:84.65:9247540:0.04:1,160:85.17:4403882:0.05:2
MRK_112919C88.5,8:85.1,8:86.22,8:86.66,8.0,8:83.9,10:82.92,10:83.25,10:82.88:8826647:0.1:0,10:83.59:6322300:0.1:0,10:83.28:3459151:0.1:0,10:84.12:8104363:0.1:0,10:114.62:359207:0.1:0,10:84.55:7530698:0.1:0,10:84.9:9017700:0.15:1,11:84.13:10211803:0.03:1,11:84.65:9247540:0.03:0,11:85.17:4403882:0.03:0
MRK_112919C89,46:85.1,74:86.22,74:86.66,74.0,76:83.9,76:82.92,75:83.25,75:82.88:8826647:0.1:0,75:83.59:6322300:0.1:0,75:83.28:3459151:0.1:0,75:84.12:8104363:0.07:2,75:114.62:359207:0.1:100,145:84.55:7530698:0.1:0,145:84.9:9017700:0.1:0,145:84.13:10211803:0.1:0,145:84.65:9247540:0.1:0,145:85.17:4403882:0.1:0
MRK_112919C89.5,4:85.1,4:86.22,4:86.66,9.0,9:83.9,9:82.92,9:83.25,9:82.88:8826647:0.07:295,291:83.59:6322300:0.07:0,291:83.28:3459151:0.07:0,291:84.12:8104363:0.07:0,291:114.62:359207:0.07:0,291:84.55:7530698:0.07:0,291:84.9:9017700:0.07:1,292:84.13:10211803:0.07:0,292:84.65:9247540:0.07:0,292:85.17:4403882:0.07:0
MRK_112919C90,25:85.1,26:86.22,36:86.66,191.0,201:83.9,221:82.92,180:83.25,109:82.88:8826647:0.05:6,109:83.59:6322300:0.05:0,109:83.28:3459151:0.05:0,109:84.12:8104363:0.05:0,109:114.62:359207:0.05:0,109:84.55:7530698:0.05:0,109:84.9:9017700:0.05:0,U:84.13:10211803::,109:84.65:9247540:0.05:0,109:85.17:4403882:0.05:0
MRK_120619C80.5,1:85.1,1:86.22,1:86.66,1.0,1:83.9,1:82.92,3:83.25,3:82.88:8826647:3.6:0,3:83.59:6322300:3.6:0,3:83.28:3459151:3.6:0,3:84.12:8104363:3.6:0,3:114.62:359207:3.6:0,3:84.55:7530698:3.6:0,3:84.9:9017700:5.05:2,1:84.13:10211803:5.05:0,1:84.65:9247540:5.05:0,1:85.17:4403882:5.05:0
MRK_120619C81,0:85.1,0:86.22,0:86.66,0.0,0:83.9,0:82.92,8:83.25,8:82.88:8826647:2.78:3,7:83.59:6322300:3.2:2,5:83.28:3459151:2.81:1,6:84.12:8104363:3.89:65,63:114.62:359207:4.5:76,56:84.55:7530698:3.75:60,66:84.9:9017700:4.3:40,66:84.13:10211803:3.6:1,66:84.65:9247540:3.6:0,66:85.17:4403882:3.6:0
MRK_120619C81.5,2:85.1,2:86.22,2:86.66,2.0,2:83.9,2:82.92,2:83.25,2:82.88:8826647:4.57:0,2:83.59:6322300:4.57:0,2:83.28:3459151:4.57:0,2:84.12:8104363:4.57:0,2:114.62:359207:4.57:0,2:84.55:7530698:3.05:5,2:84.9:9017700:3.05:0,2:84.13:10211803:3.05:0,2:84.65:9247540:3.05:0,2:85.17:4403882:3.05:0
MRK_120619C82,0:85.1,0:86.22,0:86.66,0.0,0:83.9,0:82.92,0:83.25,0:82.88:8826647:0.0:0,0:83.59:6322300:0.0:0,0:83.28:3459151:0.0:0,0:84.12:8104363:0.0:0,0:114.62:359207:0.0:0,0:84.55:7530698:0.0:0,0:84.9:9017700:0.0:0,0:84.13:10211803:0.0:0,0:84.65:9247540:3.3:2,2:85.17:4403882:3.3:0
MRK_120619C82.5,0:85.1,0:86.22,0:86.66,0.0,0:83.9,0:82.92,0:83.25,0:82.88:8826647:0.0:0,0:83.59:6322300:0.0:0,0:83.28:3459151:0.0:0,0:84.12:8104363:0.0:0,0:114.62:359207:0.0:0,0:84.55:7530698:0.0:0,0:84.9:9017700:3.05:8,8:84.13:10211803:3.05:0,8:84.65:9247540:2.54:2,9:85.17:4403882:2.54:0
MRK_120619C83,39:85.1,32:86.22,31:86.66,31.0,32:83.9,31:82.92,41:83.25,51:82.88:8826647:1.53:10,41:83.59:6322300:1.53:0,41:83.28:3459151:1.53:0,41:84.12:8104363:2.39:4,43:114.62:359207:2.5:1,43:84.55:7530698:2.14:4,39:84.9:9017700:2.14:0,39:84.13:10211803:2.14:0,39:84.65:9247540:2.14:0,39:85.17:4403882:2.14:0
MRK_120619C83.5,2:85.1,2:86.22,5:86.66,5.0,5:83.9,5:82.92,12:83.25,15:82.88:8826647:1.33:52,67:83.59:6322300:1.41:1,67:83.28:3459151:1.29:1,68:84.12:8104363:2.01:54,67:114.62:359207:2.01:0,67:84.55:7530698:2.01:0,67:84.9:9017700:2.01:0,67:84.13:10211803:2.01:0,67:84.65:9247540:2.01:0,67:85.17:4403882:2.01:0
MRK_120619C84,12:85.1,42:86.22,59:86.66,59.0,60:83.9,62:82.92,72:83.25,92:82.88:8826647:1.41:4,93:83.59:6322300:1.35:3,95:83.28:3459151:1.04:167,237:84.12:8104363:1.5:173,97:114.62:359207:1.73:2,96:84.55:7530698:1.65:80,117:84.9:9017700:1.65:0,117:84.13:10211803:1.3:18,123:84.65:9247540:1.55:101,153:85.17:4403882:1.7:61
MRK_120619C84.5,5:85.1,55:86.22,58:86.66,58.0,55:83.9,57:82.92,58:83.25,71:82.88:8826647:1.17:1,72:83.59:6322300:1.1:1,73:83.28:3459151:0.85:209,136:84.12:8104363:1.3:43,144:114.62:359207:1.53:20,140:84.55:7530698:1.33:9,139:84.9:9017700:1.59:12,144:84.13:10211803:1.03:79,169:84.65:9247540:1.4:54,145:85.17:4403882:1.66:8
MRK_120619C85,42:85.1,56:86.22,62:86.66,65.0,60:83.9,110:82.92,118:83.25,200:82.88:8826647:0.84:38,209:83.59:6322300:0.89:19,215:83.28:3459151:0.67:67,257:84.12:8104363:1.01:79,211:114.62:359207:1.31:8,215:84.55:7530698:1.15:198,247:84.9:9017700:1.31:26,238:84.13:10211803:0.8:69,290:84.65:9247540:1.12:148,361:85.17:4403882:1.02:48
MRK_120619C85.5,49:85.1,73:86.22,74:86.66,80.0,73:83.9,89:82.92,100:83.25,111:82.88:8826647:0.85:0,111:83.59:6322300:0.85:0,111:83.28:3459151:0.62:2,112:84.12:8104363:0.62:0,112:114.62:359207:1.18:16,122:84.55:7530698:1.18:0,122:84.9:9017700:1.06:27,138:84.13:10211803:0.65:57,192:84.65:9247540:0.59:3,194:85.17:4403882:0.82:188
MRK_120619C86,0:85.1,0:86.22,5:86.66,21.0,23:83.9,46:82.92,50:83.25,50:82.88:8826647:0.47:6,56:83.59:6322300:0.61:12,59:83.28:3459151:0.61:0,59:84.12:8104363:0.77:23,81:114.62:359207:0.88:20,82:84.55:7530698:0.55:2,84:84.9:9017700:0.85:21,88:84.13:10211803:0.52:29,91:84.65:9247540:0.49:35,104:85.17:4403882:0.79:61
MRK_120619C86.5,19:85.1,108:86.22,130:86.66,136.0,151:83.9,174:82.92,174:83.25,181:82.88:8826647:0.37:7,181:83.59:6322300:0.46:2,182:83.28:3459151:0.35:3,182:84.12:8104363:0.35:0,182:114.62:359207:0.35:0,182:84.55:7530698:0.35:0,182:84.9:9017700:0.75:21,199:84.13:10211803:0.35:4,203:84.65:9247540:0.46:16,207:85.17:4403882:0.62:20
MRK_120619C87,40:85.1,497:86.22,498:86.66,495.0,486:83.9,484:82.92,485:83.25,483:82.88:8826647:0.45:0,483:83.59:6322300:0.45:0,483:83.28:3459151:0.26:9,491:84.12:8104363:0.49:17,506:114.62:359207:0.49:0,506:84.55:7530698:0.36:7,501:84.9:9017700:0.52:8,507:84.13:10211803:0.25:412,916:84.65:9247540:0.36:1,916:85.17:4403882:0.47:130
MRK_120619C87.5,0:85.1,21:86.22,29:86.66,31.0,204:83.9,204:82.92,204:83.25,204:82.88:8826647:0.2:9,204:83.59:6322300:0.2:0,204:83.28:3459151:0.2:0,204:84.12:8104363:0.2:0,204:114.62:359207:0.45:3,207:84.55:7530698:0.28:1,206:84.9:9017700:0.38:59,254:84.13:10211803:0.18:305,499:84.65:9247540:0.17:170,556:85.17:4403882:0.22:79
MRK_120619C88,0:85.1,1:86.22,4:86.66,5.0,5:83.9,16:82.92,17:83.25,17:82.88:8826647:0.23:0,17:83.59:6322300:0.23:0,17:83.28:3459151:0.23:0,17:84.12:8104363:0.23:0,17:114.62:359207:0.23:0,17:84.55:7530698:0.29:1,18:84.9:9017700:0.26:24,30:84.13:10211803:0.15:30,37:84.65:9247540:0.15:0,37:85.17:4403882:0.23:33
MRK_120619C88.5,0:85.1,0:86.22,2:86.66,2.0,2:83.9,10:82.92,9:83.25,9:82.88:8826647:0.19:0,9:83.59:6322300:0.19:0,9:83.28:3459151:0.19:0,9:84.12:8104363:0.19:0,9:114.62:359207:0.19:0,9:84.55:7530698:0.19:0,9:84.9:9017700:0.26:1,10:84.13:10211803:0.11:5,13:84.65:9247540:0.11:0,13:85.17:4403882:0.11:0
MRK_120619C89,0:85.1,123:86.22,128:86.66,128.0,128:83.9,128:82.92,128:83.25,128:82.88:8826647:0.34:0,128:83.59:6322300:0.14:12,140:83.28:3459151:0.14:0,140:84.12:8104363:0.14:0,140:114.62:359207:0.17:6,140:84.55:7530698:0.1:4,136:84.9:9017700:0.2:8,136:84.13:10211803:0.09:12,124:84.65:9247540:0.09:0,124:85.17:4403882:0.09:0
MRK_120619C89.5,0:85.1,0:86.22,3:86.66,3.0,2:83.9,7:82.92,8:83.25,8:82.88:8826647:0.13:0,8:83.59:6322300:0.09:1,7:83.28:3459151:0.09:0,7:84.12:8104363:0.11:507,499:114.62:359207:0.11:0,499:84.55:7530698:0.11:0,499:84.9:9017700:0.11:0,U:84.13:10211803::,499:84.65:9247540:0.11:0,499:85.17:4403882:0.11:0
MRK_120619C90,4:85.1,10:86.22,10:86.66,19.0,19:83.9,19:82.92,19:83.25,28:82.88:8826647:0.08:30,58:83.59:6322300:0.08:0,58:83.28:3459151:0.05:1,58:84.12:8104363:0.05:0,58:114.62:359207:0.05:0,58:84.55:7530698:0.05:0,58:84.9:9017700:0.1:5,U:84.13:10211803::,63:84.65:9247540:0.02:0,63:85.17:4403882:0.02:0
MRK_122019C55,3:85.1,3:86.22,3:86.66,3.0,3:83.9,3:82.92,3:83.25,3:82.88:8826647:30.15:0,3:83.59:6322300:30.15:0,3:83.28:3459151:30.15:0,3:84.12:8104363:30.15:0,3:114.62:359207:29.96:4,7:84.55:7530698:29.96:0,7:84.9:9017700:29.96:0,U:84.13:10211803::,:84.65:9247540:U:U,7:85.17:4403882:29.96:0
MRK_122019C60,6:85.1,6:86.22,6:86.66,6.0,6:83.9,10:82.92,10:83.25,10:82.88:8826647:25.3:0,10:83.59:6322300:25.3:0,10:83.28:3459151:25.3:0,10:84.12:8104363:24.55:1,9:114.62:359207:24.55:0,9:84.55:7530698:24.55:0,9:84.9:9017700:24.55:0,U:84.13:10211803::,:84.65:9247540:U:U,9:85.17:4403882:24.55:0
MRK_122019C65,290:85.1,284:86.22,284:86.66,285.0,285:83.9,303:82.92,294:83.25,297:82.88:8826647:17.35:7,290:83.59:6322300:18.68:8,288:83.28:3459151:18.15:5,289:84.12:8104363:18.15:0,289:114.62:359207:20.0:2,288:84.55:7530698:19.0:4,284:84.9:9017700:20.55:1,U:84.13:10211803::,284:84.65:9247540:20.0:1,283:85.17:4403882:20.0:0
MRK_122019C70,47:85.1,43:86.22,43:86.66,48.0,53:83.9,53:82.92,53:83.25,54:82.88:8826647:13.0:1,53:83.59:6322300:13.0:0,53:83.28:3459151:13.0:0,53:84.12:8104363:13.0:0,53:114.62:359207:13.0:0,53:84.55:7530698:13.0:0,53:84.9:9017700:13.0:0,53:84.13:10211803:13.0:0,53:84.65:9247540:13.0:0,53:85.17:4403882:13.0:0
MRK_122019C72.5,0:85.1,0:86.22,0:86.66,0.0,0:83.9,1:82.92,1:83.25,1:82.88:8826647:13.15:0,1:83.59:6322300:10.55:1,1:83.28:3459151:10.55:0,1:84.12:8104363:10.55:0,1:114.62:359207:10.55:0,1:84.55:7530698:10.55:0,1:84.9:9017700:12.55:3,4:84.13:10211803:12.55:0,:84.65:9247540:U:U,4:85.17:4403882:12.55:0
MRK_122019C75,161:85.1,164:86.22,166:86.66,166.0,172:83.9,172:82.92,165:83.25,165:82.88:8826647:8.18:5,160:83.59:6322300:8.5:5,165:83.28:3459151:8.58:1,164:84.12:8104363:9.63:21,174:114.62:359207:9.88:3,177:84.55:7530698:9.66:1,177:84.9:9017700:9.66:0,U:84.13:10211803::,176:84.65:9247540:9.9:8,176:85.17:4403882:10.09:2
MRK_122019C77.5,50:85.1,49:86.22,49:86.66,49.0,49:83.9,49:82.92,49:83.25,54:82.88:8826647:6.5:0,54:83.59:6322300:6.5:0,54:83.28:3459151:6.5:0,54:84.12:8104363:7.13:9,61:114.62:359207:7.13:0,61:84.55:7530698:7.13:0,61:84.9:9017700:7.13:0,U:84.13:10211803::,61:84.65:9247540:7.13:0,61:85.17:4403882:7.13:0
MRK_122019C80,447:85.1,461:86.22,452:86.66,453.0,489:83.9,505:82.92,532:83.25,539:82.88:8826647:3.8:72,592:83.59:6322300:4.29:15,605:83.28:3459151:3.85:64,660:84.12:8104363:4.97:9,667:114.62:359207:5.3:9,671:84.55:7530698:4.7:11,681:84.9:9017700:5.78:32,709:84.13:10211803:4.55:3,709:84.65:9247540:5.2:6,709:85.17:4403882:5.35:20
MRK_122019C82.5,1180:85.1,1056:86.22,1101:86.66,1078.0,1079:83.9,1056:82.92,1062:83.25,1065:82.88:8826647:2.1:266,1280:83.59:6322300:2.48:84,1349:83.28:3459151:2.14:15,1357:84.12:8104363:2.87:91,1404:114.62:359207:3.15:61,1430:84.55:7530698:3.01:76,1430:84.9:9017700:3.3:59,1434:84.13:10211803:2.68:16,1440:84.65:9247540:2.88:40,1446:85.17:4403882:3.4:23
MRK_122019C85,12673:85.1,12657:86.22,12632:86.66,12008.0,12037:83.9,12045:82.92,12129:83.25,12280:82.88:8826647:0.95:1149,13035:83.59:6322300:1.12:92,13065:83.28:3459151:0.93:215,13243:84.12:8104363:1.35:315,13196:114.62:359207:1.55:992,13127:84.55:7530698:1.44:254,13207:84.9:9017700:1.58:878,13442:84.13:10211803:1.1:812,13588:84.65:9247540:1.41:795,13713:85.17:4403882:1.68:878
MRK_122019C87.5,12393:85.1,13509:86.22,13603:86.66,13812.0,13884:83.9,14200:82.92,14348:83.25,14699:82.88:8826647:0.37:1817,15639:83.59:6322300:0.44:1002,16567:83.28:3459151:0.33:137,16617:84.12:8104363:0.5:151,16687:114.62:359207:0.64:1665,17929:84.55:7530698:0.55:84,17977:84.9:9017700:0.62:743,18140:84.13:10211803:0.36:8524,24175:84.65:9247540:0.46:252,24311:85.17:4403882:0.58:441
MRK_122019C90,2772:85.1,4011:86.22,4064:86.66,4297.0,6581:83.9,6971:82.92,7403:83.25,7627:82.88:8826647:0.14:970,8538:83.59:6322300:0.15:76,8597:83.28:3459151:0.12:136,8608:84.12:8104363:0.18:107,8597:114.62:359207:0.21:592,9113:84.55:7530698:0.18:782,9768:84.9:9017700:0.22:1202,U:84.13:10211803::,9817:84.65:9247540:0.11:95,10406:85.17:4403882:0.15:35
MRK_122019C92.5,1315:85.1,1336:86.22,1329:86.66,1347.0,1341:83.9,1348:82.92,1352:83.25,1349:82.88:8826647:0.05:5,1345:83.59:6322300:0.05:5,1344:83.28:3459151:0.04:4,1346:84.12:8104363:0.05:53,1393:114.62:359207:0.05:0,1393:84.55:7530698:0.07:9,1402:84.9:9017700:0.07:8,U:84.13:10211803::,:84.65:9247540:U:U,1398:85.17:4403882:0.03:3
MRK_122019C95,460:85.1,461:86.22,469:86.66,494.0,519:83.9,521:82.92,517:83.25,507:82.88:8826647:0.02:0,507:83.59:6322300:0.02:1,506:83.28:3459151:0.02:25,531:84.12:8104363:0.02:0,531:114.62:359207:0.02:0,531:84.55:7530698:0.02:6,525:84.9:9017700:0.04:2,523:84.13:10211803:0.04:0,523:84.65:9247540:0.01:2,521:85.17:4403882:0.01:0
MRK_122019C100,13:85.1,13:86.22,13:86.66,15.0,16:83.9,16:82.92,16:83.25,18:82.88:8826647:0.02:0,18:83.59:6322300:0.02:0,18:83.28:3459151:0.02:0,18:84.12:8104363:0.02:0,18:114.62:359207:0.03:1,19:84.55:7530698:0.03:0,19:84.9:9017700:0.03:0,U:84.13:10211803::,19:84.65:9247540:0.01:2,19:85.17:4403882:0.01:0
MRK_122019C105,0:85.1,0:86.22,0:86.66,4.0,4:83.9,4:82.92,4:83.25,4:82.88:8826647:0.01:0,4:83.59:6322300:0.01:0,4:83.28:3459151:0.01:0,4:84.12:8104363:0.01:0,4:114.62:359207:0.01:0,4:84.55:7530698:0.01:0,4:84.9:9017700:0.01:0,U:84.13:10211803::,4:84.65:9247540:0.01:0,4:85.17:4403882:0.01:2
MRK_122019C110,0:85.1,0:86.22,0:86.66,0.0,0:83.9,0:82.92,0:83.25,0:82.88:8826647:0.0:0,0:83.59:6322300:0.0:0,0:83.28:3459151:0.0:0,0:84.12:8104363:0.0:0,0:114.62:359207:0.0:0,0:84.55:7530698:0.0:0,0:84.9:9017700:0.0:0,U:84.13:10211803::,0:84.65:9247540:0.0:0,0:85.17:4403882:0.0:0
MRK_122019C115,0:85.1,0:86.22,0:86.66,0.0,0:83.9,0:82.92,0:83.25,0:82.88:8826647:0.0:0,0:83.59:6322300:0.0:0,0:83.28:3459151:0.0:0,0:84.12:8104363:0.0:0,0:114.62:359207:0.0:0,0:84.55:7530698:0.0:0,0:84.9:9017700:0.0:0,U:84.13:10211803::,:84.65:9247540:U:U,0:85.17:4403882:0.0:0
MRK_122019C120,0:85.1,0:86.22,0:86.66,0.0,0:83.9,0:82.92,0:83.25,0:82.88:8826647:0.0:0,0:83.59:6322300:0.0:0,0:83.28:3459151:0.0:0,0:84.12:8104363:0.0:0,0:114.62:359207:0.0:0,0:84.55:7530698:0.0:0,0:84.9:9017700:0.0:0,0:84.13:10211803:0.0:0,0:84.65:9247540:0.0:0,0:85.17:4403882:0.0:0
MRK_112919C90.5,0,21:86.22,23:86.66,23.0,23:83.9,164:82.92,164:83.25,164:82.88:8826647:0.05:0,164:83.59:6322300:0.05:0,164:83.28:3459151:0.05:0,164:84.12:8104363:0.05:0,164:114.62:359207:0.04:48,207:84.55:7530698:0.04:0,207:84.9:9017700:0.04:24,U:84.13:10211803::,228:84.65:9247540:0.04:0,228:85.17:4403882:0.04:0
MRK_112919C91,0,0:86.22,24:86.66,37.0,39:83.9,143:82.92,143:83.25,143:82.88:8826647:0.09:0,143:83.59:6322300:0.02:5,143:83.28:3459151:0.02:0,143:84.12:8104363:0.02:2,143:114.62:359207:0.02:0,143:84.55:7530698:0.02:0,143:84.9:9017700:0.02:0,U:84.13:10211803::,:84.65:9247540:U:U,143:85.17:4403882:0.02:0
MRK_120619C95,0,1:86.22,1:86.66,1.0,1:83.9,1:82.92,1:83.25,1:82.88:8826647:0.04:0,1:83.59:6322300:0.04:0,1:83.28:3459151:0.04:0,1:84.12:8104363:0.04:0,1:114.62:359207:0.04:0,1:84.55:7530698:0.04:0,1:84.9:9017700:0.04:0,U:84.13:10211803::,1:84.65:9247540:0.04:0,1:85.17:4403882:0.04:0
MRK_112219C92.5,0,0,0:86.66,0.0,0:83.9,0:82.92,0:83.25,0:82.88:8826647:0.0:0,0:83.59:6322300:0.0:0,0:83.28:3459151:0.0:0,0:84.12:8104363:0.0:0,0:114.62:359207:0.0:0,0:84.55:7530698:0.0:0,0:84.9:9017700:0.0:0,0:84.13:10211803:0.0:0,:84.65:9247540:U:U,0:85.17:4403882:0.0:0
MRK_121319C85.5,0,0,0:86.66,0.0,0:83.9,0:82.92,2:83.25,2:82.88:8826647:0.77:1,3:83.59:6322300:0.77:0,3:83.28:3459151:0.68:56,59:84.12:8104363:0.68:0,59:114.62:359207:1.37:3,59:84.55:7530698:1.37:0,59:84.9:9017700:1.26:5,63:84.13:10211803:0.88:14,72:84.65:9247540:0.88:0,81:85.17:4403882:1.26:2
MRK_121319C91,0,0,0:86.66,0.0,0:83.9,0:82.92,0:83.25,0:82.88:8826647:0.0:0,0:83.59:6322300:0.0:0,0:83.28:3459151:0.0:0,0:84.12:8104363:0.0:0,0:114.62:359207:0.0:0,0:84.55:7530698:0.08:1,1:84.9:9017700:0.08:0,1:84.13:10211803:0.08:0,1:84.65:9247540:0.08:0,1:85.17:4403882:0.08:0
MRK_112219C93.5,0,0,0:86.66,0.0,0:83.9,0:82.92,0:83.25,0:82.88:8826647:0.0:0,0:83.59:6322300:0.0:0,0:83.28:3459151:0.0:0,0:84.12:8104363:0.0:0,0:114.62:359207:0.0:0,0:84.55:7530698:0.0:0,0:84.9:9017700:0.0:0,U:84.13:10211803::,0:84.65:9247540:0.0:0,0:85.17:4403882:0.0:0
MRK_121319C90.5,0,0,0:86.66,0.0,4:83.9,4:82.92,4:83.25,4:82.88:8826647:0.25:0,4:83.59:6322300:0.25:0,4:83.28:3459151:0.25:0,4:84.12:8104363:0.25:0,4:114.62:359207:0.25:0,4:84.55:7530698:0.25:0,4:84.9:9017700:0.25:0,U:84.13:10211803::,:84.65:9247540:U:U,4:85.17:4403882:0.25:0
MRK_120619C92,0,0,0:86.66,0.0,0:83.9,0:82.92,0:83.25,0:82.88:8826647:0.0:0,0:83.59:6322300:0.0:0,0:83.28:3459151:0.0:0,0:84.12:8104363:0.0:0,0:114.62:359207:0.0:0,0:84.55:7530698:0.0:0,0:84.9:9017700:0.0:0,U:84.13:10211803::,:84.65:9247540:U:U,0:85.17:4403882:0.0:0
MRK_121319C83.5,0,0,0:86.66,0.0,0:83.9,0:82.92,0:83.25,2:82.88:8826647:1.88:50,52:83.59:6322300:1.64:28,75:83.28:3459151:1.62:3,78:84.12:8104363:2.01:53,76:114.62:359207:2.01:0,76:84.55:7530698:1.92:8,84:84.9:9017700:2.44:9,76:84.13:10211803:2.44:0,76:84.65:9247540:2.44:0,76:85.17:4403882:2.68:1
MRK_120619C91.5,0,0,0:86.66,0.0,0:83.9,0:82.92,0:83.25,0:82.88:8826647:0.0:0,0:83.59:6322300:0.0:0,0:83.28:3459151:0.0:0,0:84.12:8104363:0.0:0,0:114.62:359207:0.0:0,0:84.55:7530698:0.0:0,0:84.9:9017700:0.0:0,0:84.13:10211803:0.0:0,:84.65:9247540:U:U,0:85.17:4403882:0.0:0
MRK_121319C90,0,0,0:86.66,3.0,3:83.9,7:82.92,7:83.25,7:82.88:8826647:0.14:1,7:83.59:6322300:0.14:0,7:83.28:3459151:0.09:2,6:84.12:8104363:0.09:0,6:114.62:359207:0.09:0,6:84.55:7530698:0.1:1,7:84.9:9017700:0.1:0,7:84.13:10211803:0.1:0,7:84.65:9247540:0.1:0,7:85.17:4403882:0.07:4
MRK_121319C88,0,0,0:86.66,1.0,1:83.9,2:82.92,2:83.25,6:82.88:8826647:0.38:0,6:83.59:6322300:0.38:0,6:83.28:3459151:0.38:0,6:84.12:8104363:0.38:0,6:114.62:359207:0.38:31,37:84.55:7530698:0.31:2,39:84.9:9017700:0.31:0,39:84.13:10211803:0.25:3,41:84.65:9247540:0.3:1,41:85.17:4403882:0.3:0
MRK_121319C87,0,0,0:86.66,0.0,0:83.9,0:82.92,1:83.25,1:82.88:8826647:0.55:0,1:83.59:6322300:0.42:260,261:83.28:3459151:0.42:0,261:84.12:8104363:0.51:267,509:114.62:359207:0.73:5,528:84.55:7530698:0.73:0,528:84.9:9017700:0.66:3,527:84.13:10211803:0.43:65,540:84.65:9247540:0.54:3,540:85.17:4403882:0.54:0
MRK_121319C89,0,0,0:86.66,0.0,0:83.9,0:82.92,1:83.25,5:82.88:8826647:0.19:0,5:83.59:6322300:0.19:0,5:83.28:3459151:0.19:0,5:84.12:8104363:0.15:1,5:114.62:359207:0.15:0,5:84.55:7530698:0.15:0,5:84.9:9017700:0.24:6,10:84.13:10211803:0.24:0,10:84.65:9247540:0.24:0,10:85.17:4403882:0.21:1
MRK_121319C84,0,0,0:86.66,0.0,0:83.9,0:82.92,6:83.25,7:82.88:8826647:1.45:8,17:83.59:6322300:1.45:0,17:83.28:3459151:1.27:10,27:84.12:8104363:2.0:12,17:114.62:359207:2.0:0,24:84.55:7530698:1.64:4,25:84.9:9017700:2.09:4,25:84.13:10211803:1.55:6,28:84.65:9247540:1.93:18,41:85.17:4403882:2.07:1
MRK_120619C91,0,0,0:86.66,0.0,1:83.9,1:82.92,0:83.25,0:82.88:8826647:0.06:0,0:83.59:6322300:0.06:0,0:83.28:3459151:0.06:0,0:84.12:8104363:0.06:0,0:114.62:359207:0.06:0,0:84.55:7530698:0.06:0,0:84.9:9017700:0.06:0,U:84.13:10211803::,0:84.65:9247540:0.06:0,0:85.17:4403882:0.06:0
MRK_121319C84.5,0,0,0:86.66,0.0,0:83.9,0:82.92,0:83.25,0:82.88:8826647:0.0:0,0:83.59:6322300:1.24:23,23:83.28:3459151:1.24:0,23:84.12:8104363:1.24:0,23:114.62:359207:1.83:94,108:84.55:7530698:1.42:12,116:84.9:9017700:1.87:7,114:84.13:10211803:1.26:47,155:84.65:9247540:1.26:0,155:85.17:4403882:1.26:0
MRK_121319C87.5,0,0,0:86.66,0.0,0:83.9,258:82.92,262:83.25,262:82.88:8826647:0.63:0,262:83.59:6322300:0.63:0,262:83.28:3459151:0.63:0,262:84.12:8104363:0.4:3,262:114.62:359207:0.4:0,262:84.55:7530698:0.4:3,262:84.9:9017700:0.65:14,276:84.13:10211803:0.31:25,297:84.65:9247540:0.42:2,297:85.17:4403882:0.42:0
MRK_121319C91.5,0,0,0:86.66,0.0,0:83.9,0:82.92,0:83.25,0:82.88:8826647:0.0:0,0:83.59:6322300:0.0:0,0:83.28:3459151:0.0:0,0:84.12:8104363:0.0:0,0:114.62:359207:0.0:0,0:84.55:7530698:0.0:0,0:84.9:9017700:0.0:0,0:84.13:10211803:0.0:0,:84.65:9247540:U:U,0:85.17:4403882:0.0:0
MRK_121319C82.5,0,0,0:86.66,0.0,0:83.9,0:82.92,0:83.25,0:82.88:8826647:0.0:0,0:83.59:6322300:0.0:0,0:83.28:3459151:0.0:0,0:84.12:8104363:0.0:0,0:114.62:359207:0.0:0,0:84.55:7530698:0.0:0,0:84.9:9017700:0.0:0,0:84.13:10211803:0.0:0,0:84.65:9247540:0.0:0,0:85.17:4403882:0.0:0
MRK_112919C92,0,0,0:86.66,0.0,0:83.9,1:82.92,1:83.25,1:82.88:8826647:0.04:0,1:83.59:6322300:0.04:0,1:83.28:3459151:0.04:0,1:84.12:8104363:0.04:0,1:114.62:359207:0.04:0,1:84.55:7530698:0.04:0,1:84.9:9017700:0.04:0,1:84.13:10211803:0.04:0,:84.65:9247540:U:U,1:85.17:4403882:0.04:0
MRK_121319C86.5,0,0,0:86.66,0.0,0:83.9,0:82.92,0:83.25,0:82.88:8826647:0.0:0,0:83.59:6322300:0.0:0,0:83.28:3459151:0.0:0,0:84.12:8104363:0.0:0,0:114.62:359207:0.83:10,10:84.55:7530698:0.83:0,10:84.9:9017700:0.91:1,11:84.13:10211803:0.55:5,16:84.65:9247540:0.59:1,16:85.17:4403882:0.7:10
MRK_121319C85,0,0,0:86.66,0.0,5:83.9,9:82.92,9:83.25,9:82.88:8826647:1.1:0,9:83.59:6322300:1.1:0,9:83.28:3459151:0.85:2,11:84.12:8104363:1.34:20,24:114.62:359207:1.6:6,24:84.55:7530698:1.09:4,27:84.9:9017700:1.75:3,24:84.13:10211803:1.05:36,55:84.65:9247540:0.94:10,59:85.17:4403882:1.5:16
MRK_112219C93,0,0,0:86.66,0.0,0:83.9,0:82.92,0:83.25,0:82.88:8826647:0.0:0,0:83.59:6322300:0.0:0,0:83.28:3459151:0.0:0,0:84.12:8104363:0.0:0,0:114.62:359207:0.0:0,0:84.55:7530698:0.0:0,0:84.9:9017700:0.0:0,0:84.13:10211803:0.0:0,0:84.65:9247540:0.0:0,0:85.17:4403882:0.0:0
MRK_121319C83,0,0,0:86.66,0.0,0:83.9,0:82.92,30:83.25,30:82.88:8826647:1.96:2,31:83.59:6322300:2.04:10,41:83.28:3459151:1.71:9,50:84.12:8104363:1.71:0,50:114.62:359207:2.8:1,50:84.55:7530698:2.8:0,50:84.9:9017700:2.8:0,50:84.13:10211803:2.8:0,50:84.65:9247540:2.8:0,50:85.17:4403882:2.8:0
MRK_112219C92,0,0,0:86.66,0.0,0:83.9,0:82.92,0:83.25,0:82.88:8826647:0.0:0,0:83.59:6322300:0.0:0,0:83.28:3459151:0.0:0,0:84.12:8104363:0.03:1,1:114.62:359207:0.03:0,1:84.55:7530698:0.03:0,1:84.9:9017700:0.03:0,U:84.13:10211803::,:84.65:9247540:U:U,1:85.17:4403882:0.03:0
MRK_121319C82,0,0,0:86.66,0.0,0:83.9,0:82.92,0:83.25,0:82.88:8826647:0.0:0,0:83.59:6322300:0.0:0,0:83.28:3459151:2.53:3,3:84.12:8104363:3.25:14,12:114.62:359207:3.25:1,13:84.55:7530698:2.82:2,13:84.9:9017700:2.82:0,13:84.13:10211803:2.93:2,13:84.65:9247540:2.93:0,13:85.17:4403882:3.25:1
MRK_121319C88.5,0,0,0:86.66,0.0,4:83.9,4:82.92,4:83.25,4:82.88:8826647:0.58:0,4:83.59:6322300:0.58:0,4:83.28:3459151:0.58:0,4:84.12:8104363:0.58:0,4:114.62:359207:0.27:25,29:84.55:7530698:0.27:0,29:84.9:9017700:0.27:0,29:84.13:10211803:0.27:0,29:84.65:9247540:0.27:0,29:85.17:4403882:0.27:0
MRK_121319C86,0,0,0:86.66,0.0,0:83.9,0:82.92,0:83.25,6:82.88:8826647:0.9:0,6:83.59:6322300:0.9:0,6:83.28:3459151:0.67:1,7:84.12:8104363:0.84:6,12:114.62:359207:0.84:0,12:84.55:7530698:0.9:30,41:84.9:9017700:1.04:204,244:84.13:10211803:0.68:65,302:84.65:9247540:0.83:8,302:85.17:4403882:0.85:239
MRK_121319C89.5,0,0,0:86.66,0.0,0:83.9,0:82.92,0:83.25,0:82.88:8826647:0.0:0,0:83.59:6322300:0.0:0,0:83.28:3459151:0.0:0,0:84.12:8104363:0.0:0,0:114.62:359207:0.0:0,0:84.55:7530698:0.0:0,0:84.9:9017700:0.0:0,U:84.13:10211803::,0:84.65:9247540:0.0:0,0:85.17:4403882:0.0:0
MRK_112219C80,U,U,U,34.0,34:83.9,34:82.92,34:83.25,34:82.88:8826647:6.6:0,34:83.59:6322300:6.6:0,34:83.28:3459151:6.6:0,34:84.12:8104363:6.6:0,34:114.62:359207:5.07:4,38:84.55:7530698:4.08:3,41:84.9:9017700:4.95:1,41:84.13:10211803:4.15:8,44:84.65:9247540:4.15:0,44:85.17:4403882:5.2:1
MRK_112919C80,U,U,U,9.0,11:83.9,12:82.92,12:83.25,12:82.88:8826647:4.15:0,12:83.59:6322300:3.9:2,13:83.28:3459151:3.9:0,13:84.12:8104363:4.7:3,14:114.62:359207:4.7:0,14:84.55:7530698:4.7:0,14:84.9:9017700:4.7:0,14:84.13:10211803:4.7:0,14:84.65:9247540:4.7:0,14:85.17:4403882:4.7:0
MRK_120619C80,U,U,U,0.0,1:83.9,0:82.92,0:83.25,0:82.88:8826647:4.2:7,7:83.59:6322300:4.2:0,7:83.28:3459151:3.67:2,9:84.12:8104363:3.67:0,9:114.62:359207:5.05:2,10:84.55:7530698:5.05:0,10:84.9:9017700:5.05:0,10:84.13:10211803:5.05:0,10:84.65:9247540:5.05:0,10:85.17:4403882:5.05:0
MRK_121319C80,U,U,U,0.0,0:83.9,0:82.92,0:83.25,0:82.88:8826647:0.0:0,0:83.59:6322300:0.0:0,0:83.28:3459151:3.75:10,10:84.12:8104363:3.75:0,10:114.62:359207:3.75:0,10:84.55:7530698:3.75:0,10:84.9:9017700:3.75:0,10:84.13:10211803:3.75:0,10:84.65:9247540:3.75:0,10:85.17:4403882:3.75:0
MRK_121319C80.5,U,U,U,0.0,0:83.9,0:82.92,0:83.25,0:82.88:8826647:0.0:0,0:83.59:6322300:0.0:0,0:83.28:3459151:0.0:0,0:84.12:8104363:0.0:0,0:114.62:359207:0.0:0,0:84.55:7530698:0.0:0,0:84.9:9017700:0.0:0,0:84.13:10211803:3.9:4,4:84.65:9247540:3.9:0,4:85.17:4403882:3.9:0
MRK_121319C81,U,U,U,0.0,0:83.9,0:82.92,0:83.25,0:82.88:8826647:0.0:0,0:83.59:6322300:0.0:0,0:83.28:3459151:0.0:0,0:84.12:8104363:0.0:0,0:114.62:359207:0.0:0,0:84.55:7530698:0.0:0,0:84.9:9017700:0.0:0,0:84.13:10211803:3.6:8,8:84.65:9247540:3.6:0,8:85.17:4403882:3.6:0
MRK_121319C81.5,U,U,U,0.0,0:83.9,0:82.92,0:83.25,0:82.88:8826647:0.0:0,0:83.59:6322300:0.0:0,0:83.28:3459151:0.0:0,0:84.12:8104363:0.0:0,0:114.62:359207:0.0:0,0:84.55:7530698:0.0:0,0:84.9:9017700:0.0:0,0:84.13:10211803:0.0:0,0:84.65:9247540:0.0:0,0:85.17:4403882:0.0:0
MRK_122019C50,U,U,U,0.0,0:83.9,0:82.92,0:83.25,0:82.88:8826647:0.0:0,0:83.59:6322300:0.0:0,0:83.28:3459151:0.0:0,0:84.12:8104363:0.0:0,0:114.62:359207:0.0:0,0:84.55:7530698:0.0:0,0:84.9:9017700:0.0:0,U:84.13:10211803:.:,3:84.65:9247540:34.03:0,3:85.17:4403882:34.03:0
MRK_112219C79,U,U,U,U,0:83.9,0:82.92,0:83.25,1:82.88:8826647:5.1:0,1:83.59:6322300:4.5:13,13:83.28:3459151:4.5:0,13:84.12:8104363:4.5:0,13:114.62:359207:6.1:1,13:84.55:7530698:6.1:0,13:84.9:9017700:6.1:0,13:84.13:10211803:6.1:0,:84.65:9247540:.:U,13:85.17:4403882:6.1:0
MRK_112219C79.5,U,U,U,U,0:83.9,0:82.92,0:83.25,0:82.88:8826647:0.0:0,0:83.59:6322300:0.0:0,0:83.28:3459151:0.0:0,0:84.12:8104363:0.0:0,U:114.62:359207::,0:84.55:7530698:0.0:0,0:84.9:9017700:0.0:0,0:84.13:10211803:0.0:0,:84.65:9247540:U:U,0:85.17:4403882:0.0:0
MRK_112919C79,U,U,U,U,0:83.9,0:82.92,0:83.25,0:82.88:8826647:0.0:0,0:83.59:6322300:0.0:0,0:83.28:3459151:0.0:0,0:84.12:8104363:0.0:0,0:114.62:359207:0.0:0,0:84.55:7530698:0.0:0,0:84.9:9017700:0.0:0,0:84.13:10211803:0.0:0,0:84.65:9247540:0.0:0,0:85.17:4403882:0.0:0
MRK_112919C79.5,U,U,U,U,0:83.9,0:82.92,0:83.25,0:82.88:8826647:0.0:0,0:83.59:6322300:0.0:0,0:83.28:3459151:0.0:0,0:84.12:8104363:0.0:0,0:114.62:359207:0.0:0,0:84.55:7530698:0.0:0,0:84.9:9017700:0.0:0,0:84.13:10211803:0.0:0,:84.65:9247540:U:U,0:85.17:4403882:0.0:0
MRK_120619C79,U,U,U,U,1:83.9,1:82.92,1:83.25,1:82.88:8826647:6.95:0,1:83.59:6322300:6.95:0,1:83.28:3459151:6.95:0,1:84.12:8104363:6.95:0,1:114.62:359207:6.95:0,1:84.55:7530698:6.95:0,1:84.9:9017700:6.95:0,U:84.13:10211803::,1:84.65:9247540:6.95:0,1:85.17:4403882:6.95:0
MRK_120619C79.5,U,U,U,U,0:83.9,0:82.92,0:83.25,0:82.88:8826647:6.1:0,0:83.59:6322300:6.1:0,0:83.28:3459151:6.1:0,0:84.12:8104363:6.1:0,0:114.62:359207:6.1:0,0:84.55:7530698:6.1:0,0:84.9:9017700:6.1:0,0:84.13:10211803:6.1:0,0:84.65:9247540:6.1:0,0:85.17:4403882:6.1:0
MRK_121319C79,U,U,U,U,0:83.9,0:82.92,0:83.25,0:82.88:8826647:0.0:0,0:83.59:6322300:0.0:0,0:83.28:3459151:0.0:0,0:84.12:8104363:0.0:0,0:114.62:359207:0.0:0,0:84.55:7530698:0.0:0,0:84.9:9017700:0.0:0,0:84.13:10211803:0.0:0,0:84.65:9247540:0.0:0,0:85.17:4403882:0.0:0
MRK_121319C79.5,U,U,U,U,0:83.9,0:82.92,0:83.25,0:82.88:8826647:0.0:0,0:83.59:6322300:0.0:0,0:83.28:3459151:0.0:0,0:84.12:8104363:0.0:0,0:114.62:359207:0.0:0,0:84.55:7530698:0.0:0,0:84.9:9017700:0.0:0,0:84.13:10211803:0.0:0,:84.65:9247540:U:U,0:85.17:4403882:0.0:0
MRK_112219C78,U,U,U,U,U,0:82.92,0:83.25,0:82.88:8826647:7.0:0,0:83.59:6322300:7.0:0,0:83.28:3459151:7.0:0,0:84.12:8104363:7.0:0,0:114.62:359207:7.0:0,0:84.55:7530698:7.0:0,0:84.9:9017700:7.0:0,U:84.13:10211803::,:84.65:9247540:U:U,0:85.17:4403882:7.0:0
MRK_112219C78.5,U,U,U,U,U,5:82.92,5:83.25,5:82.88:8826647:4.45:0,5:83.59:6322300:4.45:0,5:83.28:3459151:4.45:0,5:84.12:8104363:4.45:0,5:114.62:359207:4.45:0,5:84.55:7530698:4.45:0,5:84.9:9017700:4.45:0,5:84.13:10211803:4.45:0,5:84.65:9247540:4.45:0,5:85.17:4403882:4.45:0
MRK_112919C78,U,U,U,U,U,0:82.92,0:83.25,0:82.88:8826647:5.55:10,10:83.59:6322300:5.55:0,10:83.28:3459151:5.55:0,10:84.12:8104363:5.55:0,10:114.62:359207:5.55:0,10:84.55:7530698:5.55:0,10:84.9:9017700:5.55:0,U:84.13:10211803::,:84.65:9247540:U:U,10:85.17:4403882:5.55:0
MRK_112919C78.5,U,U,U,U,U,1:82.92,1:83.25,1:82.88:8826647:4.88:0,1:83.59:6322300:4.88:0,1:83.28:3459151:4.88:0,1:84.12:8104363:4.88:0,1:114.62:359207:4.88:0,1:84.55:7530698:4.88:0,1:84.9:9017700:4.88:0,U:84.13:10211803::,1:84.65:9247540:4.88:0,1:85.17:4403882:4.88:0
MRK_120619C78,U,U,U,U,U,0:82.92,0:83.25,0:82.88:8826647:0.0:0,0:83.59:6322300:0.0:0,0:83.28:3459151:0.0:0,0:84.12:8104363:0.0:0,0:114.62:359207:0.0:0,0:84.55:7530698:0.0:0,0:84.9:9017700:0.0:0,U:84.13:10211803::,0:84.65:9247540:0.0:0,0:85.17:4403882:0.0:0
MRK_120619C78.5,U,U,U,U,U,0:82.92,0:83.25,0:82.88:8826647:0.0:0,0:83.59:6322300:0.0:0,0:83.28:3459151:0.0:0,0:84.12:8104363:0.0:0,0:114.62:359207:0.0:0,0:84.55:7530698:0.0:0,0:84.9:9017700:0.0:0,U:84.13:10211803::,:84.65:9247540:U:U,0:85.17:4403882:0.0:0
MRK_121319C75,U,U,U,U,U,0:82.92,0:83.25,0:82.88:8826647:0.0:0,0:83.59:6322300:0.0:0,0:83.28:3459151:0.0:0,0:84.12:8104363:0.0:0,0:114.62:359207:0.0:0,0:84.55:7530698:0.0:0,0:84.9:9017700:0.0:0,U:84.13:10211803::,0:84.65:9247540:0.0:0,0:85.17:4403882:0.0:0
MRK_121319C78.5,U,U,U,U,U,0:82.92,0:83.25,0:82.88:8826647:0.0:0,0:83.59:6322300:0.0:0,0:83.28:3459151:0.0:0,0:84.12:8104363:0.0:0,0:114.62:359207:0.0:0,0:84.55:7530698:0.0:0,0:84.9:9017700:0.0:0,U:84.13:10211803::,0:84.65:9247540:0.0:0,0:85.17:4403882:0.0:0
MRK_121319C77.5,U,U,U,U,U,U,U,0:82.88:8826647:0.0:0,0:83.59:6322300:0.0:0,0:83.28:3459151:0.0:0,0:84.12:8104363:0.0:0,0:114.62:359207:0.0:0,0:84.55:7530698:0.0:0,0:84.9:9017700:0.0:0,0:84.13:10211803:0.0:0,:84.65:9247540:U:U,0:85.17:4403882:0.0:0
MRK_122719C78,U,U,U,U,U,U,U,0:82.88:8826647:0.0:0,0:83.59:6322300:0.0:0,0:83.28:3459151:0.0:0,0:84.12:8104363:0.0:0,0:114.62:359207:0.0:0,0:84.55:7530698:0.0:0,0:84.9:9017700:0.0:0,U:84.13:10211803::,:84.65:9247540:U:U,0:85.17:4403882:0.0:0
MRK_122719C78.5,U,U,U,U,U,U,U,0:82.88:8826647:0.0:0,0:83.59:6322300:0.0:0,0:83.28:3459151:0.0:0,0:84.12:8104363:0.0:0,0:114.62:359207:0.0:0,0:84.55:7530698:0.0:0,0:84.9:9017700:0.0:0,U:84.13:10211803::,:84.65:9247540:U:U,0:85.17:4403882:0.0:0
MRK_122719C79,U,U,U,U,U,U,U,0:82.88:8826647:0.0:0,0:83.59:6322300:0.0:0,0:83.28:3459151:0.0:0,0:84.12:8104363:0.0:0,0:114.62:359207:0.0:0,0:84.55:7530698:0.0:0,0:84.9:9017700:0.0:0,U:84.13:10211803::,0:84.65:9247540:0.0:0,0:85.17:4403882:0.0:0
MRK_122719C79.5,U,U,U,U,U,U,U,0:82.88:8826647:0.0:0,0:83.59:6322300:0.0:0,0:83.28:3459151:0.0:0,0:84.12:8104363:0.0:0,0:114.62:359207:0.0:0,0:84.55:7530698:0.0:0,0:84.9:9017700:0.0:0,0:84.13:10211803:0.0:0,:84.65:9247540:U:U,0:85.17:4403882:0.0:0
MRK_122719C80,U,U,U,U,U,U,U,0:82.88:8826647:0.0:0,0:83.59:6322300:0.0:0,0:83.28:3459151:0.0:0,0:84.12:8104363:5.1:1,U:114.62:359207::,1:84.55:7530698:5.1:0,1:84.9:9017700:5.1:0,1:84.13:10211803:5.1:0,1:84.65:9247540:5.1:0,1:85.17:4403882:5.1:0
MRK_122719C80.5,U,U,U,U,U,U,U,0:82.88:8826647:0.0:0,0:83.59:6322300:0.0:0,0:83.28:3459151:0.0:0,0:84.12:8104363:0.0:0,0:114.62:359207:0.0:0,0:84.55:7530698:0.0:0,0:84.9:9017700:0.0:0,0:84.13:10211803:0.0:0,0:84.65:9247540:0.0:0,0:85.17:4403882:0.0:0
MRK_122719C81,U,U,U,U,U,U,U,0:82.88:8826647:0.0:0,0:83.59:6322300:0.0:0,0:83.28:3459151:0.0:0,0:84.12:8104363:4.15:1,1:114.62:359207:4.15:0,1:84.55:7530698:4.15:0,1:84.9:9017700:4.15:0,1:84.13:10211803:4.15:0,1:84.65:9247540:4.15:0,1:85.17:4403882:4.15:0
MRK_122719C81.5,U,U,U,U,U,U,U,0:82.88:8826647:0.0:0,0:83.59:6322300:0.0:0,0:83.28:3459151:0.0:0,0:84.12:8104363:0.0:0,0:114.62:359207:0.0:0,0:84.55:7530698:0.0:0,0:84.9:9017700:0.0:0,0:84.13:10211803:0.0:0,0:84.65:9247540:0.0:0,0:85.17:4403882:0.0:0
MRK_122719C82,U,U,U,U,U,U,U,0:82.88:8826647:0.0:0,0:83.59:6322300:2.83:1,1:83.28:3459151:2.83:0,1:84.12:8104363:2.83:0,1:114.62:359207:2.83:0,1:84.55:7530698:2.83:0,1:84.9:9017700:2.83:0,1:84.13:10211803:2.83:0,1:84.65:9247540:2.83:0,1:85.17:4403882:2.83:0
MRK_122719C82.5,U,U,U,U,U,U,U,0:82.88:8826647:0.0:0,0:83.59:6322300:0.0:0,0:83.28:3459151:0.0:0,0:84.12:8104363:0.0:0,0:114.62:359207:0.0:0,0:84.55:7530698:0.0:0,0:84.9:9017700:0.0:0,0:84.13:10211803:0.0:0,0:84.65:9247540:0.0:0,0:85.17:4403882:0.0:0
MRK_122719C83,U,U,U,U,U,U,U,0:82.88:8826647:0.0:0,0:83.59:6322300:0.0:0,0:83.28:3459151:1.89:2,2:84.12:8104363:1.89:0,2:114.62:359207:2.56:1,3:84.55:7530698:2.34:5,8:84.9:9017700:2.34:0,8:84.13:10211803:2.34:0,8:84.65:9247540:2.34:0,8:85.17:4403882:2.34:0
MRK_122719C83.5,U,U,U,U,U,U,U,0:82.88:8826647:0.0:0,0:83.59:6322300:2.09:6,6:83.28:3459151:1.67:3,9:84.12:8104363:2.12:2,11:114.62:359207:2.12:0,11:84.55:7530698:2.04:2,13:84.9:9017700:2.95:2,11:84.13:10211803:2.95:0,11:84.65:9247540:2.95:0,11:85.17:4403882:2.95:0
MRK_122719C84,U,U,U,U,U,U,U,0:82.88:8826647:0.0:0,0:83.59:6322300:0.0:0,0:83.28:3459151:1.73:1,1:84.12:8104363:1.73:0,1:114.62:359207:2.23:1,2:84.55:7530698:1.9:4,5:84.9:9017700:2.31:1,6:84.13:10211803:2.31:0,6:84.65:9247540:2.2:50,56:85.17:4403882:2.31:2
MRK_122719C84.5,U,U,U,U,U,U,U,0:82.88:8826647:0.0:0,0:83.59:6322300:0.0:0,0:83.28:3459151:0.0:0,0:84.12:8104363:0.0:0,0:114.62:359207:0.0:0,10:84.55:7530698:1.59:1,11:84.9:9017700:1.59:0,11:84.13:10211803:1.57:1,12:84.65:9247540:1.72:252,266:85.17:4403882:1.72:0
MRK_122719C85,U,U,U,U,U,U,U,0:82.88:8826647:0.0:0,0:83.59:6322300:1.22:21,21:83.28:3459151:1.04:3,24:84.12:8104363:1.55:20,44:114.62:359207:1.85:18,44:84.55:7530698:1.44:63,90:84.9:9017700:1.75:11,90:84.13:10211803:1.24:114,162:84.65:9247540:1.51:10,168:85.17:4403882:1.77:4
MRK_122719C85.5,U,U,U,U,U,U,U,0:82.88:8826647:0.0:0,0:83.59:6322300:0.0:0,0:83.28:3459151:0.93:7,7:84.12:8104363:0.93:0,U:114.62:359207::,16:84.55:7530698:1.59:10,26:84.9:9017700:1.5:1,27:84.13:10211803:1.5:0,27:84.65:9247540:1.23:35,56:85.17:4403882:1.23:0
MRK_122719C86,U,U,U,U,U,U,U,0:82.88:8826647:0.69:4,4:83.59:6322300:0.69:0,4:83.28:3459151:0.72:1,5:84.12:8104363:0.72:0,5:114.62:359207:1.2:3,8:84.55:7530698:1.08:2,10:84.9:9017700:1.26:22,32:84.13:10211803:0.86:1,32:84.65:9247540:0.92:67,95:85.17:4403882:1.2:5
MRK_122719C86.5,U,U,U,U,U,U,U,0:82.88:8826647:0.0:0,0:83.59:6322300:0.0:0,0:83.28:3459151:0.0:0,0:84.12:8104363:0.0:0,0:114.62:359207:0.0:0,2:84.55:7530698:0.85:3,3:84.9:9017700:0.85:0,3:84.13:10211803:0.85:0,3:84.65:9247540:0.79:15,18:85.17:4403882:0.79:0
MRK_122719C87,U,U,U,U,U,U,U,0:82.88:8826647:0.0:0,0:83.59:6322300:0.6:1,1:83.28:3459151:0.56:2,3:84.12:8104363:0.82:1,4:114.62:359207:0.82:0,4:84.55:7530698:0.65:31,30:84.9:9017700:1.0:2,32:84.13:10211803:1.0:0,32:84.65:9247540:0.7:58,87:85.17:4403882:0.78:1
MRK_122719C87.5,U,U,U,U,U,U,U,0:82.88:8826647:0.0:0,0:83.59:6322300:0.0:0,0:83.28:3459151:0.0:0,0:84.12:8104363:0.58:99,U:114.62:359207::,78:84.55:7530698:0.64:23,98:84.9:9017700:0.8:1,99:84.13:10211803:0.44:10,107:84.65:9247540:0.5:412,491:85.17:4403882:0.55:1
MRK_122719C88,U,U,U,U,U,U,U,U,0:83.59:6322300:0.0:0,0:83.28:3459151:0.0:0,0:84.12:8104363:0.52:247,242:114.62:359207:0.65:3,243:84.55:7530698:0.44:16,257:84.9:9017700:0.68:20,268:84.13:10211803:0.68:0,268:84.65:9247540:0.68:0,268:85.17:4403882:0.68:0
MRK_122719C88.5,U,U,U,U,U,U,U,U,0:83.59:6322300:0.0:0,0:83.28:3459151:0.0:0,0:84.12:8104363:0.0:0,0:114.62:359207:0.5:5,5:84.55:7530698:0.5:0,5:84.9:9017700:0.48:1,5:84.13:10211803:0.48:0,5:84.65:9247540:0.48:0,5:85.17:4403882:0.48:0
MRK_112219C89,U,U,U,U,U,U,U,U,U,U,0:84.12:8104363:0.0:0,0:114.62:359207:0.0:0,0:84.55:7530698:0.0:0,0:84.9:9017700:0.0:0,0:84.13:10211803:0.0:0,0:84.65:9247540:0.0:0,0:85.17:4403882:0.0:0
MRK_122719C89,U,U,U,U,U,U,U,U,U,U,0:84.12:8104363:0.0:0,0:114.62:359207:0.0:0,0:84.55:7530698:0.0:0,15:84.9:9017700:0.0:0,15:84.13:10211803:0.0:0,15:84.65:9247540:0.23:255,255:85.17:4403882:0.23:0
MRK_011720C100,U,U,U,U,U,U,U,U,U,U,U,U,7025:84.55:7530698:0.02:86,6996:84.9:9017700:0.02:54,6949:84.13:10211803:0.02:50,6999:84.65:9247540:0.01:24,7001:85.17:4403882:0.01:0
MRK_011720C105,U,U,U,U,U,U,U,U,U,U,U,U,464:84.55:7530698:0.03:0,464:84.9:9017700:0.03:0,464:84.13:10211803:0.03:0,464:84.65:9247540:0.03:0,464:85.17:4403882:0.03:0
MRK_011720C110,U,U,U,U,U,U,U,U,U,U,U,U,373:84.55:7530698:0.01:0,373:84.9:9017700:0.01:0,373:84.13:10211803:0.01:0,373:84.65:9247540:0.01:0,373:85.17:4403882:0.01:0
MRK_011720C115,U,U,U,U,U,U,U,U,U,U,U,U,337:84.55:7530698:0.01:0,337:84.9:9017700:0.01:0,337:84.13:10211803:0.01:0,337:84.65:9247540:0.01:0,337:85.17:4403882:0.01:0
MRK_011720C60,U,U,U,U,U,U,U,U,U,U,U,U,1163:84.55:7530698:25.81:0,1163:84.9:9017700:25.1:2,1163:84.13:10211803:25.1:0,1163:84.65:9247540:24.24:26,1183:85.17:4403882:24.24:0
MRK_011720C62.5,U,U,U,U,U,U,U,U,U,U,U,U,273:84.55:7530698:22.65:0,273:84.9:9017700:22.65:0,273:84.13:10211803:22.65:0,273:84.65:9247540:22.65:0,273:85.17:4403882:22.65:0
MRK_011720C65,U,U,U,U,U,U,U,U,U,U,U,U,1214:84.55:7530698:19.0:1,1214:84.9:9017700:20.25:1,1213:84.13:10211803:19.53:4,1210:84.65:9247540:19.53:0,1210:85.17:4403882:19.53:0
MRK_011720C67.5,U,U,U,U,U,U,U,U,U,U,U,U,1345:84.55:7530698:16.7:2,1345:84.9:9017700:16.7:0,1345:84.13:10211803:16.7:0,1345:84.65:9247540:16.7:0,1345:85.17:4403882:16.7:0
MRK_011720C70,U,U,U,U,U,U,U,U,U,U,U,U,1322:84.55:7530698:14.95:0,1322:84.9:9017700:14.95:0,1322:84.13:10211803:14.36:3,1321:84.65:9247540:14.36:0,1321:85.17:4403882:14.78:3
MRK_011720C72.5,U,U,U,U,U,U,U,U,U,U,U,U,2763:84.55:7530698:12.68:0,2763:84.9:9017700:12.68:0,2763:84.13:10211803:12.68:0,2763:84.65:9247540:12.5:52,2727:85.17:4403882:12.69:2
MRK_011720C75,U,U,U,U,U,U,U,U,U,U,U,U,5215:84.55:7530698:9.45:18,5220:84.9:9017700:10.38:9,5226:84.13:10211803:9.44:39,5259:84.65:9247540:9.95:27,5261:85.17:4403882:10.5:10
MRK_011720C77.5,U,U,U,U,U,U,U,U,U,U,U,U,1874:84.55:7530698:7.13:1,1874:84.9:9017700:8.25:1,1873:84.13:10211803:7.1:6,1870:84.65:9247540:7.1:0,1870:85.17:4403882:7.1:0
MRK_011720C80,U,U,U,U,U,U,U,U,U,U,U,U,5448:84.55:7530698:5.05:22,5464:84.9:9017700:5.6:101,5547:84.13:10211803:4.9:70,5517:84.65:9247540:5.57:41,5517:85.17:4403882:5.78:68
MRK_011720C82.5,U,U,U,U,U,U,U,U,U,U,U,U,4013:84.55:7530698:3.55:22,4024:84.9:9017700:3.75:48,3995:84.13:10211803:3.1:34,4010:84.65:9247540:3.45:68,3993:85.17:4403882:3.9:43
MRK_011720C85,U,U,U,U,U,U,U,U,U,U,U,U,12110:84.55:7530698:2.01:274,12174:84.9:9017700:2.18:178,12115:84.13:10211803:1.68:248,12180:84.65:9247540:1.99:375,12329:85.17:4403882:2.2:224
MRK_011720C87.5,U,U,U,U,U,U,U,U,U,U,U,U,20777:84.55:7530698:0.98:232,20562:84.9:9017700:1.14:1327,21663:84.13:10211803:0.77:8739,28757:84.65:9247540:0.94:418,29283:85.17:4403882:1.11:245
MRK_011720C90,U,U,U,U,U,U,U,U,U,U,U,U,12348:84.55:7530698:0.47:731,12088:84.9:9017700:0.52:347,12131:84.13:10211803:0.32:2237,12589:84.65:9247540:0.4:643,12640:85.17:4403882:0.46:270
MRK_011720C92.5,U,U,U,U,U,U,U,U,U,U,U,U,5743:84.55:7530698:0.19:15,5754:84.9:9017700:0.28:6,5754:84.13:10211803:0.14:2107,7746:84.65:9247540:0.13:17,7761:85.17:4403882:0.16:37
MRK_011720C95,U,U,U,U,U,U,U,U,U,U,U,U,4866:84.55:7530698:0.08:5,4869:84.9:9017700:0.09:71,4821:84.13:10211803:0.06:3,4824:84.65:9247540:0.06:37,4831:85.17:4403882:0.05:31
MRK_122719C89.5,U,U,U,U,U,U,U,U,U,U,U,U,0:84.55:7530698:0.0:0,14:84.9:9017700:0.0:0,14:84.13:10211803:0.0:0,14:84.65:9247540:0.12:1,14:85.17:4403882:0.12:0
MRK_122019C79.5,U,U,U,U,U,U,U,U,U,U,U,U,U,U,0:84.13:10211803:0.0:0,0:84.65:9247540:0.0:0,0:85.17:4403882:0.0:0
MRK_122019C80.5,U,U,U,U,U,U,U,U,U,U,U,U,U,U,0:84.13:10211803:0.0:0,0:84.65:9247540:0.0:0,0:85.17:4403882:0.0:0
MRK_122019C81,U,U,U,U,U,U,U,U,U,U,U,U,U,U,0:84.13:10211803:3.65:1,1:84.65:9247540:4.3:1,1:85.17:4403882:4.3:0
MRK_122019C81.5,U,U,U,U,U,U,U,U,U,U,U,U,U,U,0:84.13:10211803:0.0:0,0:84.65:9247540:0.0:0,0:85.17:4403882:0.0:0
MRK_122019C82,U,U,U,U,U,U,U,U,U,U,U,U,U,U,0:84.13:10211803:0.0:0,0:84.65:9247540:3.33:1,1:85.17:4403882:3.33:0
MRK_122019C83,U,U,U,U,U,U,U,U,U,U,U,U,U,U,0:84.13:10211803:2.3:3,3:84.65:9247540:2.7:5,6:85.17:4403882:2.7:0
MRK_122019C83.5,U,U,U,U,U,U,U,U,U,U,U,U,U,U,0:84.13:10211803:2.02:158,151:84.65:9247540:2.0:6,151:85.17:4403882:2.0:0
MRK_122019C84,U,U,U,U,U,U,U,U,U,U,U,U,U,U,0:84.13:10211803:1.64:228,222:84.65:9247540:2.0:234,417:85.17:4403882:2.04:4
MRK_122019C84.5,U,U,U,U,U,U,U,U,U,U,U,U,U,U,0:84.13:10211803:1.43:618,618:84.65:9247540:1.72:554,1021:85.17:4403882:1.76:62
MRK_122019C85.5,U,U,U,U,U,U,U,U,U,U,U,U,U,U,0:84.13:10211803:0.95:47,35:84.65:9247540:1.1:45,37:85.17:4403882:1.4:264
MRK_122019C86,U,U,U,U,U,U,U,U,U,U,U,U,U,U,0:84.13:10211803:0.78:23,19:84.65:9247540:0.96:112,117:85.17:4403882:1.13:40
MRK_122019C86.5,U,U,U,U,U,U,U,U,U,U,U,U,U,U,0:84.13:10211803:0.59:38,36:84.65:9247540:0.67:21,47:85.17:4403882:0.87:39
MRK_122019C87,U,U,U,U,U,U,U,U,U,U,U,U,U,U,0:84.13:10211803:0.47:175,133:84.65:9247540:0.62:102,176:85.17:4403882:0.74:246
MRK_122019C88,U,U,U,U,U,U,U,U,U,U,U,U,U,U,0:84.13:10211803:0.31:478,478:84.65:9247540:0.37:1,479:85.17:4403882:0.46:6
MRK_122019C88.5,U,U,U,U,U,U,U,U,U,U,U,U,U,U,0:84.13:10211803:0.0:0,0:84.65:9247540:0.27:1752,1569:85.17:4403882:0.27:0
MRK_122019C89,U,U,U,U,U,U,U,U,U,U,U,U,U,U,0:84.13:10211803:0.21:10,10:84.65:9247540:0.17:15,25:85.17:4403882:0.27:1
MRK_122019C89.5,U,U,U,U,U,U,U,U,U,U,U,U,U,U,U,0:84.65:9247540:0.16:29,29:85.17:4403882:0.16:0
MRK_122719C90,U,U,U,U,U,U,U,U,U,U,U,U,U,U,U,U,6:85.17:4403882:0.25:0
