Symbol,20191028,20191029,20191030,20191031,20191101,20191104,20191105,20191106,20191107,20191108,20191111,20191112,20191113,20191114,20191115,20191118,20191120,20191121,20191122
OLED_112219C152.5,0:175.99,0:175.02,0:173.65,0:200.18,0.0,0:201.55,0:201.67,0:198.83,0:199.02:418060:0.0:0,0:199.88:416532:0.0:0,0:198.98:367329:0.0:0,0:203.63:635596:0.0:0,0:200.7:562956:0.0:0,0:199.44:241093:0.0:0,0:202.29:372397:0.0:0,0:202.68:234995:0.0:0,0:200.87:261563:0.0:0,0:197.65:239009:0.0:0,0:192.9:474505:0.0:0
OLED_112219C155,0:175.99,0:175.02,0:173.65,0:200.18,0.0,0:201.55,0:201.67,0:198.83,0:199.02:418060:0.0:0,0:199.88:416532:0.0:0,0:198.98:367329:0.0:0,0:203.63:635596:0.0:0,0:200.7:562956:0.0:0,0:199.44:241093:0.0:0,0:202.29:372397:0.0:0,0:202.68:234995:0.0:0,0:200.87:261563:0.0:0,0:197.65:239009:0.0:0,0:192.9:474505:0.0:0
OLED_112219C157.5,2:175.99,2:175.02,2:173.65,2:200.18,2.0,2:201.55,2:201.67,2:198.83,1:199.02:418060:42.68:1,0:199.88:416532:42.68:0,0:198.98:367329:42.68:0,0:203.63:635596:42.68:0,0:200.7:562956:42.68:0,0:199.44:241093:42.68:0,0:202.29:372397:42.68:0,U:202.68:234995::,0:200.87:261563:42.68:0,0:197.65:239009:42.68:0,0:192.9:474505:42.68:0
OLED_112219C160,0:175.99,0:175.02,0:173.65,10:200.18,0.0,0:201.55,0:201.67,0:198.83,0:199.02:418060:36.15:0,0:199.88:416532:36.15:0,0:198.98:367329:36.15:0,0:203.63:635596:36.15:0,0:200.7:562956:36.15:0,0:199.44:241093:36.15:0,0:202.29:372397:36.15:0,0:202.68:234995:36.15:0,0:200.87:261563:36.15:0,0:197.65:239009:36.15:0,0:192.9:474505:36.15:0
OLED_112219C162.5,0:175.99,1:175.02,1:173.65,1:200.18,1.0,1:201.55,1:201.67,1:198.83,1:199.02:418060:20.1:0,1:199.88:416532:20.1:0,1:198.98:367329:20.1:0,1:203.63:635596:20.1:0,1:200.7:562956:20.1:0,1:199.44:241093:20.1:0,1:202.29:372397:20.1:0,U:202.68:234995::,1:200.87:261563:20.1:0,1:197.65:239009:20.1:0,1:192.9:474505:20.1:0
OLED_112219C165,6:175.99,7:175.02,7:173.65,11:200.18,22.0,22:201.55,22:201.67,22:198.83,22:199.02:418060:34.0:0,22:199.88:416532:34.0:0,22:198.98:367329:34.0:0,22:203.63:635596:34.0:0,22:200.7:562956:34.0:0,22:199.44:241093:34.0:0,22:202.29:372397:34.0:0,22:202.68:234995:34.0:0,22:200.87:261563:34.0:0,22:197.65:239009:34.0:0,22:192.9:474505:34.0:0
OLED_112219C167.5,0:175.99,0:175.02,0:173.65,0:200.18,0.0,1:201.55,1:201.67,1:198.83,1:199.02:418060:31.5:0,1:199.88:416532:31.5:0,1:198.98:367329:31.5:0,1:203.63:635596:31.5:0,1:200.7:562956:31.5:0,1:199.44:241093:31.5:0,1:202.29:372397:31.5:0,U:202.68:234995::,1:200.87:261563:31.5:0,1:197.65:239009:33.0:1,1:192.9:474505:33.0:0
OLED_112219C170,1:175.99,1:175.02,1:173.65,1:200.18,2.0,2:201.55,2:201.67,2:198.83,2:199.02:418060:31.9:1,2:199.88:416532:31.9:0,2:198.98:367329:31.9:0,2:203.63:635596:31.9:0,2:200.7:562956:31.9:0,2:199.44:241093:31.9:0,2:202.29:372397:31.9:0,U:202.68:234995::,2:200.87:261563:31.9:0,2:197.65:239009:31.9:0,[2:192.9:474505:31.9:0
OLED_112219C172.5,0:175.99,0:175.02,0:173.65,2:200.18,1.0,1:201.55,1:201.67,1:198.83,1:199.02:418060:25.32:0,1:199.88:416532:25.32:0,1:198.98:367329:25.32:0,1:203.63:635596:25.32:0,1:200.7:562956:25.32:0,1:199.44:241093:25.32:0,1:202.29:372397:25.32:0,1:202.68:234995:25.32:0,1:200.87:261563:25.32:0,1:197.65:239009:25.32:0,[1:192.9:474505:25.32:0
OLED_112219C175,12:175.99,13:175.02,13:173.65,14:200.18,13.0,13:201.55,13:201.67,13:198.83,13:199.02:418060:25.41:0,13:199.88:416532:25.41:0,13:198.98:367329:25.41:0,13:203.63:635596:25.41:0,13:200.7:562956:22.3:1,13:199.44:241093:22.3:0,13:202.29:372397:22.3:0,13:202.68:234995:22.3:0,13:200.87:261563:22.3:0,13:197.65:239009:22.3:0,[13:192.9:474505:17.44:4
OLED_112219C177.5,7:175.99,7:175.02,8:173.65,8:200.18,8.0,8:201.55,7:201.67,7:198.83,7:199.02:418060:23.17:0,7:199.88:416532:23.17:0,7:198.98:367329:23.17:0,7:203.63:635596:23.17:0,7:200.7:562956:23.17:0,7:199.44:241093:23.17:0,7:202.29:372397:23.17:0,7:202.68:234995:23.17:0,7:200.87:261563:23.17:0,7:197.65:239009:23.17:0,[7:192.9:474505:23.17:0
OLED_112219C180,41:175.99,69:175.02,69:173.65,39:200.18,34.0,34:201.55,34:201.67,34:198.83,34:199.02:418060:23.39:0,34:199.88:416532:23.39:0,34:198.98:367329:23.39:0,34:203.63:635596:23.39:0,34:200.7:562956:23.39:0,34:199.44:241093:23.39:0,34:202.29:372397:23.39:0,34:202.68:234995:23.39:0,34:200.87:261563:19.71:20,23:197.65:239009:19.71:0,[23:192.9:474505:19.71:0
OLED_112219C182.5,4:175.99,4:175.02,4:173.65,4:200.18,4.0,4:201.55,4:201.67,4:198.83,4:199.02:418060:20.8:22,25:199.88:416532:20.8:0,25:198.98:367329:20.8:0,25:203.63:635596:20.8:0,25:200.7:562956:20.8:0,25:199.44:241093:20.8:0,25:202.29:372397:20.8:0,25:202.68:234995:20.8:0,22:200.87:261563:18.67:0,22:197.65:239009:18.67:0,[22:192.9:474505:18.67:0
OLED_112219C185,7:175.99,19:175.02,20:173.65,24:200.18,22.0,22:201.55,21:201.67,21:198.83,21:199.02:418060:16.01:0,21:199.88:416532:16.01:0,21:198.98:367329:16.01:0,21:203.63:635596:21.01:2,19:200.7:562956:21.01:0,19:199.44:241093:21.01:0,19:202.29:372397:21.01:0,19:202.68:234995:21.01:0,19:200.87:261563:21.01:0,19:197.65:239009:21.01:0,[19:192.9:474505:21.01:0
OLED_112219C187.5,0:175.99,0:175.02,0:173.65,0:200.18,0.0,2:201.55,2:201.67,2:198.83,4:199.02:418060:14.4:0,4:199.88:416532:14.4:0,4:198.98:367329:14.4:0,4:203.63:635596:18.54:1,4:200.7:562956:18.54:0,4:199.44:241093:18.54:0,4:202.29:372397:18.54:0,4:202.68:234995:18.54:0,4:200.87:261563:14.3:0,4:197.65:239009:14.3:0,[4:192.9:474505:4.2:1
OLED_112219C190,4:175.99,5:175.02,5:173.65,5:200.18,15.0,429:201.55,429:201.67,429:198.83,434:199.02:418060:11.7:2,434:199.88:416532:11.7:0,434:198.98:367329:11.7:0,434:203.63:635596:17.3:60,452:200.7:562956:11.8:25,450:199.44:241093:9.2:25,450:202.29:372397:13.1:33,458:202.68:234995:13.9:50,492:200.87:261563:10.44:45,462:197.65:239009:10.44:0,[462:192.9:474505:3.31:426
OLED_112219C192.5,7:175.99,7:175.02,7:173.65,7:200.18,7.0,7:201.55,11:201.67,12:198.83,12:199.02:418060:12.5:0,12:199.88:416532:12.5:0,12:198.98:367329:12.5:0,12:203.63:635596:12.5:0,12:200.7:562956:12.5:0,12:199.44:241093:12.5:0,12:202.29:372397:10.46:1,12:202.68:234995:10.46:0,12:200.87:261563:10.46:0,12:197.65:239009:10.46:0,[12:192.9:474505:1.14:106
OLED_112219C195,9:175.99,9:175.02,9:173.65,9:200.18,10.0,10:201.55,10:201.67,10:198.83,10:199.02:418060:10.12:0,10:199.88:416532:10.12:0,10:198.98:367329:10.12:0,10:203.63:635596:10.12:0,10:200.7:562956:10.12:0,10:199.44:241093:10.12:0,10:202.29:372397:10.12:0,10:202.68:234995:10.12:0,10:200.87:261563:5.83:1,9:197.65:239009:3.83:1,[9:192.9:474505:0.2:77
OLED_112219C197.5,0:175.99,0:175.02,0:173.65,0:200.18,10.0,14:201.55,16:201.67,16:198.83,16:199.02:418060:9.45:0,16:199.88:416532:9.45:0,16:198.98:367329:9.45:0,16:203.63:635596:8.32:4,18:200.7:562956:4.78:2,18:199.44:241093:4.65:2,19:202.29:372397:7.7:3,19:202.68:234995:5.5:10,101:200.87:261563:4.05:4,101:197.65:239009:1.7:33,[111:192.9:474505:0.05:21
OLED_112219C200,34:175.99,35:175.02,56:173.65,57:200.18,55.0,67:201.55,64:201.67,65:198.83,63:199.02:418060:4.77:2,64:199.88:416532:4.77:0,64:198.98:367329:4.4:130,138:203.63:635596:8.05:12,138:200.7:562956:4.1:36,153:199.44:241093:3.41:15,150:202.29:372397:5.35:20,148:202.68:234995:5.1:25,165:200.87:261563:2.5:28,164:197.65:239009:0.7:53,[167:192.9:474505:0.02:37
OLED_112919C152.5,0:175.99,0:175.02,0:173.65,0:200.18,0.0,0:201.55,0:201.67,0:198.83,0:199.02:418060:0.0:0,0:199.88:416532:0.0:0,0:198.98:367329:0.0:0,0:203.63:635596:0.0:0,0:200.7:562956:0.0:0,0:199.44:241093:0.0:0,0:202.29:372397:0.0:0,0:202.68:234995:0.0:0,0:200.87:261563:0.0:0,0:197.65:239009:0.0:0,0:192.9:474505:0.0:0
OLED_112919C155,0:175.99,0:175.02,0:173.65,0:200.18,0.0,0:201.55,0:201.67,0:198.83,0:199.02:418060:0.0:0,0:199.88:416532:0.0:0,0:198.98:367329:0.0:0,0:203.63:635596:0.0:0,0:200.7:562956:0.0:0,0:199.44:241093:0.0:0,0:202.29:372397:0.0:0,0:202.68:234995:0.0:0,0:200.87:261563:0.0:0,0:197.65:239009:0.0:0,0:192.9:474505:0.0:0
OLED_112919C157.5,0:175.99,0:175.02,0:173.65,0:200.18,0.0,0:201.55,0:201.67,0:198.83,0:199.02:418060:0.0:0,0:199.88:416532:0.0:0,0:198.98:367329:0.0:0,0:203.63:635596:0.0:0,0:200.7:562956:0.0:0,0:199.44:241093:0.0:0,0:202.29:372397:0.0:0,0:202.68:234995:0.0:0,0:200.87:261563:0.0:0,0:197.65:239009:0.0:0,U:192.9:474505:U:U
OLED_112919C160,0:175.99,0:175.02,0:173.65,0:200.18,5.0,5:201.55,5:201.67,5:198.83,5:199.02:418060:36.83:0,5:199.88:416532:36.83:0,5:198.98:367329:36.83:0,5:203.63:635596:36.83:0,5:200.7:562956:36.83:0,5:199.44:241093:36.83:0,5:202.29:372397:36.83:0,5:202.68:234995:36.83:0,5:200.87:261563:36.83:0,5:197.65:239009:36.83:0,5:192.9:474505:36.83:0
OLED_112919C162.5,1:175.99,1:175.02,1:173.65,1:200.18,1.0,1:201.55,1:201.67,1:198.83,1:199.02:418060:39.42:1,0:199.88:416532:39.42:0,0:198.98:367329:39.42:0,0:203.63:635596:39.42:0,0:200.7:562956:39.42:0,0:199.44:241093:39.42:0,0:202.29:372397:39.42:0,U:202.68:234995::,0:200.87:261563:39.42:0,0:197.65:239009:39.42:0,U:192.9:474505:U:U
OLED_112919C165,0:175.99,0:175.02,0:173.65,0:200.18,0.0,0:201.55,0:201.67,0:198.83,0:199.02:418060:0.0:0,0:199.88:416532:0.0:0,0:198.98:367329:0.0:0,0:203.63:635596:0.0:0,0:200.7:562956:0.0:0,0:199.44:241093:0.0:0,0:202.29:372397:0.0:0,0:202.68:234995:0.0:0,0:200.87:261563:0.0:0,0:197.65:239009:0.0:0,0:192.9:474505:0.0:0
OLED_112919C167.5,1:175.99,1:175.02,1:173.65,1:200.18,2.0,2:201.55,2:201.67,2:198.83,2:199.02:418060:34.28:1,2:199.88:416532:34.28:0,2:198.98:367329:32.22:1,2:203.63:635596:32.22:0,2:200.7:562956:32.22:0,2:199.44:241093:32.22:0,2:202.29:372397:32.22:0,U:202.68:234995::,2:200.87:261563:32.22:0,2:197.65:239009:32.22:0,2:192.9:474505:32.22:0
OLED_112919C170,3:175.99,3:175.02,3:173.65,3:200.18,1.0,1:201.55,1:201.67,1:198.83,1:199.02:418060:32.48:0,1:199.88:416532:32.48:0,1:198.98:367329:32.48:0,1:203.63:635596:32.48:0,1:200.7:562956:32.48:0,1:199.44:241093:32.48:0,1:202.29:372397:32.48:0,U:202.68:234995::,1:200.87:261563:32.48:0,1:197.65:239009:32.48:0,[1:192.9:474505:32.48:0
OLED_112919C172.5,0:175.99,0:175.02,0:173.65,0:200.18,0.0,0:201.55,0:201.67,0:198.83,0:199.02:418060:0.0:0,0:199.88:416532:0.0:0,0:198.98:367329:0.0:0,0:203.63:635596:0.0:0,0:200.7:562956:0.0:0,0:199.44:241093:0.0:0,0:202.29:372397:0.0:0,U:202.68:234995::,0:200.87:261563:0.0:0,0:197.65:239009:0.0:0,[0:192.9:474505:0.0:0
OLED_112919C175,4:175.99,4:175.02,4:173.65,4:200.18,4.0,4:201.55,4:201.67,4:198.83,4:199.02:418060:26.81:0,4:199.88:416532:26.81:0,4:198.98:367329:26.81:0,4:203.63:635596:26.81:0,4:200.7:562956:24.54:1,4:199.44:241093:24.54:0,4:202.29:372397:24.54:0,U:202.68:234995::,4:200.87:261563:24.54:0,4:197.65:239009:24.54:0,[4:192.9:474505:24.54:0
OLED_112919C177.5,5:175.99,5:175.02,5:173.65,5:200.18,5.0,5:201.55,5:201.67,5:198.83,5:199.02:418060:10.47:0,5:199.88:416532:10.47:0,5:198.98:367329:10.47:0,5:203.63:635596:10.47:0,5:200.7:562956:10.47:0,5:199.44:241093:10.47:0,5:202.29:372397:10.47:0,U:202.68:234995::,5:200.87:261563:10.47:0,5:197.65:239009:10.47:0,[5:192.9:474505:15.14:4
OLED_112919C180,24:175.99,25:175.02,25:173.65,25:200.18,24.0,25:201.55,25:201.67,24:198.83,24:199.02:418060:22.83:0,24:199.88:416532:22.83:0,24:198.98:367329:22.83:0,24:203.63:635596:22.83:0,24:200.7:562956:18.8:2,24:199.44:241093:18.8:0,24:202.29:372397:18.8:0,24:202.68:234995:18.8:0,24:200.87:261563:18.8:0,24:197.65:239009:18.8:0,[24:192.9:474505:12.64:100
OLED_112919C182.5,1:175.99,1:175.02,1:173.65,1:200.18,1.0,1:201.55,1:201.67,1:198.83,1:199.02:418060:8.4:0,1:199.88:416532:8.4:0,1:198.98:367329:8.4:0,1:203.63:635596:8.4:0,1:200.7:562956:8.4:0,1:199.44:241093:8.4:0,1:202.29:372397:8.4:0,1:202.68:234995:8.4:0,1:200.87:261563:8.4:0,1:197.65:239009:8.4:0,[1:192.9:474505:8.4:0
OLED_112919C185,0:175.99,0:175.02,0:173.65,0:200.18,0.0,6:201.55,7:201.67,7:198.83,7:199.02:418060:16.9:0,7:199.88:416532:16.9:0,7:198.98:367329:16.9:0,7:203.63:635596:16.9:0,7:200.7:562956:16.9:0,7:199.44:241093:16.9:0,7:202.29:372397:16.9:0,7:202.68:234995:16.9:0,7:200.87:261563:17.6:5,7:197.65:239009:17.6:0,[7:192.9:474505:17.6:0
OLED_112919C187.5,11:175.99,11:175.02,11:173.65,11:200.18,12.0,12:201.55,14:201.67,15:198.83,14:199.02:418060:15.0:0,14:199.88:416532:15.0:0,14:198.98:367329:15.0:0,14:203.63:635596:15.0:0,14:200.7:562956:12.0:1,14:199.44:241093:12.0:0,14:202.29:372397:12.0:0,14:202.68:234995:12.0:0,14:200.87:261563:12.0:0,14:197.65:239009:12.0:0,[14:192.9:474505:12.0:0
OLED_112919C190,0:175.99,3:175.02,3:173.65,7:200.18,12.0,12:201.55,12:201.67,9:198.83,9:199.02:418060:15.43:0,9:199.88:416532:15.43:0,9:198.98:367329:15.43:0,9:203.63:635596:15.43:0,9:200.7:562956:15.43:0,9:199.44:241093:15.43:0,9:202.29:372397:15.43:0,9:202.68:234995:15.43:0,9:200.87:261563:11.3:1,10:197.65:239009:11.3:0,[10:192.9:474505:4.54:111
OLED_112919C192.5,5:175.99,6:175.02,6:173.65,6:200.18,6.0,6:201.55,7:201.67,7:198.83,8:199.02:418060:10.9:0,8:199.88:416532:10.9:0,8:198.98:367329:10.9:0,8:203.63:635596:10.9:0,8:200.7:562956:10.9:0,8:199.44:241093:9.8:1,9:202.29:372397:11.48:400,408:202.68:234995:11.62:1,408:200.87:261563:11.62:0,408:197.65:239009:11.62:0,[408:192.9:474505:3.2:34
OLED_112919C195,0:175.99,0:175.02,0:173.65,6:200.18,13.0,13:201.55,15:201.67,11:198.83,11:199.02:418060:8.9:7,13:199.88:416532:9.1:1,14:198.98:367329:9.1:0,14:203.63:635596:9.1:0,14:200.7:562956:7.1:1,14:199.44:241093:7.2:1,14:202.29:372397:7.2:0,14:202.68:234995:9.6:4,15:200.87:261563:7.49:14,26:197.65:239009:7.49:0,[26:192.9:474505:2.14:37
OLED_112919C197.5,0:175.99,0:175.02,0:173.65,0:200.18,0.0,0:201.55,0:201.67,0:198.83,0:199.02:418060:7.5:4,4:199.88:416532:7.5:0,4:198.98:367329:7.5:0,4:203.63:635596:10.4:1,5:200.7:562956:6.83:10,8:199.44:241093:5.9:2,10:202.29:372397:7.96:2,10:202.68:234995:7.96:0,11:200.87:261563:6.1:1,10:197.65:239009:3.5:6,[14:192.9:474505:1.31:22
OLED_112919C200,2:175.99,2:175.02,2:173.65,4:200.18,5.0,5:201.55,5:201.67,6:198.83,6:199.02:418060:6.55:7,9:199.88:416532:6.0:1,10:198.98:367329:5.95:1,11:203.63:635596:7.9:126,133:200.7:562956:5.8:39,116:199.44:241093:4.7:6,118:202.29:372397:6.8:8,117:202.68:234995:6.2:3,117:200.87:261563:5.33:2,116:197.65:239009:2.8:35,[138:192.9:474505:0.8:54
OLED_120619C152.5,0:175.99,0:175.02,0:173.65,0:200.18,0.0,0:201.55,0:201.67,0:198.83,0:199.02:418060:0.0:0,0:199.88:416532:0.0:0,0:198.98:367329:0.0:0,0:203.63:635596:0.0:0,0:200.7:562956:0.0:0,0:199.44:241093:0.0:0,0:202.29:372397:0.0:0,0:202.68:234995:0.0:0,0:200.87:261563:0.0:0,0:197.65:239009:0.0:0,0:192.9:474505:0.0:0
OLED_120619C155,0:175.99,0:175.02,0:173.65,0:200.18,0.0,0:201.55,0:201.67,0:198.83,0:199.02:418060:0.0:0,0:199.88:416532:0.0:0,0:198.98:367329:0.0:0,0:203.63:635596:0.0:0,0:200.7:562956:0.0:0,0:199.44:241093:0.0:0,0:202.29:372397:0.0:0,0:202.68:234995:0.0:0,0:200.87:261563:0.0:0,0:197.65:239009:0.0:0,U:192.9:474505:U:U
OLED_120619C157.5,0:175.99,0:175.02,0:173.65,0:200.18,0.0,0:201.55,0:201.67,0:198.83,0:199.02:418060:0.0:0,0:199.88:416532:0.0:0,0:198.98:367329:0.0:0,0:203.63:635596:0.0:0,0:200.7:562956:0.0:0,0:199.44:241093:0.0:0,0:202.29:372397:0.0:0,0:202.68:234995:0.0:0,0:200.87:261563:0.0:0,0:197.65:239009:0.0:0,0:192.9:474505:0.0:0
OLED_120619C160,0:175.99,0:175.02,0:173.65,0:200.18,0.0,0:201.55,0:201.67,0:198.83,0:199.02:418060:0.0:0,0:199.88:416532:0.0:0,0:198.98:367329:0.0:0,0:203.63:635596:0.0:0,0:200.7:562956:0.0:0,0:199.44:241093:0.0:0,0:202.29:372397:0.0:0,0:202.68:234995:0.0:0,0:200.87:261563:0.0:0,0:197.65:239009:0.0:0,0:192.9:474505:0.0:0
OLED_120619C162.5,0:175.99,0:175.02,0:173.65,0:200.18,0.0,0:201.55,0:201.67,0:198.83,0:199.02:418060:0.0:0,0:199.88:416532:0.0:0,0:198.98:367329:0.0:0,0:203.63:635596:0.0:0,0:200.7:562956:0.0:0,0:199.44:241093:0.0:0,0:202.29:372397:0.0:0,0:202.68:234995:0.0:0,0:200.87:261563:0.0:0,0:197.65:239009:0.0:0,0:192.9:474505:0.0:0
OLED_120619C165,0:175.99,0:175.02,0:173.65,0:200.18,0.0,0:201.55,0:201.67,0:198.83,0:199.02:418060:0.0:0,0:199.88:416532:0.0:0,0:198.98:367329:0.0:0,0:203.63:635596:0.0:0,0:200.7:562956:0.0:0,0:199.44:241093:0.0:0,0:202.29:372397:0.0:0,0:202.68:234995:0.0:0,0:200.87:261563:0.0:0,0:197.65:239009:0.0:0,0:192.9:474505:0.0:0
OLED_120619C167.5,0:175.99,0:175.02,0:173.65,0:200.18,0.0,0:201.55,0:201.67,0:198.83,0:199.02:418060:0.0:0,0:199.88:416532:0.0:0,0:198.98:367329:0.0:0,0:203.63:635596:0.0:0,0:200.7:562956:0.0:0,0:199.44:241093:0.0:0,0:202.29:372397:0.0:0,0:202.68:234995:0.0:0,0:200.87:261563:0.0:0,0:197.65:239009:0.0:0,0:192.9:474505:0.0:0
OLED_120619C170,0:175.99,0:175.02,0:173.65,0:200.18,0.0,0:201.55,0:201.67,0:198.83,0:199.02:418060:0.0:0,0:199.88:416532:0.0:0,0:198.98:367329:0.0:0,0:203.63:635596:0.0:0,0:200.7:562956:0.0:0,0:199.44:241093:0.0:0,0:202.29:372397:0.0:0,0:202.68:234995:0.0:0,0:200.87:261563:0.0:0,0:197.65:239009:0.0:0,[0:192.9:474505:0.0:0
OLED_120619C172.5,0:175.99,0:175.02,0:173.65,1:200.18,1.0,1:201.55,1:201.67,1:198.83,1:199.02:418060:12.43:0,1:199.88:416532:12.43:0,1:198.98:367329:27.68:1,1:203.63:635596:27.68:0,1:200.7:562956:27.68:0,1:199.44:241093:27.68:0,1:202.29:372397:27.68:0,1:202.68:234995:27.68:0,1:200.87:261563:27.68:0,1:197.65:239009:27.68:0,[1:192.9:474505:27.68:0
OLED_120619C175,0:175.99,0:175.02,1:173.65,1:200.18,1.0,1:201.55,1:201.67,1:198.83,1:199.02:418060:13.95:0,1:199.88:416532:13.95:0,1:198.98:367329:13.95:0,1:203.63:635596:13.95:0,1:200.7:562956:25.07:1,2:199.44:241093:25.07:0,2:202.29:372397:25.07:0,U:202.68:234995::,2:200.87:261563:25.07:0,2:197.65:239009:25.07:0,[2:192.9:474505:25.07:0
OLED_120619C177.5,0:175.99,0:175.02,0:173.65,0:200.18,0.0,0:201.55,0:201.67,0:198.83,0:199.02:418060:26.5:20,20:199.88:416532:26.5:0,20:198.98:367329:26.5:0,20:203.63:635596:26.5:0,20:200.7:562956:26.5:0,20:199.44:241093:26.5:0,20:202.29:372397:26.5:0,U:202.68:234995::,20:200.87:261563:26.5:0,20:197.65:239009:26.5:0,[20:192.9:474505:26.5:0
OLED_120619C180,0:175.99,0:175.02,4:173.65,4:200.18,4.0,4:201.55,4:201.67,4:198.83,4:199.02:418060:10.0:0,4:199.88:416532:10.0:0,4:198.98:367329:10.0:0,4:203.63:635596:28.0:4,4:200.7:562956:28.0:0,4:199.44:241093:28.0:0,4:202.29:372397:28.0:0,4:202.68:234995:28.0:0,4:200.87:261563:28.0:0,4:197.65:239009:28.0:0,[4:192.9:474505:28.0:0
OLED_120619C182.5,0:175.99,0:175.02,0:173.65,0:200.18,0.0,0:201.55,0:201.67,0:198.83,0:199.02:418060:0.0:0,0:199.88:416532:0.0:0,0:198.98:367329:0.0:0,0:203.63:635596:0.0:0,0:200.7:562956:0.0:0,0:199.44:241093:0.0:0,0:202.29:372397:0.0:0,0:202.68:234995:0.0:0,0:200.87:261563:0.0:0,0:197.65:239009:0.0:0,[0:192.9:474505:0.0:0
OLED_120619C185,0:175.99,0:175.02,0:173.65,0:200.18,1.0,1:201.55,1:201.67,1:198.83,1:199.02:418060:14.65:0,1:199.88:416532:14.65:0,1:198.98:367329:14.65:0,1:203.63:635596:14.65:0,1:200.7:562956:15.2:1,0:199.44:241093:15.2:0,0:202.29:372397:15.2:0,0:202.68:234995:15.2:0,0:200.87:261563:15.2:0,0:197.65:239009:15.2:0,[0:192.9:474505:9.5:1
OLED_120619C187.5,0:175.99,0:175.02,1:173.65,1:200.18,1.0,9:201.55,11:201.67,11:198.83,12:199.02:418060:15.5:0,12:199.88:416532:15.5:0,12:198.98:367329:15.5:0,12:203.63:635596:19.86:2,14:200.7:562956:19.86:0,14:199.44:241093:19.86:0,14:202.29:372397:19.86:0,14:202.68:234995:19.86:0,14:200.87:261563:19.86:0,14:197.65:239009:19.86:0,[14:192.9:474505:19.86:0
OLED_120619C190,0:175.99,3:175.02,3:173.65,3:200.18,5.0,3:201.55,7:201.67,7:198.83,10:199.02:418060:15.2:5,6:199.88:416532:15.2:0,6:198.98:367329:15.2:0,6:203.63:635596:15.2:0,6:200.7:562956:15.2:0,6:199.44:241093:15.2:0,6:202.29:372397:15.2:0,6:202.68:234995:15.2:0,6:200.87:261563:15.2:0,6:197.65:239009:15.2:0,[6:192.9:474505:6.97:405
OLED_120619C192.5,0:175.99,0:175.02,0:173.65,0:200.18,1.0,1:201.55,1:201.67,1:198.83,1:199.02:418060:13.2:0,1:199.88:416532:13.2:0,1:198.98:367329:13.2:0,1:203.63:635596:13.2:0,1:200.7:562956:13.2:0,1:199.44:241093:13.2:0,1:202.29:372397:13.2:0,1:202.68:234995:13.2:0,1:200.87:261563:13.2:0,1:197.65:239009:13.2:0,[1:192.9:474505:5.4:19
OLED_120619C195,0:175.99,0:175.02,0:173.65,0:200.18,2.0,2:201.55,2:201.67,2:198.83,4:199.02:418060:11.3:0,4:199.88:416532:11.3:0,4:198.98:367329:11.3:0,4:203.63:635596:11.3:0,4:200.7:562956:11.3:0,4:199.44:241093:11.3:0,4:202.29:372397:11.8:10,14:202.68:234995:11.8:0,14:200.87:261563:10.2:0,14:197.65:239009:10.2:0,[14:192.9:474505:3.5:10
OLED_120619C197.5,0:175.99,0:175.02,0:173.65,0:200.18,1.0,7:201.55,7:201.67,7:198.83,9:199.02:418060:8.8:0,9:199.88:416532:8.8:0,9:198.98:367329:8.8:0,9:203.63:635596:8.8:0,9:200.7:562956:8.8:0,9:199.44:241093:8.8:0,9:202.29:372397:8.8:0,9:202.68:234995:8.8:0,11:200.87:261563:8.5:0,11:197.65:239009:8.5:0,[11:192.9:474505:3.3:7
OLED_120619C200,0:175.99,1:175.02,1:173.65,1:200.18,3.0,6:201.55,9:201.67,13:198.83,13:199.02:418060:7.1:4,17:199.88:416532:7.1:0,17:198.98:367329:6.6:1,17:203.63:635596:11.0:99,110:200.7:562956:7.1:107,36:199.44:241093:6.2:1,35:202.29:372397:6.2:0,35:202.68:234995:6.2:0,35:200.87:261563:6.2:0,35:197.65:239009:4.44:21,[50:192.9:474505:2.3:56
OLED_122019C130,20:175.99,20:175.02,20:173.65,20:200.18,20.0,20:201.55,20:201.67,20:198.83,20:199.02:418060:71.67:2,21:199.88:416532:69.0:2,23:198.98:367329:69.0:0,23:203.63:635596:69.0:0,23:200.7:562956:69.0:0,23:199.44:241093:69.0:0,23:202.29:372397:69.0:0,23:202.68:234995:69.0:0,23:200.87:261563:69.0:0,23:197.65:239009:69.0:0,23:192.9:474505:69.0:0
OLED_122019C135,32:175.99,32:175.02,32:173.65,32:200.18,32.0,33:201.55,34:201.67,34:198.83,34:199.02:418060:69.1:0,34:199.88:416532:69.1:0,34:198.98:367329:66.49:20,14:203.63:635596:66.49:0,14:200.7:562956:66.49:0,14:199.44:241093:66.49:0,14:202.29:372397:66.49:0,14:202.68:234995:66.49:0,14:200.87:261563:66.49:0,14:197.65:239009:66.49:0,14:192.9:474505:66.49:0
OLED_122019C140,27:175.99,27:175.02,27:173.65,27:200.18,27.0,27:201.55,27:201.67,27:198.83,27:199.02:418060:35.65:0,27:199.88:416532:35.65:0,27:198.98:367329:59.45:21,8:203.63:635596:59.45:0,8:200.7:562956:59.45:0,8:199.44:241093:59.45:0,8:202.29:372397:59.45:0,U:202.68:234995::,8:200.87:261563:63.08:1,8:197.65:239009:63.08:0,8:192.9:474505:63.08:0
OLED_122019C145,14:175.99,14:175.02,14:173.65,14:200.18,11.0,12:201.55,12:201.67,12:198.83,12:199.02:418060:54.55:1,12:199.88:416532:54.55:0,12:198.98:367329:54.55:0,12:203.63:635596:54.55:0,12:200.7:562956:54.55:0,12:199.44:241093:54.55:0,12:202.29:372397:54.55:0,U:202.68:234995::,12:200.87:261563:58.54:0,12:197.65:239009:54.3:1,11:192.9:474505:54.3:0
OLED_122019C150,9:175.99,9:175.02,9:173.65,9:200.18,9.0,10:201.55,11:201.67,11:198.83,11:199.02:418060:51.6:0,11:199.88:416532:51.6:0,11:198.98:367329:51.6:0,11:203.63:635596:51.6:0,11:200.7:562956:49.8:4,11:199.44:241093:49.8:0,11:202.29:372397:49.8:0,U:202.68:234995::,10:200.87:261563:53.2:0,10:197.65:239009:53.2:0,U:192.9:474505:U:U
OLED_122019C155,29:175.99,29:175.02,29:173.65,40:200.18,40.0,39:201.55,39:201.67,39:198.83,39:199.02:418060:49.0:0,39:199.88:416532:49.0:0,39:198.98:367329:49.0:0,39:203.63:635596:49.0:0,39:200.7:562956:49.0:0,39:199.44:241093:49.0:0,39:202.29:372397:49.0:0,U:202.68:234995::,39:200.87:261563:49.0:0,39:197.65:239009:42.66:1,39:192.9:474505:36.05:1
OLED_122019C160,25:175.99,25:175.02,25:173.65,27:200.18,26.0,26:201.55,25:201.67,25:198.83,25:199.02:418060:41.8:1,25:199.88:416532:41.0:1,25:198.98:367329:41.0:0,25:203.63:635596:41.0:0,25:200.7:562956:41.0:0,25:199.44:241093:41.0:0,25:202.29:372397:41.0:0,U:202.68:234995::,24:200.87:261563:43.42:0,24:197.65:239009:43.42:0,[24:192.9:474505:32.82:1
OLED_122019C165,73:175.99,73:175.02,73:173.65,73:200.18,62.0,62:201.55,62:201.67,62:198.83,62:199.02:418060:39.24:0,62:199.88:416532:39.24:0,62:198.98:367329:39.24:0,62:203.63:635596:39.24:0,62:200.7:562956:39.24:0,62:199.44:241093:39.24:0,62:202.29:372397:39.24:0,62:202.68:234995:39.24:0,61:200.87:261563:37.82:0,61:197.65:239009:37.82:0,[61:192.9:474505:37.82:0
OLED_122019C170,102:175.99,103:175.02,102:173.65,123:200.18,115.0,115:201.55,115:201.67,115:198.83,115:199.02:418060:32.47:0,115:199.88:416532:32.85:10,105:198.98:367329:32.85:0,105:203.63:635596:35.0:10,105:200.7:562956:35.0:0,105:199.44:241093:35.0:0,105:202.29:372397:35.0:0,105:202.68:234995:33.8:1,104:200.87:261563:31.52:1,104:197.65:239009:31.52:0,[104:192.9:474505:23.44:16
OLED_122019C175,52:175.99,74:175.02,82:173.65,118:200.18,116.0,106:201.55,100:201.67,100:198.83,100:199.02:418060:27.3:26,110:199.88:416532:27.55:2,110:198.98:367329:27.55:0,110:203.63:635596:33.0:11,108:200.7:562956:26.0:3,109:199.44:241093:26.45:3,111:202.29:372397:26.45:0,U:202.68:234995::,111:200.87:261563:26.45:0,111:197.65:239009:26.45:0,[111:192.9:474505:26.45:0
OLED_122019C180,81:175.99,85:175.02,85:173.65,99:200.18,91.0,92:201.55,102:201.67,103:198.83,104:199.02:418060:23.33:11,95:199.88:416532:24.13:1,96:198.98:367329:24.13:0,96:203.63:635596:25.82:2,96:200.7:562956:22.68:2,96:199.44:241093:22.31:2,97:202.29:372397:24.2:14,106:202.68:234995:24.2:0,106:200.87:261563:24.33:16,121:197.65:239009:19.95:1,[121:192.9:474505:15.43:1
OLED_122019C185,158:175.99,161:175.02,161:173.65,161:200.18,161.0,161:201.55,163:201.67,164:198.83,164:199.02:418060:21.6:0,164:199.88:416532:21.6:0,164:198.98:367329:21.6:0,164:203.63:635596:23.41:2,165:200.7:562956:23.41:0,165:199.44:241093:23.41:0,165:202.29:372397:20.9:17,180:202.68:234995:21.2:37,185:200.87:261563:17.71:24,205:197.65:239009:17.71:0,[205:192.9:474505:11.2:1
OLED_122019C190,147:175.99,147:175.02,147:173.65,148:200.18,151.0,153:201.55,150:201.67,148:198.83,151:199.02:418060:16.57:5,155:199.88:416532:15.73:3,154:198.98:367329:15.73:0,154:203.63:635596:20.8:22,161:200.7:562956:15.8:2,162:199.44:241093:15.8:0,162:202.29:372397:15.8:0,162:202.68:234995:15.8:0,161:200.87:261563:13.9:1,160:197.65:239009:13.9:0,[160:192.9:474505:8.7:40
OLED_122019C195,61:175.99,65:175.02,76:173.65,77:200.18,80.0,87:201.55,87:201.67,90:198.83,90:199.02:418060:12.07:2,90:199.88:416532:13.13:2,91:198.98:367329:13.13:0,91:203.63:635596:14.5:25,107:200.7:562956:10.77:13,112:199.44:241093:11.3:2,114:202.29:372397:14.1:1,114:202.68:234995:12.56:28,130:200.87:261563:12.78:0,130:197.65:239009:8.81:2,[129:192.9:474505:6.3:19
OLED_122019C200,149:175.99,143:175.02,147:173.65,167:200.18,167.0,171:201.55,197:201.67,208:198.83,214:199.02:418060:9.91:24,233:199.88:416532:9.8:13,238:198.98:367329:9.4:3,241:203.63:635596:11.4:94,252:200.7:562956:9.0:24,264:199.44:241093:8.4:39,279:202.29:372397:9.55:30,288:202.68:234995:10.13:17,346:200.87:261563:8.3:16,360:197.65:239009:6.97:38,[383:192.9:474505:4.4:66
OLED_122019C210,294:175.99,307:175.02,308:173.65,316:200.18,335.0,359:201.55,409:201.67,410:198.83,417:199.02:418060:5.2:3,418:199.88:416532:5.35:27,437:198.98:367329:5.01:9,445:203.63:635596:6.2:67,426:200.7:562956:5.0:41,444:199.44:241093:4.3:13,452:202.29:372397:4.9:63,492:202.68:234995:4.81:32,516:200.87:261563:4.2:21,522:197.65:239009:3.0:23,[539:192.9:474505:1.65:241
OLED_122019C220,1265:175.99,1265:175.02,1266:173.65,1263:200.18,1138.0,1317:201.55,1337:201.67,1357:198.83,1344:199.02:418060:2.55:16,1336:199.88:416532:2.65:24,1353:198.98:367329:2.2:51,1367:203.63:635596:3.17:86,1375:200.7:562956:2.2:53,1416:199.44:241093:2.0:83,1421:202.29:372397:2.18:55,1427:202.68:234995:2.0:44,1442:200.87:261563:1.65:131,1501:197.65:239009:1.05:25,U:192.9:474505:U:U
OLED_122019C230,1206:175.99,1216:175.02,1216:173.65,1217:200.18,1225.0,1078:201.55,1095:201.67,1111:198.83,1113:199.02:418060:1.2:20,1120:199.88:416532:1.25:54,1146:198.98:367329:1.0:3,1143:203.63:635596:1.38:47,1164:200.7:562956:0.85:16,1164:199.44:241093:0.83:40,1192:202.29:372397:1.0:10,1202:202.68:234995:0.79:53,1246:200.87:261563:0.61:8,1251:197.65:239009:0.4:9,1244:192.9:474505:0.2:16
OLED_122019C240,98:175.99,99:175.02,99:173.65,100:200.18,98.0,227:201.55,227:201.67,228:198.83,232:199.02:418060:0.71:1,232:199.88:416532:0.71:0,232:198.98:367329:0.71:0,232:203.63:635596:0.74:63,255:200.7:562956:0.74:0,255:199.44:241093:0.35:56,302:202.29:372397:0.35:0,302:202.68:234995:0.26:3,304:200.87:261563:0.26:0,304:197.65:239009:0.26:0,304:192.9:474505:0.26:0
OLED_122019C250,59:175.99,59:175.02,59:173.65,59:200.18,80.0,80:201.55,81:201.67,81:198.83,81:199.02:418060:0.34:0,81:199.88:416532:0.34:0,81:198.98:367329:0.34:0,81:203.63:635596:0.2:1,80:200.7:562956:0.2:0,80:199.44:241093:0.2:0,80:202.29:372397:0.2:0,U:202.68:234995:.:,80:200.87:261563:0.1:0,80:197.65:239009:0.1:0,80:192.9:474505:0.03:1
OLED_112219C150,0,0,0:173.65,1:200.18,1.0,1:201.55,1:201.67,1:198.83,1:199.02:418060:30.22:0,1:199.88:416532:30.22:0,1:198.98:367329:30.22:0,1:203.63:635596:30.22:0,1:200.7:562956:30.22:0,1:199.44:241093:30.22:0,1:202.29:372397:30.22:0,U:202.68:234995:6.4:,1:200.87:261563:30.22:0,1:197.65:239009:30.22:0,1:192.9:474505:30.22:0
OLED_122019C125,0,0,2:173.65,2:200.18,2.0,3:201.55,4:201.67,4:198.83,4:199.02:418060:76.23:0,4:199.88:416532:76.23:0,4:198.98:367329:76.23:0,4:203.63:635596:72.55:1,5:200.7:562956:72.55:0,5:199.44:241093:72.55:0,5:202.29:372397:72.55:0,5:202.68:234995:72.55:0,5:200.87:261563:72.55:0,5:197.65:239009:72.55:0,5:192.9:474505:66.99:1
OLED_120619C150,0,0,0:173.65,0:200.18,0.0,0:201.55,0:201.67,0:198.83,0:199.02:418060:0.0:0,0:199.88:416532:0.0:0,0:198.98:367329:0.0:0,0:203.63:635596:0.0:0,0:200.7:562956:0.0:0,0:199.44:241093:0.0:0,0:202.29:372397:0.0:0,0:202.68:234995:0.0:0,0:200.87:261563:0.0:0,0:197.65:239009:0.0:0,U:192.9:474505:U:U
OLED_112919C150,0,0,0:173.65,0:200.18,0.0,0:201.55,0:201.67,0:198.83,0:199.02:418060:0.0:0,0:199.88:416532:0.0:0,0:198.98:367329:0.0:0,0:203.63:635596:0.0:0,0:200.7:562956:0.0:0,0:199.44:241093:0.0:0,0:202.29:372397:0.0:0,0:202.68:234995:0.0:0,0:200.87:261563:0.0:0,0:197.65:239009:0.0:0,U:192.9:474505:U:U
OLED_121319C210,0,0,0,0:200.18,4.0,4:201.55,10:201.67,10:198.83,10:199.02:418060:4.17:5,11:199.88:416532:4.17:0,11:198.98:367329:4.17:0,11:203.63:635596:6.3:10,17:200.7:562956:4.1:2,19:199.44:241093:3.2:1,20:202.29:372397:3.2:0,20:202.68:234995:3.87:5,24:200.87:261563:3.1:7,24:197.65:239009:3.1:0,[24:192.9:474505:1.09:10
OLED_112219C205,0,0,0,0:200.18,6.0,11:201.55,20:201.67,23:198.83,20:199.02:418060:3.0:2,20:199.88:416532:2.8:3,23:198.98:367329:2.75:6,27:203.63:635596:3.8:75,56:200.7:562956:2.6:18,66:199.44:241093:2.0:14,73:202.29:372397:2.24:47,101:202.68:234995:2.05:116,437:200.87:261563:0.6:108,477:197.65:239009:0.1:60,[445:192.9:474505:0.1:0
OLED_120619C225,0,0,0,0:200.18,0.0,1:201.55,1:201.67,1:198.83,1:199.02:418060:1.23:0,1:199.88:416532:1.23:0,1:198.98:367329:1.23:0,1:203.63:635596:1.25:1,2:200.7:562956:1.25:0,2:199.44:241093:1.25:0,2:202.29:372397:1.25:0,2:202.68:234995:0.47:1,2:200.87:261563:0.47:0,2:197.65:239009:0.47:0,2:192.9:474505:0.47:0
OLED_121319C202.5,0,0,0,0:200.18,0.0,0:201.55,0:201.67,0:198.83,2:199.02:418060:7.8:0,2:199.88:416532:7.2:3,5:198.98:367329:6.73:3,7:203.63:635596:9.1:4,9:200.7:562956:7.2:5,13:199.44:241093:5.8:2,15:202.29:372397:5.8:0,15:202.68:234995:7.7:2,13:200.87:261563:6.2:1,13:197.65:239009:4.7:8,[18:192.9:474505:2.9:4
OLED_112219C230,0,0,0,0:200.18,7.0,7:201.55,7:201.67,7:198.83,7:199.02:418060:0.67:0,7:199.88:416532:0.67:0,7:198.98:367329:0.67:0,7:203.63:635596:0.01:3,7:200.7:562956:0.01:0,7:199.44:241093:0.01:0,7:202.29:372397:0.01:0,7:202.68:234995:0.01:0,7:200.87:261563:0.01:0,7:197.65:239009:0.01:0,7:192.9:474505:0.01:0
OLED_122019C290,0,0,0,27:200.18,27.0,27:201.55,27:201.67,27:198.83,27:199.02:418060:4.1:0,27:199.88:416532:4.1:0,27:198.98:367329:4.1:0,27:203.63:635596:4.1:0,27:200.7:562956:0.04:40,67:199.44:241093:0.03:5,72:202.29:372397:0.03:0,U:202.68:234995::,72:200.87:261563:0.03:0,72:197.65:239009:0.03:0,72:192.9:474505:0.03:0
OLED_112919C210,0,0,0,0:200.18,0.0,8:201.55,14:201.67,25:198.83,113:199.02:418060:2.67:0,113:199.88:416532:2.35:3,115:198.98:367329:1.85:5,115:203.63:635596:3.8:4,115:200.7:562956:1.3:10,121:199.44:241093:1.45:2,123:202.29:372397:2.0:10,115:202.68:234995:1.6:44,144:200.87:261563:1.05:42,166:197.65:239009:0.4:13,[160:192.9:474505:0.4:0
OLED_112919C215,0,0,0,0:200.18,0.0,0:201.55,2:201.67,2:198.83,102:199.02:418060:1.57:0,102:199.88:416532:1.57:0,102:198.98:367329:1.57:0,102:203.63:635596:1.6:2,103:200.7:562956:0.93:155,146:199.44:241093:0.6:1,146:202.29:372397:0.85:11,135:202.68:234995:0.7:35,168:200.87:261563:0.3:17,156:197.65:239009:0.16:8,[153:192.9:474505:0.05:2
OLED_122019C280,0,0,0,269:200.18,269.0,249:201.55,249:201.67,249:198.83,249:199.02:418060:0.05:0,249:199.88:416532:0.05:0,249:198.98:367329:0.05:0,249:203.63:635596:0.05:0,249:200.7:562956:0.05:0,249:199.44:241093:0.05:0,249:202.29:372397:0.05:0,249:202.68:234995:0.05:0,249:200.87:261563:0.05:0,249:197.65:239009:0.05:0,249:192.9:474505:0.05:0
OLED_122019C300,0,0,0,45:200.18,45.0,45:201.55,45:201.67,65:198.83,65:199.02:418060:0.05:0,65:199.88:416532:0.05:0,65:198.98:367329:0.05:0,65:203.63:635596:0.05:0,65:200.7:562956:0.05:0,65:199.44:241093:0.05:0,65:202.29:372397:0.05:0,65:202.68:234995:0.05:0,65:200.87:261563:0.05:0,65:197.65:239009:0.05:0,65:192.9:474505:0.05:0
OLED_112219C220,0,0,0,2:200.18,4.0,4:201.55,4:201.67,11:198.83,11:199.02:418060:0.7:15,26:199.88:416532:0.41:1,27:198.98:367329:0.41:0,27:203.63:635596:0.5:1,27:200.7:562956:0.5:0,27:199.44:241093:0.3:20,41:202.29:372397:0.3:0,41:202.68:234995:0.04:25,47:200.87:261563:0.04:0,47:197.65:239009:0.04:0,47:192.9:474505:0.04:0
OLED_112919C205,0,0,0,0:200.18,5.0,7:201.55,22:201.67,21:198.83,21:199.02:418060:3.9:3,24:199.88:416532:3.9:1,25:198.98:367329:3.3:6,31:203.63:635596:6.0:3,34:200.7:562956:2.55:3,32:199.44:241093:2.75:1,33:202.29:372397:3.5:16,42:202.68:234995:3.6:8,47:200.87:261563:3.1:9,49:197.65:239009:1.15:23,[55:192.9:474505:0.2:20
OLED_112919C220,0,0,0,0:200.18,5.0,7:201.55,8:201.67,8:198.83,8:199.02:418060:1.53:0,8:199.88:416532:1.53:0,8:198.98:367329:1.53:0,8:203.63:635596:0.85:3,11:200.7:562956:0.45:4,11:199.44:241093:0.45:0,11:202.29:372397:0.4:2,11:202.68:234995:0.33:1,12:200.87:261563:0.33:0,12:197.65:239009:0.33:0,12:192.9:474505:0.33:0
OLED_112919C235,0,0,0,5:200.18,5.0,5:201.55,5:201.67,5:198.83,5:199.02:418060:0.29:0,5:199.88:416532:0.29:0,5:198.98:367329:0.29:0,5:203.63:635596:0.29:0,5:200.7:562956:0.1:10,15:199.44:241093:0.1:0,15:202.29:372397:0.1:0,15:202.68:234995:0.1:0,15:200.87:261563:0.1:0,15:197.65:239009:0.1:0,15:192.9:474505:0.1:0
OLED_122019C260,0,0,0,397:200.18,418.0,418:201.55,418:201.67,418:198.83,418:199.02:418060:0.3:0,418:199.88:416532:0.3:0,418:198.98:367329:0.3:0,418:203.63:635596:0.3:0,418:200.7:562956:0.3:0,418:199.44:241093:0.3:0,418:202.29:372397:0.3:0,418:202.68:234995:0.3:0,418:200.87:261563:0.3:0,418:197.65:239009:0.3:0,418:192.9:474505:0.05:1
OLED_121319C180,0,0,0,0:200.18,0.0,0:201.55,0:201.67,0:198.83,0:199.02:418060:0.0:0,0:199.88:416532:0.0:0,0:198.98:367329:0.0:0,0:203.63:635596:0.0:0,0:200.7:562956:0.0:0,0:199.44:241093:0.0:0,0:202.29:372397:0.0:0,0:202.68:234995:0.0:0,0:200.87:261563:0.0:0,0:197.65:239009:0.0:0,[0:192.9:474505:0.0:0
OLED_121319C197.5,0,0,0,0:200.18,0.0,0:201.55,1:201.67,3:198.83,5:199.02:418060:10.0:0,5:199.88:416532:10.0:0,5:198.98:367329:10.0:0,5:203.63:635596:11.7:2,5:200.7:562956:9.0:1,5:199.44:241093:9.0:0,5:202.29:372397:9.0:0,5:202.68:234995:10.42:1,5:200.87:261563:9.7:9,14:197.65:239009:7.1:1,[14:192.9:474505:4.6:3
OLED_112919C230,0,0,0,0:200.18,0.0,0:201.55,1:201.67,1:198.83,1:199.02:418060:0.4:0,1:199.88:416532:0.4:0,1:198.98:367329:0.4:0,1:203.63:635596:0.4:0,1:200.7:562956:0.4:0,1:199.44:241093:0.4:0,1:202.29:372397:0.4:0,1:202.68:234995:0.4:0,1:200.87:261563:0.4:0,1:197.65:239009:0.4:0,1:192.9:474505:0.4:0
OLED_121319C187.5,0,0,0,0:200.18,0.0,0:201.55,1:201.67,1:198.83,1:199.02:418060:18.7:14,15:199.88:416532:18.7:0,15:198.98:367329:18.7:0,15:203.63:635596:18.7:0,15:200.7:562956:18.7:0,15:199.44:241093:18.7:0,15:202.29:372397:18.7:0,15:202.68:234995:18.7:0,15:200.87:261563:18.7:0,15:197.65:239009:18.7:0,[15:192.9:474505:18.7:0
OLED_112219C210,0,0,0,5:200.18,22.0,26:201.55,34:201.67,37:198.83,37:199.02:418060:3.4:0,37:199.88:416532:1.8:5,42:198.98:367329:1.24:6,48:203.63:635596:2.1:54,89:200.7:562956:1.2:46,94:199.44:241093:0.7:10,96:202.29:372397:0.95:87,147:202.68:234995:0.64:85,218:200.87:261563:0.11:55,243:197.65:239009:0.01:37,[238:192.9:474505:0.08:1
OLED_120619C215,0,0,0,0:200.18,0.0,4:201.55,10:201.67,12:198.83,12:199.02:418060:2.37:0,12:199.88:416532:2.37:0,12:198.98:367329:2.37:0,12:203.63:635596:2.55:15,25:200.7:562956:1.8:1,25:199.44:241093:1.25:4,28:202.29:372397:1.25:0,28:202.68:234995:1.7:14,42:200.87:261563:1.4:103,135:197.65:239009:0.8:4,[133:192.9:474505:0.3:4
OLED_112219C235,0,0,0,0:200.18,0.0,0:201.55,0:201.67,0:198.83,0:199.02:418060:0.0:0,0:199.88:416532:0.0:0,0:198.98:367329:0.0:0,0:203.63:635596:0.0:0,0:200.7:562956:0.0:0,0:199.44:241093:0.0:0,0:202.29:372397:0.0:0,0:202.68:234995:0.0:0,0:200.87:261563:0.0:0,0:197.65:239009:0.0:0,0:192.9:474505:0.0:0
OLED_120619C207.5,0,0,0,0:200.18,3.0,3:201.55,5:201.67,8:198.83,8:199.02:418060:4.7:1,8:199.88:416532:4.7:1,9:198.98:367329:3.4:4,11:203.63:635596:6.0:11,21:200.7:562956:3.55:10,21:199.44:241093:3.55:0,21:202.29:372397:4.3:6,27:202.68:234995:4.0:6,31:200.87:261563:2.89:4,33:197.65:239009:2.35:4,[33:192.9:474505:0.7:2
OLED_120619C205,0,0,0,1:200.18,3.0,11:201.55,12:201.67,15:198.83,15:199.02:418060:5.9:1,15:199.88:416532:5.9:0,15:198.98:367329:4.7:10,25:203.63:635596:6.4:5,24:200.7:562956:4.3:7,27:199.44:241093:4.3:0,27:202.29:372397:4.3:0,27:202.68:234995:4.8:5,30:200.87:261563:3.45:7,33:197.65:239009:3.2:2,[35:192.9:474505:0.93:19
OLED_121319C205,0,0,0,0:200.18,2.0,2:201.55,2:201.67,4:198.83,6:199.02:418060:7.2:3,8:199.88:416532:7.2:0,8:198.98:367329:7.2:0,8:203.63:635596:8.2:6,11:200.7:562956:5.2:4,15:199.44:241093:5.2:2,17:202.29:372397:5.2:0,17:202.68:234995:6.2:6,25:200.87:261563:4.85:14,35:197.65:239009:3.7:4,[39:192.9:474505:1.8:12
OLED_121319C185,0,0,0,0:200.18,0.0,0:201.55,1:201.67,1:198.83,1:199.02:418060:21.3:0,1:199.88:416532:21.3:0,1:198.98:367329:21.3:0,1:203.63:635596:21.3:0,1:200.7:562956:21.3:0,1:199.44:241093:21.3:0,1:202.29:372397:21.3:0,1:202.68:234995:21.0:4,5:200.87:261563:21.0:0,5:197.65:239009:21.0:0,[5:192.9:474505:21.0:0
OLED_121319C192.5,0,0,0,0:200.18,0.0,0:201.55,0:201.67,0:198.83,0:199.02:418060:0.0:0,0:199.88:416532:0.0:0,0:198.98:367329:0.0:0,0:203.63:635596:0.0:0,0:200.7:562956:0.0:0,0:199.44:241093:0.0:0,0:202.29:372397:0.0:0,0:202.68:234995:0.0:0,0:200.87:261563:0.0:0,0:197.65:239009:9.4:1,[1:192.9:474505:6.0:1
OLED_122019C270,0,0,0,52:200.18,52.0,52:201.55,52:201.67,52:198.83,52:199.02:418060:0.28:0,52:199.88:416532:0.28:0,52:198.98:367329:0.28:0,52:203.63:635596:0.28:0,52:200.7:562956:0.28:0,52:199.44:241093:0.28:0,52:202.29:372397:0.28:0,52:202.68:234995:0.28:0,52:200.87:261563:0.28:0,52:197.65:239009:0.28:0,52:192.9:474505:0.28:0
OLED_112219C202.5,0,0,0,0:200.18,1.0,1:201.55,5:201.67,21:198.83,21:199.02:418060:4.0:0,21:199.88:416532:4.7:4,22:198.98:367329:3.46:12,32:203.63:635596:5.1:26,19:200.7:562956:3.37:10,19:199.44:241093:2.7:18,34:202.29:372397:3.5:43,51:202.68:234995:3.27:25,72:200.87:261563:1.4:21,74:197.65:239009:0.18:52,[94:192.9:474505:0.01:9
OLED_112219C240,0,0,0,0:200.18,0.0,0:201.55,0:201.67,0:198.83,0:199.02:418060:0.0:0,0:199.88:416532:0.0:0,0:198.98:367329:0.0:0,0:203.63:635596:0.0:0,0:200.7:562956:0.0:0,0:199.44:241093:0.0:0,0:202.29:372397:0.0:0,0:202.68:234995:0.0:0,0:200.87:261563:0.0:0,0:197.65:239009:0.0:0,U:192.9:474505:U:U
OLED_112919C202.5,0,0,0,0:200.18,0.0,10:201.55,13:201.67,13:198.83,14:199.02:418060:4.7:3,17:199.88:416532:5.4:1,18:198.98:367329:4.2:17,35:203.63:635596:7.45:10,34:200.7:562956:4.1:10,37:199.44:241093:3.15:6,37:202.29:372397:4.5:13,43:202.68:234995:4.78:12,45:200.87:261563:3.1:8,50:197.65:239009:1.4:2,[51:192.9:474505:0.43:34
OLED_120619C210,0,0,0,50:200.18,50.0,50:201.55,52:201.67,52:198.83,57:199.02:418060:4.0:0,57:199.88:416532:4.0:0,57:198.98:367329:4.0:0,57:203.63:635596:4.2:8,60:200.7:562956:2.65:5,61:199.44:241093:2.39:3,60:202.29:372397:3.36:2,62:202.68:234995:3.36:0,65:200.87:261563:2.75:0,65:197.65:239009:1.25:4,[69:192.9:474505:0.51:3
OLED_120619C235,0,0,0,0:200.18,0.0,10:201.55,10:201.67,10:198.83,10:199.02:418060:0.5:0,10:199.88:416532:0.5:0,10:198.98:367329:0.5:0,10:203.63:635596:0.5:0,10:200.7:562956:0.5:0,10:199.44:241093:0.5:0,10:202.29:372397:0.5:0,10:202.68:234995:0.5:0,10:200.87:261563:0.5:0,10:197.65:239009:0.5:0,10:192.9:474505:0.5:0
OLED_120619C230,0,0,0,0:200.18,0.0,10:201.55,10:201.67,10:198.83,10:199.02:418060:0.75:0,10:199.88:416532:0.75:0,10:198.98:367329:0.75:0,10:203.63:635596:0.8:1,11:200.7:562956:0.3:2,13:199.44:241093:0.3:0,13:202.29:372397:0.3:0,13:202.68:234995:0.3:0,13:200.87:261563:0.3:0,13:197.65:239009:0.3:0,13:192.9:474505:0.3:0
OLED_121319C195,0,0,0,0:200.18,0.0,1:201.55,2:201.67,4:198.83,4:199.02:418060:14.2:0,4:199.88:416532:14.2:0,4:198.98:367329:14.2:0,4:203.63:635596:14.2:0,4:200.7:562956:14.2:0,4:199.44:241093:14.2:0,4:202.29:372397:14.2:0,4:202.68:234995:12.07:1,5:200.87:261563:11.0:0,5:197.65:239009:8.53:1,[4:192.9:474505:5.5:6
OLED_112219C215,0,0,0,2:200.18,13.0,13:201.55,12:201.67,12:198.83,12:199.02:418060:0.77:2,13:199.88:416532:0.77:0,13:198.98:367329:0.54:1,13:203.63:635596:1.35:11,23:200.7:562956:0.37:5,23:199.44:241093:0.37:0,23:202.29:372397:0.28:39,47:202.68:234995:0.2:50,65:200.87:261563:0.08:20,65:197.65:239009:0.08:0,[65:192.9:474505:0.01:12
OLED_121319C200,0,0,0,0:200.18,4.0,4:201.55,4:201.67,4:198.83,4:199.02:418060:11.68:0,4:199.88:416532:8.1:2,4:198.98:367329:8.1:0,4:203.63:635596:11.0:2,6:200.7:562956:8.0:11,16:199.44:241093:8.0:0,16:202.29:372397:8.0:0,16:202.68:234995:8.1:1,17:200.87:261563:8.2:0,17:197.65:239009:5.9:3,[19:192.9:474505:3.39:14
OLED_120619C240,0,0,0,0:200.18,3.0,3:201.55,7:201.67,7:198.83,7:199.02:418060:0.4:0,7:199.88:416532:0.4:0,7:198.98:367329:0.4:0,7:203.63:635596:0.4:0,7:200.7:562956:0.1:1,8:199.44:241093:0.1:0,8:202.29:372397:0.1:0,U:202.68:234995::,8:200.87:261563:0.1:0,8:197.65:239009:0.05:4,8:192.9:474505:0.05:0
OLED_112919C240,0,0,0,0:200.18,0.0,0:201.55,0:201.67,0:198.83,0:199.02:418060:0.0:0,0:199.88:416532:0.0:0,0:198.98:367329:0.0:0,0:203.63:635596:0.0:0,0:200.7:562956:0.0:0,0:199.44:241093:0.0:0,0:202.29:372397:0.0:0,U:202.68:234995::,0:200.87:261563:0.0:0,0:197.65:239009:0.0:0,U:192.9:474505:U:U
OLED_112219C207.5,0,0,0,0:200.18,0.0,2:201.55,4:201.67,5:198.83,5:199.02:418060:2.8:1,6:199.88:416532:2.2:4,10:198.98:367329:2.2:0,10:203.63:635596:2.9:229,97:200.7:562956:1.21:33,115:199.44:241093:1.29:13,127:202.29:372397:1.38:24,137:202.68:234995:1.25:49,239:200.87:261563:0.3:67,270:197.65:239009:0.05:37,[258:192.9:474505:0.09:7
OLED_121319C177.5,0,0,0,0:200.18,0.0,0:201.55,0:201.67,0:198.83,0:199.02:418060:0.0:0,0:199.88:416532:0.0:0,0:198.98:367329:0.0:0,0:203.63:635596:0.0:0,0:200.7:562956:0.0:0,0:199.44:241093:0.0:0,0:202.29:372397:0.0:0,0:202.68:234995:0.0:0,0:200.87:261563:0.0:0,0:197.65:239009:0.0:0,[0:192.9:474505:0.0:0
OLED_112919C225,0,0,0,0:200.18,6.0,6:201.55,6:201.67,6:198.83,6:199.02:418060:0.8:0,6:199.88:416532:0.8:0,6:198.98:367329:0.8:0,6:203.63:635596:0.5:2,8:200.7:562956:0.5:0,8:199.44:241093:0.5:0,8:202.29:372397:0.5:0,8:202.68:234995:0.5:0,8:200.87:261563:0.5:0,8:197.65:239009:0.5:0,U:192.9:474505:U:U
OLED_112219C225,0,0,0,0:200.18,9.0,9:201.55,9:201.67,9:198.83,9:199.02:418060:1.06:0,9:199.88:416532:1.06:0,9:198.98:367329:1.06:0,9:203.63:635596:0.2:7,10:200.7:562956:0.2:0,10:199.44:241093:0.2:0,10:202.29:372397:0.2:0,10:202.68:234995:0.2:0,10:200.87:261563:0.2:0,10:197.65:239009:0.2:0,U:192.9:474505:U:U
OLED_121319C207.5,0,0,0,0:200.18,0.0,0:201.55,0:201.67,1:198.83,3:199.02:418060:5.23:0,3:199.88:416532:5.23:0,3:198.98:367329:5.23:0,3:203.63:635596:7.8:9,9:200.7:562956:4.9:2,11:199.44:241093:4.9:0,11:202.29:372397:4.9:0,11:202.68:234995:5.0:2,14:200.87:261563:4.9:0,14:197.65:239009:2.9:5,[19:192.9:474505:1.35:8
OLED_121319C190,0,0,0,0:200.18,0.0,0:201.55,1:201.67,2:198.83,4:199.02:418060:14.7:0,4:199.88:416532:14.7:0,4:198.98:367329:14.7:0,4:203.63:635596:14.7:0,4:200.7:562956:14.7:0,4:199.44:241093:14.7:0,4:202.29:372397:14.7:0,4:202.68:234995:14.7:0,4:200.87:261563:14.7:0,4:197.65:239009:14.7:0,[4:192.9:474505:8.5:4
OLED_112919C207.5,0,0,0,0:200.18,2.0,13:201.55,26:201.67,28:198.83,28:199.02:418060:3.9:1,29:199.88:416532:3.9:0,29:198.98:367329:2.5:2,31:203.63:635596:5.6:15,32:200.7:562956:1.9:2,34:199.44:241093:1.9:0,34:202.29:372397:2.89:6,36:202.68:234995:2.9:1,39:200.87:261563:1.35:11,48:197.65:239009:0.63:3,[49:192.9:474505:0.13:1
OLED_120619C220,0,0,0,0:200.18,0.0,1:201.55,1:201.67,1:198.83,1:199.02:418060:1.67:0,1:199.88:416532:1.67:0,1:198.98:367329:1.67:0,1:203.63:635596:1.8:35,36:200.7:562956:1.8:0,36:199.44:241093:0.65:28,39:202.29:372397:0.65:0,39:202.68:234995:0.94:9,47:200.87:261563:0.65:10,47:197.65:239009:0.65:0,47:192.9:474505:0.65:0
OLED_120619C202.5,0,0,0,0:200.18,0.0,0:201.55,1:201.67,1:198.83,3:199.02:418060:6.4:2,5:199.88:416532:6.4:0,5:198.98:367329:6.4:0,5:203.63:635596:6.4:0,5:200.7:562956:6.0:5,10:199.44:241093:4.6:2,12:202.29:372397:4.6:0,12:202.68:234995:6.0:1,13:200.87:261563:6.0:0,13:197.65:239009:5.2:1,[12:192.9:474505:5.2:0
OLED_121319C182.5,0,0,0,0:200.18,0.0,0:201.55,0:201.67,0:198.83,0:199.02:418060:0.0:0,0:199.88:416532:0.0:0,0:198.98:367329:0.0:0,0:203.63:635596:0.0:0,0:200.7:562956:0.0:0,0:199.44:241093:0.0:0,0:202.29:372397:0.0:0,0:202.68:234995:23.2:4,4:200.87:261563:23.2:0,4:197.65:239009:23.2:0,[4:192.9:474505:23.2:0
OLED_121319C175,U,U,U,U,0.0,0:201.55,0:201.67,0:198.83,0:199.02:418060:0.0:0,0:199.88:416532:0.0:0,0:198.98:367329:0.0:0,0:203.63:635596:0.0:0,0:200.7:562956:0.0:0,0:199.44:241093:0.0:0,0:202.29:372397:0.0:0,0:202.68:234995:0.0:0,0:200.87:261563:0.0:0,0:197.65:239009:0.0:0,[0:192.9:474505:0.0:0
OLED_121319C215,U,U,U,U,U,0:201.55,0:201.67,0:198.83,1:199.02:418060:3.39:0,1:199.88:416532:3.39:0,1:198.98:367329:3.39:0,1:203.63:635596:4.15:4,4:200.7:562956:4.15:0,4:199.44:241093:2.15:2,6:202.29:372397:2.15:0,6:202.68:234995:2.5:4,13:200.87:261563:2.35:2,15:197.65:239009:1.7:3,[18:192.9:474505:1.7:0
OLED_121319C220,U,U,U,U,U,0:201.55,1:201.67,1:198.83,1:199.02:418060:2.0:0,1:199.88:416532:2.0:0,1:198.98:367329:2.0:0,1:203.63:635596:2.0:0,1:200.7:562956:2.0:0,1:199.44:241093:2.0:0,1:202.29:372397:2.0:0,1:202.68:234995:1.7:3,4:200.87:261563:1.7:0,4:197.65:239009:0.7:4,8:192.9:474505:0.3:1
OLED_121319C225,U,U,U,U,U,0:201.55,0:201.67,0:198.83,0:199.02:418060:0.0:0,0:199.88:416532:0.0:0,0:198.98:367329:0.0:0,0:203.63:635596:1.9:17,17:200.7:562956:1.9:0,17:199.44:241093:1.9:0,17:202.29:372397:1.9:0,17:202.68:234995:1.01:5,22:200.87:261563:1.01:0,22:197.65:239009:0.5:2,24:192.9:474505:0.5:0
OLED_121319C230,U,U,U,U,U,0:201.55,0:201.67,0:198.83,0:199.02:418060:0.0:0,0:199.88:416532:0.0:0,0:198.98:367329:0.0:0,0:203.63:635596:0.95:3,3:200.7:562956:0.95:0,3:199.44:241093:0.95:0,3:202.29:372397:0.95:0,3:202.68:234995:0.95:0,3:200.87:261563:0.35:2,5:197.65:239009:0.35:0,5:192.9:474505:0.35:0
OLED_121319C235,U,U,U,U,U,0:201.55,0:201.67,0:198.83,0:199.02:418060:0.0:0,0:199.88:416532:0.0:0,0:198.98:367329:0.0:0,0:203.63:635596:0.0:0,0:200.7:562956:0.0:0,0:199.44:241093:0.0:0,0:202.29:372397:0.0:0,0:202.68:234995:0.0:0,0:200.87:261563:0.0:0,0:197.65:239009:0.0:0,0:192.9:474505:0.0:0
OLED_121319C240,U,U,U,U,U,0:201.55,0:201.67,0:198.83,0:199.02:418060:0.0:0,0:199.88:416532:0.0:0,0:198.98:367329:0.0:0,0:203.63:635596:0.0:0,0:200.7:562956:0.0:0,0:199.44:241093:0.0:0,0:202.29:372397:0.0:0,0:202.68:234995:0.0:0,0:200.87:261563:0.0:0,0:197.65:239009:0.0:0,U:192.9:474505:U:U
OLED_112219C212.5,U,U,U,U,U,U,U,U,0:199.02:418060:0.0:0,0:199.88:416532:0.0:0,0:198.98:367329:0.0:0,0:203.63:635596:2.5:5,5:200.7:562956:0.48:4,9:199.44:241093:0.48:0,9:202.29:372397:0.6:18,17:202.68:234995:0.4:50,77:200.87:261563:0.08:4,73:197.65:239009:0.08:0,[73:192.9:474505:0.09:1
OLED_112219C217.5,U,U,U,U,U,U,U,U,0:199.02:418060:0.0:0,0:199.88:416532:0.0:0,0:198.98:367329:0.0:0,0:203.63:635596:1.15:4,3:200.7:562956:1.15:0,3:199.44:241093:1.15:0,3:202.29:372397:1.15:0,3:202.68:234995:0.1:10,13:200.87:261563:0.1:0,13:197.65:239009:0.1:0,[13:192.9:474505:0.1:0
OLED_112219C222.5,U,U,U,U,U,U,U,U,0:199.02:418060:0.0:0,0:199.88:416532:0.0:0,0:198.98:367329:0.0:0,0:203.63:635596:0.0:0,0:200.7:562956:0.0:0,0:199.44:241093:0.0:0,0:202.29:372397:0.0:0,0:202.68:234995:0.0:0,0:200.87:261563:0.0:0,0:197.65:239009:0.0:0,0:192.9:474505:0.0:0
OLED_112919C212.5,U,U,U,U,U,U,U,U,0:199.02:418060:0.0:0,0:199.88:416532:1.66:3,3:198.98:367329:1.66:0,3:203.63:635596:3.5:5,6:200.7:562956:1.0:1,6:199.44:241093:1.0:0,6:202.29:372397:1.5:9,15:202.68:234995:1.05:19,33:200.87:261563:0.4:10,42:197.65:239009:0.25:3,[42:192.9:474505:0.25:0
OLED_112919C217.5,U,U,U,U,U,U,U,U,0:199.02:418060:0.0:0,0:199.88:416532:0.0:0,0:198.98:367329:0.0:0,0:203.63:635596:1.55:107,107:200.7:562956:0.7:2,107:199.44:241093:0.7:0,107:202.29:372397:0.5:1,106:202.68:234995:0.5:6,112:200.87:261563:0.5:0,112:197.65:239009:0.5:0,[112:192.9:474505:0.5:0
OLED_112919C222.5,U,U,U,U,U,U,U,U,0:199.02:418060:0.0:0,0:199.88:416532:0.0:0,0:198.98:367329:0.0:0,0:203.63:635596:1.0:7,7:200.7:562956:1.0:0,7:199.44:241093:1.0:0,7:202.29:372397:0.3:1,8:202.68:234995:0.2:1,8:200.87:261563:0.2:0,8:197.65:239009:0.2:0,8:192.9:474505:0.2:0
OLED_120619C212.5,U,U,U,U,U,U,U,U,0:199.02:418060:0.0:0,0:199.88:416532:0.0:0,0:198.98:367329:2.31:1,1:203.63:635596:3.8:4,4:200.7:562956:2.15:1,4:199.44:241093:1.88:1,4:202.29:372397:1.88:0,4:202.68:234995:2.3:2,6:200.87:261563:2.15:3,5:197.65:239009:0.8:3,[8:192.9:474505:0.8:0
OLED_120619C217.5,U,U,U,U,U,U,U,U,0:199.02:418060:0.0:0,0:199.88:416532:0.0:0,0:198.98:367329:0.0:0,0:203.63:635596:2.5:2,2:200.7:562956:1.35:2,3:199.44:241093:1.35:0,3:202.29:372397:1.35:0,3:202.68:234995:1.26:5,9:200.87:261563:1.1:10,18:197.65:239009:1.1:0,[18:192.9:474505:1.1:0
OLED_120619C222.5,U,U,U,U,U,U,U,U,0:199.02:418060:0.0:0,0:199.88:416532:0.0:0,0:198.98:367329:0.0:0,0:203.63:635596:0.0:0,0:200.7:562956:0.0:0,0:199.44:241093:0.0:0,0:202.29:372397:0.0:0,0:202.68:234995:0.0:0,0:200.87:261563:0.0:0,0:197.65:239009:0.0:0,0:192.9:474505:0.0:0
OLED_121319C212.5,U,U,U,U,U,U,U,U,0:199.02:418060:0.0:0,0:199.88:416532:0.0:0,0:198.98:367329:0.0:0,0:203.63:635596:5.6:1,1:200.7:562956:3.2:1,2:199.44:241093:2.7:2,4:202.29:372397:2.7:0,4:202.68:234995:3.2:2,7:200.87:261563:2.45:2,9:197.65:239009:1.7:4,[13:192.9:474505:0.95:5
OLED_121319C217.5,U,U,U,U,U,U,U,U,0:199.02:418060:0.0:0,0:199.88:416532:0.0:0,0:198.98:367329:0.0:0,0:203.63:635596:3.3:9,9:200.7:562956:1.8:1,10:199.44:241093:1.8:0,10:202.29:372397:1.8:0,10:202.68:234995:2.0:4,14:200.87:261563:2.0:0,14:197.65:239009:0.95:4,[18:192.9:474505:0.95:0
OLED_121319C222.5,U,U,U,U,U,U,U,U,0:199.02:418060:0.0:0,0:199.88:416532:0.0:0,0:198.98:367329:0.0:0,0:203.63:635596:2.3:1,1:200.7:562956:2.3:0,1:199.44:241093:2.3:0,1:202.29:372397:2.3:0,1:202.68:234995:1.64:5,8:200.87:261563:1.0:2,10:197.65:239009:0.7:2,12:192.9:474505:0.7:0
OLED_122719C175,U,U,U,U,U,U,U,U,0:199.02:418060:0.0:0,0:199.88:416532:0.0:0,0:198.98:367329:0.0:0,0:203.63:635596:0.0:0,0:200.7:562956:0.0:0,0:199.44:241093:0.0:0,0:202.29:372397:0.0:0,0:202.68:234995:0.0:0,0:200.87:261563:0.0:0,0:197.65:239009:0.0:0,[0:192.9:474505:0.0:0
OLED_122719C177.5,U,U,U,U,U,U,U,U,0:199.02:418060:0.0:0,0:199.88:416532:0.0:0,0:198.98:367329:0.0:0,0:203.63:635596:0.0:0,0:200.7:562956:0.0:0,0:199.44:241093:0.0:0,0:202.29:372397:0.0:0,U:202.68:234995::,0:200.87:261563:0.0:0,0:197.65:239009:0.0:0,[0:192.9:474505:0.0:0
OLED_122719C180,U,U,U,U,U,U,U,U,0:199.02:418060:0.0:0,0:199.88:416532:0.0:0,0:198.98:367329:0.0:0,0:203.63:635596:0.0:0,0:200.7:562956:0.0:0,0:199.44:241093:0.0:0,0:202.29:372397:0.0:0,0:202.68:234995:0.0:0,0:200.87:261563:0.0:0,0:197.65:239009:20.7:1,[1:192.9:474505:20.7:0
OLED_122719C182.5,U,U,U,U,U,U,U,U,0:199.02:418060:0.0:0,0:199.88:416532:0.0:0,0:198.98:367329:0.0:0,0:203.63:635596:0.0:0,0:200.7:562956:0.0:0,0:199.44:241093:0.0:0,0:202.29:372397:0.0:0,0:202.68:234995:0.0:0,0:200.87:261563:0.0:0,0:197.65:239009:0.0:0,[0:192.9:474505:0.0:0
OLED_122719C185,U,U,U,U,U,U,U,U,0:199.02:418060:0.0:0,0:199.88:416532:0.0:0,0:198.98:367329:0.0:0,0:203.63:635596:0.0:0,0:200.7:562956:0.0:0,0:199.44:241093:0.0:0,0:202.29:372397:0.0:0,0:202.68:234995:0.0:0,0:200.87:261563:0.0:0,0:197.65:239009:0.0:0,[0:192.9:474505:0.0:0
OLED_122719C187.5,U,U,U,U,U,U,U,U,0:199.02:418060:0.0:0,0:199.88:416532:0.0:0,0:198.98:367329:0.0:0,0:203.63:635596:0.0:0,0:200.7:562956:0.0:0,0:199.44:241093:0.0:0,0:202.29:372397:0.0:0,0:202.68:234995:0.0:0,3:200.87:261563:17.62:0,3:197.65:239009:17.62:0,[3:192.9:474505:17.62:0
OLED_122719C190,U,U,U,U,U,U,U,U,0:199.02:418060:0.0:0,0:199.88:416532:0.0:0,0:198.98:367329:0.0:0,0:203.63:635596:0.0:0,0:200.7:562956:0.0:0,0:199.44:241093:0.0:0,0:202.29:372397:0.0:0,0:202.68:234995:0.0:0,0:200.87:261563:0.0:0,0:197.65:239009:0.0:0,[0:192.9:474505:0.0:0
OLED_122719C192.5,U,U,U,U,U,U,U,U,0:199.02:418060:0.0:0,0:199.88:416532:0.0:0,0:198.98:367329:0.0:0,0:203.63:635596:0.0:0,0:200.7:562956:0.0:0,0:199.44:241093:0.0:0,0:202.29:372397:0.0:0,0:202.68:234995:0.0:0,0:200.87:261563:0.0:0,0:197.65:239009:0.0:0,[0:192.9:474505:8.9:5
OLED_122719C195,U,U,U,U,U,U,U,U,0:199.02:418060:0.0:0,0:199.88:416532:0.0:0,0:198.98:367329:0.0:0,0:203.63:635596:0.0:0,0:200.7:562956:12.67:6,3:199.44:241093:12.67:0,3:202.29:372397:12.67:0,3:202.68:234995:12.67:0,3:200.87:261563:12.67:0,3:197.65:239009:12.67:0,[3:192.9:474505:7.57:10
OLED_122719C197.5,U,U,U,U,U,U,U,U,0:199.02:418060:12.77:1,1:199.88:416532:12.77:0,1:198.98:367329:12.77:0,1:203.63:635596:12.77:0,1:200.7:562956:12.77:0,1:199.44:241093:12.77:0,1:202.29:372397:12.77:0,1:202.68:234995:12.77:0,1:200.87:261563:12.77:0,1:197.65:239009:12.77:0,[1:192.9:474505:6.1:5
OLED_122719C200,U,U,U,U,U,U,U,U,0:199.02:418060:0.0:0,0:199.88:416532:0.0:0,0:198.98:367329:0.0:0,0:203.63:635596:13.13:8,8:200.7:562956:10.39:1,8:199.44:241093:10.39:0,8:202.29:372397:10.39:0,8:202.68:234995:10.0:1,9:200.87:261563:8.85:1,10:197.65:239009:8.85:0,[10:192.9:474505:4.7:3
OLED_122719C202.5,U,U,U,U,U,U,U,U,0:199.02:418060:0.0:0,0:199.88:416532:0.0:0,0:198.98:367329:0.0:0,0:203.63:635596:0.0:0,0:200.7:562956:0.0:0,0:199.44:241093:7.6:2,2:202.29:372397:7.6:0,2:202.68:234995:7.6:0,3:200.87:261563:10.65:0,3:197.65:239009:10.65:0,[3:192.9:474505:4.6:2
OLED_122719C205,U,U,U,U,U,U,U,U,0:199.02:418060:0.0:0,0:199.88:416532:8.4:5,5:198.98:367329:8.4:0,5:203.63:635596:10.9:3,8:200.7:562956:7.8:4,10:199.44:241093:7.8:0,10:202.29:372397:7.8:0,10:202.68:234995:8.3:1,15:200.87:261563:6.19:9,14:197.65:239009:5.05:9,[15:192.9:474505:3.4:2
OLED_122719C207.5,U,U,U,U,U,U,U,U,0:199.02:418060:0.0:0,0:199.88:416532:6.9:2,2:198.98:367329:6.9:0,2:203.63:635596:9.69:3,5:200.7:562956:6.6:2,7:199.44:241093:5.9:2,9:202.29:372397:7.47:2,11:202.68:234995:7.1:12,14:200.87:261563:6.2:9,15:197.65:239009:4.61:1,[15:192.9:474505:4.61:0
OLED_122719C210,U,U,U,U,U,U,U,U,0:199.02:418060:0.0:0,0:199.88:416532:0.0:0,0:198.98:367329:5.9:2,2:203.63:635596:8.27:5,6:200.7:562956:5.8:13,12:199.44:241093:4.8:1,12:202.29:372397:5.67:6,18:202.68:234995:5.4:2,19:200.87:261563:5.2:5,24:197.65:239009:5.2:0,[24:192.9:474505:2.45:2
OLED_122719C212.5,U,U,U,U,U,U,U,U,0:199.02:418060:0.0:0,0:199.88:416532:5.0:2,2:198.98:367329:5.0:0,2:203.63:635596:7.04:4,6:200.7:562956:7.04:0,6:199.44:241093:7.04:0,6:202.29:372397:7.04:0,6:202.68:234995:7.04:0,6:200.87:261563:7.04:0,6:197.65:239009:7.04:0,[6:192.9:474505:2.15:2
OLED_122719C215,U,U,U,U,U,U,U,U,0:199.02:418060:4.17:3,3:199.88:416532:4.4:8,9:198.98:367329:4.4:0,9:203.63:635596:6.3:18,26:200.7:562956:4.1:2,27:199.44:241093:3.4:1,28:202.29:372397:3.4:0,28:202.68:234995:3.9:1,30:200.87:261563:3.09:6,34:197.65:239009:3.09:0,[34:192.9:474505:3.09:0
OLED_122719C217.5,U,U,U,U,U,U,U,U,0:199.02:418060:0.0:0,0:199.88:416532:0.0:0,0:198.98:367329:0.0:0,0:203.63:635596:5.1:5,5:200.7:562956:5.1:0,5:199.44:241093:5.1:0,5:202.29:372397:3.77:1,6:202.68:234995:3.77:0,7:200.87:261563:2.9:2,9:197.65:239009:2.75:1,[8:192.9:474505:2.75:0
OLED_122719C220,U,U,U,U,U,U,U,U,0:199.02:418060:0.0:0,0:199.88:416532:3.3:2,2:198.98:367329:3.3:0,2:203.63:635596:4.6:2,2:200.7:562956:4.6:0,2:199.44:241093:4.6:0,2:202.29:372397:4.6:0,2:202.68:234995:2.8:2,6:200.87:261563:2.0:2,6:197.65:239009:1.81:1,U:192.9:474505:U:U
OLED_122719C222.5,U,U,U,U,U,U,U,U,0:199.02:418060:0.0:0,0:199.88:416532:0.0:0,0:198.98:367329:0.0:0,0:203.63:635596:3.8:1,1:200.7:562956:3.8:0,1:199.44:241093:3.8:0,1:202.29:372397:3.8:0,1:202.68:234995:3.8:0,1:200.87:261563:3.8:0,1:197.65:239009:3.8:0,1:192.9:474505:3.8:0
OLED_122719C225,U,U,U,U,U,U,U,U,U,U,U,0:203.63:635596:3.4:2,2:200.7:562956:3.4:0,2:199.44:241093:3.4:0,2:202.29:372397:3.4:0,2:202.68:234995:3.4:0,2:200.87:261563:3.4:0,2:197.65:239009:3.4:0,2:192.9:474505:3.4:0
OLED_122719C230,U,U,U,U,U,U,U,U,U,U,U,0:203.63:635596:0.0:0,0:200.7:562956:1.17:1,1:199.44:241093:1.17:0,1:202.29:372397:1.17:0,1:202.68:234995:1.25:10,11:200.87:261563:0.96:0,11:197.65:239009:0.96:0,U:192.9:474505:U:U
OLED_011720C150,U,U,U,U,U,U,U,U,U,U,U,U,U,666:199.44:241093:49.0:1,665:202.29:372397:54.33:1,665:202.68:234995:54.13:11,657:200.87:261563:52.0:0,657:197.65:239009:51.21:1,[657:192.9:474505:44.0:1
OLED_011720C155,U,U,U,U,U,U,U,U,U,U,U,U,U,201:199.44:241093:50.75:0,201:202.29:372397:50.75:0,201:202.68:234995:50.75:0,201:200.87:261563:50.0:0,201:197.65:239009:43.95:1,[201:192.9:474505:37.4:1
OLED_011720C160,U,U,U,U,U,U,U,U,U,U,U,U,U,250:199.44:241093:48.6:0,250:202.29:372397:48.6:0,250:202.68:234995:44.77:2,251:200.87:261563:44.74:16,237:197.65:239009:44.74:0,[237:192.9:474505:36.0:6
OLED_011720C165,U,U,U,U,U,U,U,U,U,U,U,U,U,467:199.44:241093:44.4:0,467:202.29:372397:41.03:30,467:202.68:234995:40.04:2,464:200.87:261563:40.19:15,449:197.65:239009:40.19:0,[449:192.9:474505:33.2:1
OLED_011720C170,U,U,U,U,U,U,U,U,U,U,U,U,U,100:199.44:241093:39.1:0,100:202.29:372397:35.8:16,97:202.68:234995:35.63:1,97:200.87:261563:35.63:0,97:197.65:239009:35.63:0,[97:192.9:474505:35.63:0
OLED_011720C175,U,U,U,U,U,U,U,U,U,U,U,U,U,307:199.44:241093:30.15:0,307:202.29:372397:31.6:25,307:202.68:234995:31.9:14,306:200.87:261563:30.26:0,306:197.65:239009:26.8:1,[306:192.9:474505:26.8:0
OLED_011720C180,U,U,U,U,U,U,U,U,U,U,U,U,U,318:199.44:241093:24.9:48,303:202.29:372397:28.0:2,302:202.68:234995:28.0:2,301:200.87:261563:25.0:6,296:197.65:239009:22.2:5,[296:192.9:474505:19.2:4
OLED_011720C185,U,U,U,U,U,U,U,U,U,U,U,U,U,177:199.44:241093:19.7:0,177:202.29:372397:23.6:8,169:202.68:234995:23.2:6,174:200.87:261563:23.2:1,175:197.65:239009:23.2:0,[175:192.9:474505:15.82:17
OLED_011720C190,U,U,U,U,U,U,U,U,U,U,U,U,U,316:199.44:241093:16.95:1,317:202.29:372397:19.87:21,318:202.68:234995:19.87:0,308:200.87:261563:18.41:1,308:197.65:239009:15.9:1,[308:192.9:474505:12.7:13
OLED_011720C195,U,U,U,U,U,U,U,U,U,U,U,U,U,275:199.44:241093:13.8:3,273:202.29:372397:16.7:1,273:202.68:234995:16.7:0,277:200.87:261563:15.8:0,277:197.65:239009:15.8:0,[277:192.9:474505:9.6:24
OLED_011720C200,U,U,U,U,U,U,U,U,U,U,U,U,U,910:199.44:241093:12.2:30,921:202.29:372397:13.51:57,874:202.68:234995:13.3:29,889:200.87:261563:11.89:50,881:197.65:239009:10.0:50,[855:192.9:474505:8.01:110
OLED_011720C210,U,U,U,U,U,U,U,U,U,U,U,U,U,268:199.44:241093:7.7:28,271:202.29:372397:8.7:7,272:202.68:234995:8.6:29,270:200.87:261563:8.04:11,266:197.65:239009:6.5:13,[261:192.9:474505:4.46:63
OLED_011720C220,U,U,U,U,U,U,U,U,U,U,U,U,U,587:199.44:241093:4.4:17,592:202.29:372397:5.14:38,626:202.68:234995:4.74:23,629:200.87:261563:3.9:3,629:197.65:239009:3.51:72,[635:192.9:474505:2.45:11
OLED_011720C230,U,U,U,U,U,U,U,U,U,U,U,U,U,334:199.44:241093:2.47:21,349:202.29:372397:2.98:3,350:202.68:234995:2.95:8,361:200.87:261563:2.2:4,363:197.65:239009:1.85:10,[368:192.9:474505:1.03:12
OLED_011720C240,U,U,U,U,U,U,U,U,U,U,U,U,U,560:199.44:241093:1.28:45,555:202.29:372397:1.3:9,555:202.68:234995:1.5:15,540:200.87:261563:1.35:3,540:197.65:239009:0.96:3,[538:192.9:474505:0.5:5
OLED_011720C250,U,U,U,U,U,U,U,U,U,U,U,U,U,345:199.44:241093:0.65:5,350:202.29:372397:0.65:0,350:202.68:234995:0.6:5,350:200.87:261563:0.49:1,349:197.65:239009:0.41:2,[348:192.9:474505:0.25:5
OLED_011720C260,U,U,U,U,U,U,U,U,U,U,U,U,U,504:199.44:241093:0.85:0,504:202.29:372397:0.35:2,504:202.68:234995:0.35:0,506:200.87:261563:0.35:0,506:197.65:239009:0.35:0,[506:192.9:474505:0.35:0
OLED_011720C270,U,U,U,U,U,U,U,U,U,U,U,U,U,92:199.44:241093:0.45:0,92:202.29:372397:0.45:0,92:202.68:234995:0.45:0,92:200.87:261563:0.45:0,92:197.65:239009:0.45:0,[92:192.9:474505:0.45:0
OLED_011720C280,U,U,U,U,U,U,U,U,U,U,U,U,U,1621:199.44:241093:0.22:0,1621:202.29:372397:0.17:31,1596:202.68:234995:0.17:0,1591:200.87:261563:0.1:52,1544:197.65:239009:0.1:0,[1544:192.9:474505:0.1:0
OLED_011720C290,U,U,U,U,U,U,U,U,U,U,U,U,U,258:199.44:241093:0.3:0,258:202.29:372397:0.3:0,258:202.68:234995:0.3:0,258:200.87:261563:0.3:0,258:197.65:239009:0.3:0,258:192.9:474505:0.3:0
OLED_011720C300,U,U,U,U,U,U,U,U,U,U,U,U,U,U,389:202.29:372397:0.06:0,389:202.68:234995:0.06:0,389:200.87:261563:0.06:0,389:197.65:239009:0.06:0,389:192.9:474505:0.06:0
OLED_122019C182.5,U,U,U,U,U,U,U,U,U,U,U,U,U,U,U,0:202.68:234995:0.0:0,0:200.87:261563:0.0:0,0:197.65:239009:0.0:0,[0:192.9:474505:0.0:0
OLED_122019C187.5,U,U,U,U,U,U,U,U,U,U,U,U,U,U,U,0:202.68:234995:0.0:0,0:200.87:261563:0.0:0,0:197.65:239009:0.0:0,[0:192.9:474505:0.0:0
OLED_122019C192.5,U,U,U,U,U,U,U,U,U,U,U,U,U,U,U,0:202.68:234995:0.0:0,0:200.87:261563:0.0:0,0:197.65:239009:0.0:0,[0:192.9:474505:0.0:0
OLED_122019C197.5,U,U,U,U,U,U,U,U,U,U,U,U,U,U,U,0:202.68:234995:0.0:0,6:200.87:261563:10.8:0,6:197.65:239009:8.17:11,[15:192.9:474505:5.7:15
OLED_122019C202.5,U,U,U,U,U,U,U,U,U,U,U,U,U,U,U,0:202.68:234995:8.83:1,4:200.87:261563:7.3:7,11:197.65:239009:7.3:0,[11:192.9:474505:3.8:22
OLED_122019C205,U,U,U,U,U,U,U,U,U,U,U,U,U,U,U,0:202.68:234995:7.4:11,14:200.87:261563:5.5:7,20:197.65:239009:4.89:6,[23:192.9:474505:2.9:25
OLED_122019C207.5,U,U,U,U,U,U,U,U,U,U,U,U,U,U,U,0:202.68:234995:6.2:3,13:200.87:261563:5.1:16,29:197.65:239009:3.8:2,[31:192.9:474505:2.25:33
OLED_122019C212.5,U,U,U,U,U,U,U,U,U,U,U,U,U,U,U,0:202.68:234995:4.1:8,19:200.87:261563:3.7:39,56:197.65:239009:2.2:18,[74:192.9:474505:1.25:29
OLED_122019C215,U,U,U,U,U,U,U,U,U,U,U,U,U,U,U,0:202.68:234995:3.1:9,17:200.87:261563:2.8:7,23:197.65:239009:1.85:27,[47:192.9:474505:1.0:19
OLED_122019C217.5,U,U,U,U,U,U,U,U,U,U,U,U,U,U,U,0:202.68:234995:2.5:5,42:200.87:261563:2.2:19,48:197.65:239009:2.2:0,[48:192.9:474505:0.85:4
OLED_122019C222.5,U,U,U,U,U,U,U,U,U,U,U,U,U,U,U,0:202.68:234995:1.75:9,11:200.87:261563:1.45:0,11:197.65:239009:0.85:1,U:192.9:474505:U:U
OLED_122019C225,U,U,U,U,U,U,U,U,U,U,U,U,U,U,U,0:202.68:234995:1.35:13,13:200.87:261563:1.2:0,13:197.65:239009:0.7:2,13:192.9:474505:0.35:1
OLED_010320C175,U,U,U,U,U,U,U,U,U,U,U,U,U,U,U,U,U,0:197.65:239009:0.0:0,[0:192.9:474505:0.0:0
OLED_010320C177.5,U,U,U,U,U,U,U,U,U,U,U,U,U,U,U,U,U,0:197.65:239009:0.0:0,[0:192.9:474505:0.0:0
OLED_010320C192.5,U,U,U,U,U,U,U,U,U,U,U,U,U,U,U,U,U,0:197.65:239009:0.0:0,[0:192.9:474505:9.0:2
OLED_010320C207.5,U,U,U,U,U,U,U,U,U,U,U,U,U,U,U,U,U,0:197.65:239009:0.0:0,[0:192.9:474505:3.12:1
OLED_010320C182.5,U,U,U,U,U,U,U,U,U,U,U,U,U,U,U,U,U,0:197.65:239009:0.0:0,[0:192.9:474505:0.0:0
OLED_010320C187.5,U,U,U,U,U,U,U,U,U,U,U,U,U,U,U,U,U,0:197.65:239009:0.0:0,[0:192.9:474505:0.0:0
OLED_010320C212.5,U,U,U,U,U,U,U,U,U,U,U,U,U,U,U,U,U,0:197.65:239009:0.0:0,[0:192.9:474505:0.0:0
OLED_010320C220,U,U,U,U,U,U,U,U,U,U,U,U,U,U,U,U,U,0:197.65:239009:0.0:0,0:192.9:474505:1.11:1
OLED_010320C217.5,U,U,U,U,U,U,U,U,U,U,U,U,U,U,U,U,U,0:197.65:239009:0.0:0,[0:192.9:474505:1.35:1
OLED_010320C197.5,U,U,U,U,U,U,U,U,U,U,U,U,U,U,U,U,U,0:197.65:239009:0.0:0,[0:192.9:474505:7.8:2
OLED_010320C215,U,U,U,U,U,U,U,U,U,U,U,U,U,U,U,U,U,0:197.65:239009:0.0:0,[0:192.9:474505:0.0:0
OLED_010320C200,U,U,U,U,U,U,U,U,U,U,U,U,U,U,U,U,U,0:197.65:239009:0.0:0,[0:192.9:474505:0.0:0
OLED_010320C202.5,U,U,U,U,U,U,U,U,U,U,U,U,U,U,U,U,U,0:197.65:239009:0.0:0,[0:192.9:474505:0.0:0
OLED_010320C210,U,U,U,U,U,U,U,U,U,U,U,U,U,U,U,U,U,0:197.65:239009:0.0:0,[0:192.9:474505:0.0:0
OLED_010320C185,U,U,U,U,U,U,U,U,U,U,U,U,U,U,U,U,U,0:197.65:239009:0.0:0,[0:192.9:474505:0.0:0
OLED_010320C190,U,U,U,U,U,U,U,U,U,U,U,U,U,U,U,U,U,0:197.65:239009:0.0:0,[0:192.9:474505:10.2:1
OLED_010320C195,U,U,U,U,U,U,U,U,U,U,U,U,U,U,U,U,U,0:197.65:239009:0.0:0,[0:192.9:474505:7.8:2
OLED_010320C222.5,U,U,U,U,U,U,U,U,U,U,U,U,U,U,U,U,U,0:197.65:239009:0.0:0,0:192.9:474505:0.0:0
OLED_010320C180,U,U,U,U,U,U,U,U,U,U,U,U,U,U,U,U,U,0:197.65:239009:0.0:0,[0:192.9:474505:0.0:0
OLED_010320C205,U,U,U,U,U,U,U,U,U,U,U,U,U,U,U,U,U,0:197.65:239009:0.0:0,[0:192.9:474505:0.0:0
OLED_010320C165,U,U,U,U,U,U,U,U,U,U,U,U,U,U,U,U,U,U,0:192.9:474505:0.0:0
OLED_121319C170,U,U,U,U,U,U,U,U,U,U,U,U,U,U,U,U,U,U,0:192.9:474505:0.0:0
OLED_011720C145,U,U,U,U,U,U,U,U,U,U,U,U,U,U,U,U,U,U,134:192.9:474505:53.18:0
OLED_122719C165,U,U,U,U,U,U,U,U,U,U,U,U,U,U,U,U,U,U,0:192.9:474505:0.0:0
OLED_121319C172.5,U,U,U,U,U,U,U,U,U,U,U,U,U,U,U,U,U,U,2:192.9:474505:30.15:0
OLED_010320C170,U,U,U,U,U,U,U,U,U,U,U,U,U,U,U,U,U,U,0:192.9:474505:0.0:0
OLED_122719C170,U,U,U,U,U,U,U,U,U,U,U,U,U,U,U,U,U,U,2:192.9:474505:30.75:0
