Symbol,20191029,20191030,20191111,20191112,20191113,20191114,20191115,20191118,20191120,20191121,20191122
PFE_112219C33.5,10:29:2019,5:38.48,0:36.93:11900287:4.15:0,0:36.97:12644366:4.15:0,0:36.6:24554579:4.15:0,0:36.55:23893614:4.15:0,0:37.28:34345742:3.9:2,2:134.06:3619873:3.75:2,2:37.1:13082409:3.75:0,2:37.74:19869602:3.75:0,[2:38.33:24233217:3.75:0
PFE_112219C34,10:29:2019,0:38.48,0:36.93:11900287:4.65:0,0:36.97:12644366:4.65:0,0:36.6:24554579:4.65:0,0:36.55:23893614:4.65:0,0:37.28:34345742:4.65:0,0:134.06:3619873:4.65:0,0:37.1:13082409:4.65:0,0:37.74:19869602:4.65:0,[0:38.33:24233217:4.65:0
PFE_112219C34.5,10:29:2019,6:38.48,0:36.93:11900287:3.8:0,0:36.97:12644366:3.8:0,0:36.6:24554579:3.8:0,0:36.55:23893614:3.8:0,0:37.28:34345742:3.8:0,0:134.06:3619873:3.8:0,0:37.1:13082409:3.8:0,0:37.74:19869602:3.8:0,[0:38.33:24233217:3.8:0
PFE_112219C35,10:29:2019,6:38.48,0:36.93:11900287:2.58:0,0:36.97:12644366:2.58:0,0:36.6:24554579:1.54:2,2:36.55:23893614:1.54:0,2:37.28:34345742:1.54:0,2:134.06:3619873:1.54:0,2:37.1:13082409:1.54:0,2:37.74:19869602:1.54:0,[2:38.33:24233217:1.54:0
PFE_112219C35.5,10:29:2019,109:38.48,0:36.93:11900287:1.43:4,4:36.97:12644366:1.43:0,4:36.6:24554579:1.2:5,9:36.55:23893614:1.1:2,9:37.28:34345742:1.96:19,U:134.06:3619873::,7:37.1:13082409:1.93:0,7:37.74:19869602:1.93:0,[7:38.33:24233217:1.93:0
PFE_112219C36,10:29:2019,80:38.48,3:36.93:11900287:1.01:32,35:36.97:12644366:1.61:1,35:36.6:24554579:0.79:130,132:36.55:23893614:0.66:310,265:37.28:34345742:1.32:100,184:134.06:3619873:1.23:17,176:37.1:13082409:1.07:191,331:37.74:19869602:1.62:287,[194:38.33:24233217:1.62:0
PFE_112219C36.5,10:29:2019,783:38.48,34:36.93:11900287:0.65:73,50:36.97:12644366:0.67:33,56:36.6:24554579:0.43:157,117:36.55:23893614:0.35:188,223:37.28:34345742:0.87:202,U:134.06:3619873::,243:37.1:13082409:0.65:274,456:37.74:19869602:1.28:273,[261:38.33:24233217:1.84:38
PFE_112219C37,10:29:2019,2205:38.48,2364:36.93:11900287:0.35:239,2474:36.97:12644366:0.34:642,2599:36.6:24554579:0.21:2178,2504:36.55:23893614:0.1:289,2674:37.28:34345742:0.48:1150,2858:134.06:3619873:0.37:1394,3249:37.1:13082409:0.25:981,3125:37.74:19869602:0.71:1408,[2570:38.33:24233217:1.35:635
PFE_112219C37.5,10:29:2019,122:38.48,637:36.93:11900287:0.15:122,649:36.97:12644366:0.15:882,1241:36.6:24554579:0.06:1329,1158:36.55:23893614:0.04:1118,1406:37.28:34345742:0.22:3275,2563:134.06:3619873:0.13:3228,2158:37.1:13082409:0.05:2569,3033:37.74:19869602:0.3:3165,[1923:38.33:24233217:0.87:621
PFE_112219C38,10:29:2019,748:38.48,993:36.93:11900287:0.05:48,1019:36.97:12644366:0.07:138,979:36.6:24554579:0.03:243,938:36.55:23893614:0.01:15,933:37.28:34345742:0.07:1165,1342:134.06:3619873:0.04:3227,4212:37.1:13082409:0.02:1127,4821:37.74:19869602:0.04:4836,[5377:38.33:24233217:0.4:5156
PFE_112219C38.5,10:29:2019,371:38.48,730:36.93:11900287:0.02:56,778:36.97:12644366:0.03:72,736:36.6:24554579:0.01:150,634:36.55:23893614:0.02:71,634:37.28:34345742:0.02:1550,1965:134.06:3619873:0.01:169,2778:37.1:13082409:0.01:90,2847:37.74:19869602:0.01:1755,[4299:38.33:24233217:0.36:548
PFE_112219C39,10:29:2019,522:38.48,758:36.93:11900287:0.02:0,758:36.97:12644366:0.01:2,757:36.6:24554579:0.01:0,757:36.55:23893614:0.01:0,757:37.28:34345742:0.02:61,U:134.06:3619873::,824:37.1:13082409:0.01:1,823:37.74:19869602:0.01:0,[823:38.33:24233217:0.01:31
PFE_112219C39.5,10:29:2019,216:38.48,271:36.93:11900287:0.04:1,272:36.97:12644366:0.04:0,272:36.6:24554579:0.04:0,272:36.55:23893614:0.04:0,272:37.28:34345742:0.04:0,272:134.06:3619873:0.01:1,273:37.1:13082409:0.01:1,272:37.74:19869602:0.01:0,[272:38.33:24233217:0.01:0
PFE_112219C40,10:29:2019,140:38.48,1005:36.93:11900287:0.05:0,1005:36.97:12644366:0.05:0,1005:36.6:24554579:0.05:0,1005:36.55:23893614:0.05:0,1005:37.28:34345742:0.05:0,1005:134.06:3619873:0.05:0,1005:37.1:13082409:0.05:0,1005:37.74:19869602:0.05:0,[1005:38.33:24233217:0.01:10
PFE_112219C40.5,10:29:2019,320:38.48,1097:36.93:11900287:0.05:0,1097:36.97:12644366:0.05:0,1097:36.6:24554579:0.05:0,1097:36.55:23893614:0.05:0,1097:37.28:34345742:0.05:0,U:134.06:3619873::,1097:37.1:13082409:0.05:0,1097:37.74:19869602:0.05:0,[1097:38.33:24233217:0.05:0
PFE_112219C41,10:29:2019,532:38.48,534:36.93:11900287:0.01:0,534:36.97:12644366:0.01:0,534:36.6:24554579:0.01:0,534:36.55:23893614:0.01:0,534:37.28:34345742:0.01:0,U:134.06:3619873::,534:37.1:13082409:0.01:0,534:37.74:19869602:0.01:0,[534:38.33:24233217:0.01:0
PFE_112219C41.5,10:29:2019,0:38.48,0:36.93:11900287:0.0:0,0:36.97:12644366:0.0:0,0:36.6:24554579:0.0:0,0:36.55:23893614:0.0:0,0:37.28:34345742:0.0:0,U:134.06:3619873::,0:37.1:13082409:0.0:0,0:37.74:19869602:0.0:0,[0:38.33:24233217:0.0:0
PFE_112219C42.5,10:29:2019,0:38.48,0:36.93:11900287:0.0:0,0:36.97:12644366:0.0:0,0:36.6:24554579:0.0:0,0:36.55:23893614:0.0:0,0:37.28:34345742:0.0:0,0:134.06:3619873:0.0:0,0:37.1:13082409:0.0:0,0:37.74:19869602:0.0:0,[0:38.33:24233217:0.0:0
PFE_112219C43.5,10:29:2019,0:38.48,0:36.93:11900287:0.0:0,0:36.97:12644366:0.0:0,0:36.6:24554579:0.0:0,0:36.55:23893614:0.0:0,0:37.28:34345742:0.0:0,0:134.06:3619873:0.0:0,0:37.1:13082409:0.0:0,0:37.74:19869602:0.0:0,[0:38.33:24233217:0.0:0
PFE_112919C33.5,10:29:2019,0:38.48,0:36.93:11900287:0.0:0,0:36.97:12644366:0.0:0,0:36.6:24554579:0.0:0,0:36.55:23893614:0.0:0,0:37.28:34345742:0.0:0,0:134.06:3619873:0.0:0,0:37.1:13082409:0.0:0,0:37.74:19869602:0.0:0,[0:38.33:24233217:0.0:0
PFE_112919C34,10:29:2019,0:38.48,0:36.93:11900287:0.0:0,0:36.97:12644366:0.0:0,0:36.6:24554579:0.0:0,0:36.55:23893614:0.0:0,0:37.28:34345742:0.0:0,0:134.06:3619873:0.0:0,0:37.1:13082409:0.0:0,0:37.74:19869602:3.35:1,[1:38.33:24233217:3.35:0
PFE_112919C34.5,10:29:2019,2:38.48,0:36.93:11900287:4.25:0,0:36.97:12644366:4.25:0,0:36.6:24554579:4.25:0,0:36.55:23893614:2.1:20,20:37.28:34345742:2.9:20,20:134.06:3619873:2.9:0,30:37.1:13082409:2.98:0,30:37.74:19869602:2.98:0,[30:38.33:24233217:2.98:0
PFE_112919C35,10:29:2019,0:38.48,46:36.93:11900287:2.05:5,51:36.97:12644366:2.05:0,51:36.6:24554579:2.05:0,51:36.55:23893614:1.5:12,63:37.28:34345742:2.34:58,16:134.06:3619873:2.34:0,16:37.1:13082409:2.34:0,16:37.74:19869602:2.34:0,[16:38.33:24233217:2.34:0
PFE_112919C35.5,10:29:2019,0:38.48,1:36.93:11900287:1.55:2,3:36.97:12644366:1.55:0,3:36.6:24554579:1.55:0,3:36.55:23893614:1.55:0,3:37.28:34345742:1.8:1,3:134.06:3619873:1.67:80,3:37.1:13082409:1.67:0,3:37.74:19869602:1.67:0,[3:38.33:24233217:2.29:2
PFE_112919C36,10:29:2019,368:38.48,130:36.93:11900287:1.07:80,209:36.97:12644366:1.07:0,209:36.6:24554579:0.78:163,231:36.55:23893614:0.72:31,251:37.28:34345742:1.36:7,252:134.06:3619873:1.26:83,311:37.1:13082409:1.15:61,306:37.74:19869602:1.78:34,[308:38.33:24233217:2.25:268
PFE_112919C36.5,10:29:2019,48:38.48,55:36.93:11900287:0.73:7,54:36.97:12644366:0.73:0,54:36.6:24554579:0.52:101,143:36.55:23893614:0.43:46,167:37.28:34345742:1.03:78,150:134.06:3619873:0.85:72,174:37.1:13082409:0.75:42,157:37.74:19869602:1.34:26,[148:38.33:24233217:1.9:32
PFE_112919C37,10:29:2019,187:38.48,282:36.93:11900287:0.37:42,289:36.97:12644366:0.46:31,308:36.6:24554579:0.25:280,537:36.55:23893614:0.18:34,529:37.28:34345742:0.6:852,U:134.06:3619873::,893:37.1:13082409:0.43:122,925:37.74:19869602:0.82:191,[901:38.33:24233217:1.35:72
PFE_112919C37.5,10:29:2019,2789:38.48,3956:36.93:11900287:0.21:49,3940:36.97:12644366:0.21:24,3956:36.6:24554579:0.11:78,3922:36.55:23893614:0.1:14,3919:37.28:34345742:0.29:1118,3448:134.06:3619873:0.25:661,3789:37.1:13082409:0.17:517,3783:37.74:19869602:0.45:765,[4055:38.33:24233217:0.94:441
PFE_112919C38,10:29:2019,322:38.48,579:36.93:11900287:0.09:643,1211:36.97:12644366:0.09:153,1362:36.6:24554579:0.04:129,1462:36.55:23893614:0.03:166,1582:37.28:34345742:0.12:658,1746:134.06:3619873:0.1:637,2455:37.1:13082409:0.06:517,2924:37.74:19869602:0.25:1923,[3861:38.33:24233217:0.52:1527
PFE_112919C38.5,10:29:2019,119:38.48,406:36.93:11900287:0.04:87,403:36.97:12644366:0.04:50,413:36.6:24554579:0.03:3,414:36.55:23893614:0.02:20,404:37.28:34345742:0.06:156,466:134.06:3619873:0.04:169,600:37.1:13082409:0.03:156,717:37.74:19869602:0.06:559,[987:38.33:24233217:0.23:1488
PFE_112919C39,10:29:2019,482:38.48,671:36.93:11900287:0.02:16,666:36.97:12644366:0.02:0,666:36.6:24554579:0.02:5,661:36.55:23893614:0.01:10,658:37.28:34345742:0.03:6,658:134.06:3619873:0.02:1,667:37.1:13082409:0.02:3,667:37.74:19869602:0.03:327,[828:38.33:24233217:0.08:2436
PFE_112919C39.5,10:29:2019,10:38.48,83:36.93:11900287:0.02:0,83:36.97:12644366:0.02:0,83:36.6:24554579:0.02:0,83:36.55:23893614:0.02:0,83:37.28:34345742:0.03:5,U:134.06:3619873::,78:37.1:13082409:0.01:2,78:37.74:19869602:0.01:0,[78:38.33:24233217:0.02:204
PFE_112919C40,10:29:2019,127:38.48,538:36.93:11900287:0.01:2,537:36.97:12644366:0.02:1,536:36.6:24554579:0.01:150,609:36.55:23893614:0.01:0,609:37.28:34345742:0.01:5,609:134.06:3619873:0.01:0,619:37.1:13082409:0.01:0,619:37.74:19869602:0.01:0,[619:38.33:24233217:0.01:23
PFE_112919C40.5,10:29:2019,2:38.48,13:36.93:11900287:0.04:0,13:36.97:12644366:0.04:0,13:36.6:24554579:0.04:0,13:36.55:23893614:0.04:0,13:37.28:34345742:0.04:0,13:134.06:3619873:0.04:0,13:37.1:13082409:0.04:0,13:37.74:19869602:0.04:0,[13:38.33:24233217:0.04:0
PFE_112919C41,10:29:2019,6:38.48,6:36.93:11900287:0.04:0,6:36.97:12644366:0.04:0,6:36.6:24554579:0.04:0,6:36.55:23893614:0.04:0,6:37.28:34345742:0.04:0,U:134.06:3619873::,6:37.1:13082409:0.04:0,6:37.74:19869602:0.04:0,[6:38.33:24233217:0.04:0
PFE_112919C41.5,10:29:2019,1:38.48,1:36.93:11900287:0.02:0,1:36.97:12644366:0.02:0,1:36.6:24554579:0.02:0,1:36.55:23893614:0.02:0,1:37.28:34345742:0.02:0,1:134.06:3619873:0.02:0,1:37.1:13082409:0.02:0,1:37.74:19869602:0.02:0,[1:38.33:24233217:0.02:0
PFE_112919C42,10:29:2019,0:38.48,0:36.93:11900287:0.0:0,0:36.97:12644366:0.0:0,0:36.6:24554579:0.0:0,0:36.55:23893614:0.0:0,0:37.28:34345742:0.0:0,0:134.06:3619873:0.0:0,0:37.1:13082409:0.0:0,0:37.74:19869602:0.0:0,[0:38.33:24233217:0.0:0
PFE_112919C42.5,10:29:2019,0:38.48,0:36.93:11900287:0.0:0,0:36.97:12644366:0.0:0,0:36.6:24554579:0.0:0,0:36.55:23893614:0.0:0,0:37.28:34345742:0.0:0,0:134.06:3619873:0.0:0,0:37.1:13082409:0.0:0,0:37.74:19869602:0.0:0,[0:38.33:24233217:0.0:0
PFE_112919C43.5,10:29:2019,0:38.48,0:36.93:11900287:0.0:0,0:36.97:12644366:0.0:0,0:36.6:24554579:0.0:0,0:36.55:23893614:0.0:0,0:37.28:34345742:0.0:0,U:134.06:3619873::,0:37.1:13082409:0.0:0,0:37.74:19869602:0.0:0,[0:38.33:24233217:0.0:0
PFE_120619C33.5,10:29:2019,0:38.48,0:36.93:11900287:0.0:0,0:36.97:12644366:0.0:0,0:36.6:24554579:0.0:0,0:36.55:23893614:3.05:4,4:37.28:34345742:3.35:4,4:134.06:3619873:3.35:0,4:37.1:13082409:3.35:0,4:37.74:19869602:3.35:0,[4:38.33:24233217:3.35:0
PFE_120619C34,10:29:2019,2:38.48,10:36.93:11900287:3.16:0,10:36.97:12644366:3.16:0,10:36.6:24554579:3.16:0,10:36.55:23893614:3.16:0,10:37.28:34345742:3.16:0,10:134.06:3619873:3.16:0,10:37.1:13082409:3.16:0,10:37.74:19869602:3.16:0,[10:38.33:24233217:3.16:0
PFE_120619C34.5,10:29:2019,0:38.48,0:36.93:11900287:0.0:0,0:36.97:12644366:0.0:0,0:36.6:24554579:0.0:0,0:36.55:23893614:0.0:0,0:37.28:34345742:0.0:0,U:134.06:3619873:.5:5,0:37.1:13082409:0.0:0,0:37.74:19869602:0.0:0,[0:38.33:24233217:0.0:0
PFE_120619C35,10:29:2019,0:38.48,0:36.93:11900287:0.0:0,0:36.97:12644366:0.0:0,0:36.6:24554579:0.0:0,0:36.55:23893614:0.0:0,0:37.28:34345742:0.0:0,0:134.06:3619873:0.0:0,0:37.1:13082409:0.0:0,0:37.74:19869602:0.0:0,[0:38.33:24233217:0.0:0
PFE_120619C35.5,10:29:2019,0:38.48,8:36.93:11900287:1.82:0,8:36.97:12644366:1.82:0,8:36.6:24554579:1.28:25,33:36.55:23893614:1.37:2,35:37.28:34345742:2.03:1,34:134.06:3619873:2.03:0,34:37.1:13082409:2.03:0,34:37.74:19869602:2.24:13,[21:38.33:24233217:2.24:0
PFE_120619C36,10:29:2019,0:38.48,1:36.93:11900287:1.28:0,1:36.97:12644366:1.28:0,1:36.6:24554579:0.99:4,2:36.55:23893614:0.89:4,6:37.28:34345742:1.59:10,16:134.06:3619873:1.33:2,18:37.1:13082409:1.78:0,18:37.74:19869602:1.78:0,[18:38.33:24233217:1.78:0
PFE_120619C36.5,10:29:2019,69:38.48,339:36.93:11900287:0.75:12,340:36.97:12644366:0.9:3,342:36.6:24554579:0.54:27,363:36.55:23893614:0.48:8,360:37.28:34345742:1.16:35,363:134.06:3619873:0.88:6,362:37.1:13082409:0.86:42,395:37.74:19869602:1.42:240,[283:38.33:24233217:1.42:0
PFE_120619C37,10:29:2019,17:38.48,358:36.93:11900287:0.53:32,333:36.97:12644366:0.59:52,318:36.6:24554579:0.3:71,343:36.55:23893614:0.33:68,401:37.28:34345742:0.79:124,U:134.06:3619873::,482:37.1:13082409:0.56:40,507:37.74:19869602:0.94:55,[490:38.33:24233217:1.39:114
PFE_120619C37.5,10:29:2019,326:38.48,372:36.93:11900287:0.3:339,621:36.97:12644366:0.3:99,692:36.6:24554579:0.19:26,700:36.55:23893614:0.15:184,861:37.28:34345742:0.42:450,778:134.06:3619873:0.38:122,744:37.1:13082409:0.31:28,763:37.74:19869602:0.59:103,[752:38.33:24233217:1.05:162
PFE_120619C38,10:29:2019,136:38.48,208:36.93:11900287:0.15:81,228:36.97:12644366:0.15:45,229:36.6:24554579:0.09:41,253:36.55:23893614:0.06:16,252:37.28:34345742:0.28:101,237:134.06:3619873:0.18:370,443:37.1:13082409:0.15:59,435:37.74:19869602:0.32:245,[497:38.33:24233217:0.69:420
PFE_120619C38.5,10:29:2019,140:38.48,1691:36.93:11900287:0.11:0,1691:36.97:12644366:0.07:579,2028:36.6:24554579:0.04:9,2027:36.55:23893614:0.04:40,2034:37.28:34345742:0.13:294,U:134.06:3619873::,2316:37.1:13082409:0.07:133,2314:37.74:19869602:0.17:196,[2475:38.33:24233217:0.38:597
PFE_120619C39,10:29:2019,38:38.48,169:36.93:11900287:0.03:98,212:36.97:12644366:0.03:209,406:36.6:24554579:0.03:28,405:36.55:23893614:0.03:0,405:37.28:34345742:0.06:3087,2900:134.06:3619873:0.04:42,3602:37.1:13082409:0.04:263,3591:37.74:19869602:0.09:588,[4150:38.33:24233217:0.19:389
PFE_120619C39.5,10:29:2019,34:38.48,110:36.93:11900287:0.05:0,110:36.97:12644366:0.03:10,100:36.6:24554579:0.03:0,100:36.55:23893614:0.03:0,100:37.28:34345742:0.03:0,100:134.06:3619873:0.02:1,52:37.1:13082409:0.04:1,53:37.74:19869602:0.04:48,[95:38.33:24233217:0.08:157
PFE_120619C40,10:29:2019,317:38.48,464:36.93:11900287:0.02:1,464:36.97:12644366:0.02:0,464:36.6:24554579:0.02:0,464:36.55:23893614:0.02:0,464:37.28:34345742:0.02:5,U:134.06:3619873::,488:37.1:13082409:0.03:0,488:37.74:19869602:0.02:10,[498:38.33:24233217:0.03:120
PFE_120619C40.5,10:29:2019,10:38.48,9:36.93:11900287:0.13:0,9:36.97:12644366:0.13:0,9:36.6:24554579:0.13:0,9:36.55:23893614:0.13:0,9:37.28:34345742:0.13:0,9:134.06:3619873:0.13:0,9:37.1:13082409:0.13:0,9:37.74:19869602:0.13:0,[9:38.33:24233217:0.13:0
PFE_120619C41,10:29:2019,2:38.48,1:36.93:11900287:0.07:0,1:36.97:12644366:0.07:0,1:36.6:24554579:0.07:0,1:36.55:23893614:0.07:0,1:37.28:34345742:0.07:0,U:134.06:3619873::,3:37.1:13082409:0.02:0,3:37.74:19869602:0.02:0,[3:38.33:24233217:0.02:0
PFE_120619C41.5,10:29:2019,1:38.48,7:36.93:11900287:0.05:0,7:36.97:12644366:0.05:0,7:36.6:24554579:0.05:0,7:36.55:23893614:0.05:0,7:37.28:34345742:0.05:0,7:134.06:3619873:0.05:0,7:37.1:13082409:0.05:0,7:37.74:19869602:0.05:0,[7:38.33:24233217:0.05:0
PFE_120619C42,10:29:2019,0:38.48,1:36.93:11900287:0.03:0,1:36.97:12644366:0.03:0,1:36.6:24554579:0.03:0,1:36.55:23893614:0.03:0,1:37.28:34345742:0.03:0,U:134.06:3619873::,1:37.1:13082409:0.03:0,1:37.74:19869602:0.03:0,[1:38.33:24233217:0.03:0
PFE_120619C42.5,10:29:2019,0:38.48,0:36.93:11900287:0.0:0,0:36.97:12644366:0.0:0,0:36.6:24554579:0.0:0,0:36.55:23893614:0.0:0,0:37.28:34345742:0.0:0,U:134.06:3619873::,0:37.1:13082409:0.0:0,0:37.74:19869602:0.0:0,[0:38.33:24233217:0.0:0
PFE_120619C43,10:29:2019,0:38.48,0:36.93:11900287:0.0:0,0:36.97:12644366:0.0:0,0:36.6:24554579:0.0:0,0:36.55:23893614:0.0:0,0:37.28:34345742:0.0:0,0:134.06:3619873:0.0:0,0:37.1:13082409:0.0:0,0:37.74:19869602:0.0:0,[0:38.33:24233217:0.0:0
PFE_122019C29,10:29:2019,85:38.48,0:36.93:11900287:8.65:0,0:36.97:12644366:8.65:0,0:36.6:24554579:8.65:0,0:36.55:23893614:8.65:0,0:37.28:34345742:8.65:0,0:134.06:3619873:8.65:0,0:37.1:13082409:8.65:0,0:37.74:19869602:8.2:15,15:38.33:24233217:8.2:0
PFE_122019C30,10:29:2019,416:38.48,39:36.93:11900287:7.22:0,39:36.97:12644366:7.22:0,39:36.6:24554579:7.22:0,39:36.55:23893614:6.59:5,39:37.28:34345742:7.33:3,U:134.06:3619873::,39:37.1:13082409:7.33:0,39:37.74:19869602:7.88:26,60:38.33:24233217:7.88:0
PFE_122019C31,10:29:2019,170:38.48,5:36.93:11900287:6.55:0,5:36.97:12644366:6.55:0,5:36.6:24554579:6.55:0,5:36.55:23893614:6.55:0,5:37.28:34345742:6.4:2,7:134.06:3619873:6.4:0,7:37.1:13082409:6.5:0,7:37.74:19869602:6.5:0,7:38.33:24233217:6.5:0
PFE_122019C32,10:29:2019,97:38.48,1:36.93:11900287:5.59:0,1:36.97:12644366:5.59:0,1:36.6:24554579:4.75:2,3:36.55:23893614:4.75:0,3:37.28:34345742:4.75:0,U:134.06:3619873::,3:37.1:13082409:5.36:2,2:37.74:19869602:5.36:0,2:38.33:24233217:5.36:0
PFE_122019C33,10:29:2019,498:38.48,6:36.93:11900287:4.1:0,6:36.97:12644366:4.1:0,6:36.6:24554579:4.1:0,6:36.55:23893614:4.1:0,6:37.28:34345742:4.1:0,U:134.06:3619873::,6:37.1:13082409:4.1:0,6:37.74:19869602:4.1:0,6:38.33:24233217:4.1:0
PFE_122019C34,10:29:2019,762:38.48,103:36.93:11900287:3.2:0,103:36.97:12644366:2.98:1,104:36.6:24554579:2.83:50,154:36.55:23893614:2.83:0,154:37.28:34345742:3.4:1,153:134.06:3619873:3.3:25,174:37.1:13082409:3.43:7,179:37.74:19869602:3.9:23,[175:38.33:24233217:4.38:6
PFE_122019C35,10:29:2019,2790:38.48,346:36.93:11900287:2.3:0,346:36.97:12644366:2.29:4,350:36.6:24554579:1.74:125,475:36.55:23893614:1.82:2,476:37.28:34345742:2.6:33,U:134.06:3619873::,483:37.1:13082409:2.48:275,758:37.74:19869602:2.92:40,[760:38.33:24233217:3.25:16
PFE_122019C36,10:29:2019,8149:38.48,7009:36.93:11900287:1.35:145,6923:36.97:12644366:1.41:5,6922:36.6:24554579:1.19:300,6978:36.55:23893614:1.0:377,7001:37.28:34345742:1.74:375,7220:134.06:3619873:1.54:358,7415:37.1:13082409:1.44:273,7378:37.74:19869602:1.99:205,[7307:38.33:24233217:2.46:92
PFE_122019C37,10:29:2019,7091:38.48,6838:36.93:11900287:0.71:4096,8781:36.97:12644366:0.73:351,8773:36.6:24554579:0.55:1996,9820:36.55:23893614:0.49:691,9851:37.28:34345742:0.88:2386,10899:134.06:3619873:0.84:604,11628:37.1:13082409:0.79:255,11740:37.74:19869602:1.19:577,[11932:38.33:24233217:1.65:132
PFE_122019C38,10:29:2019,32042:38.48,24430:36.93:11900287:0.29:614,24228:36.97:12644366:0.3:877,24338:36.6:24554579:0.23:267,24359:36.55:23893614:0.18:2341,26477:37.28:34345742:0.39:1424,27031:134.06:3619873:0.36:675,27662:37.1:13082409:0.33:555,27770:37.74:19869602:0.6:959,[27845:38.33:24233217:0.93:888
PFE_122019C39,10:29:2019,21446:38.48,24154:36.93:11900287:0.11:65,24118:36.97:12644366:0.1:250,24170:36.6:24554579:0.07:202,24041:36.55:23893614:0.06:890,23212:37.28:34345742:0.15:9936,U:134.06:3619873::,30309:37.1:13082409:0.11:494,30297:37.74:19869602:0.21:1533,[30427:38.33:24233217:0.39:1593
PFE_122019C40,10:29:2019,8749:38.48,10132:36.93:11900287:0.04:338,10147:36.97:12644366:0.03:1345,10379:36.6:24554579:0.03:100,10399:36.55:23893614:0.02:109,10320:37.28:34345742:0.07:918,10602:134.06:3619873:0.05:301,10623:37.1:13082409:0.05:126,10632:37.74:19869602:0.06:416,[10740:38.33:24233217:0.14:550
PFE_122019C41,10:29:2019,2411:38.48,2675:36.93:11900287:0.02:0,2675:36.97:12644366:0.03:1,2675:36.6:24554579:0.03:0,2675:36.55:23893614:0.02:252,2423:37.28:34345742:0.04:13,2417:134.06:3619873:0.01:20,2429:37.1:13082409:0.01:2,2429:37.74:19869602:0.03:75,[2429:38.33:24233217:0.03:117
PFE_122019C42,10:29:2019,6097:38.48,7087:36.93:11900287:0.02:0,7087:36.97:12644366:0.02:0,7087:36.6:24554579:0.02:0,7087:36.55:23893614:0.02:3,7086:37.28:34345742:0.02:5,7086:134.06:3619873:0.02:1,7086:37.1:13082409:0.01:2,7084:37.74:19869602:0.02:315,[7084:38.33:24233217:0.02:4
PFE_122019C43,10:29:2019,3222:38.48,3227:36.93:11900287:0.01:2,3225:36.97:12644366:0.01:0,3225:36.6:24554579:0.02:17,3223:36.55:23893614:0.02:0,3223:37.28:34345742:0.02:0,U:134.06:3619873::,3220:37.1:13082409:0.01:0,3220:37.74:19869602:0.02:1,[3219:38.33:24233217:0.02:0
PFE_122019C44,10:29:2019,1844:38.48,1832:36.93:11900287:0.02:0,1832:36.97:12644366:0.02:0,1832:36.6:24554579:0.02:0,1832:36.55:23893614:0.02:0,1832:37.28:34345742:0.02:0,1832:134.06:3619873:0.02:0,1829:37.1:13082409:0.02:0,1829:37.74:19869602:0.02:0,1829:38.33:24233217:0.02:0
PFE_122019C45,10:29:2019,2017:38.48,2014:36.93:11900287:0.01:0,2014:36.97:12644366:0.01:0,2014:36.6:24554579:0.01:0,2014:36.55:23893614:0.01:0,2014:37.28:34345742:0.01:3,2011:134.06:3619873:0.02:6,2011:37.1:13082409:0.02:0,2011:37.74:19869602:0.02:0,2011:38.33:24233217:0.01:10
PFE_122019C46,10:29:2019,3619:38.48,3617:36.93:11900287:0.01:0,3617:36.97:12644366:0.01:0,3617:36.6:24554579:0.01:0,3617:36.55:23893614:0.01:0,3617:37.28:34345742:0.02:2,3615:134.06:3619873:0.02:0,3615:37.1:13082409:0.02:0,3615:37.74:19869602:0.02:0,3615:38.33:24233217:0.01:1
PFE_122019C47,10:29:2019,9419:38.48,9418:36.93:11900287:0.01:0,9418:36.97:12644366:0.01:0,9418:36.6:24554579:0.01:0,9418:36.55:23893614:0.01:10,9415:37.28:34345742:0.01:0,9415:134.06:3619873:0.01:0,9415:37.1:13082409:0.01:0,9415:37.74:19869602:0.01:0,9415:38.33:24233217:0.01:0
PFE_122019C48,10:29:2019,785:38.48,784:36.93:11900287:0.02:0,784:36.97:12644366:0.02:0,784:36.6:24554579:0.02:0,784:36.55:23893614:0.02:2,784:37.28:34345742:0.02:0,U:134.06:3619873::,784:37.1:13082409:0.02:0,784:37.74:19869602:0.02:0,784:38.33:24233217:0.01:1
PFE_112219C32,U,U,0:36.93:11900287:0.0:0,0:36.97:12644366:5.0:1,1:36.6:24554579:5.0:0,1:36.55:23893614:5.0:0,1:37.28:34345742:5.0:0,1:134.06:3619873:5.0:0,1:37.1:13082409:5.4:0,1:37.74:19869602:5.4:0,1:38.33:24233217:5.4:0
PFE_112219C32.5,U,U,0:36.93:11900287:0.0:0,0:36.97:12644366:0.0:0,0:36.6:24554579:0.0:0,0:36.55:23893614:3.9:19,19:37.28:34345742:3.9:0,19:134.06:3619873:3.9:0,19:37.1:13082409:3.9:0,19:37.74:19869602:3.9:0,19:38.33:24233217:3.9:0
PFE_112219C33,U,U,0:36.93:11900287:0.0:0,0:36.97:12644366:0.0:0,0:36.6:24554579:0.0:0,0:36.55:23893614:0.0:0,0:37.28:34345742:0.0:0,0:134.06:3619873:0.0:0,0:37.1:13082409:0.0:0,0:37.74:19869602:0.0:0,0:38.33:24233217:0.0:0
PFE_112919C32,U,U,0:36.93:11900287:0.0:0,0:36.97:12644366:0.0:0,0:36.6:24554579:0.0:0,0:36.55:23893614:0.0:0,0:37.28:34345742:0.0:0,0:134.06:3619873:0.0:0,0:37.1:13082409:0.0:0,0:37.74:19869602:0.0:0,0:38.33:24233217:0.0:0
PFE_112919C32.5,U,U,0:36.93:11900287:0.0:0,0:36.97:12644366:0.0:0,0:36.6:24554579:0.0:0,0:36.55:23893614:0.0:0,0:37.28:34345742:0.0:0,0:134.06:3619873:0.0:0,0:37.1:13082409:0.0:0,0:37.74:19869602:0.0:0,0:38.33:24233217:0.0:0
PFE_112919C33,U,U,10:36.93:11900287:4.61:0,10:36.97:12644366:4.61:0,10:36.6:24554579:4.61:0,10:36.55:23893614:4.61:0,10:37.28:34345742:4.61:0,10:134.06:3619873:4.61:0,80:37.1:13082409:4.65:0,80:37.74:19869602:4.65:0,80:38.33:24233217:4.65:0
PFE_120619C32,U,U,0:36.93:11900287:0.0:0,0:36.97:12644366:0.0:0,0:36.6:24554579:0.0:0,0:36.55:23893614:0.0:0,0:37.28:34345742:0.0:0,0:134.06:3619873:0.0:0,0:37.1:13082409:0.0:0,0:37.74:19869602:0.0:0,0:38.33:24233217:0.0:0
PFE_120619C32.5,U,U,0:36.93:11900287:0.0:0,0:36.97:12644366:0.0:0,0:36.6:24554579:0.0:0,0:36.55:23893614:0.0:0,0:37.28:34345742:0.0:0,0:134.06:3619873:0.0:0,0:37.1:13082409:0.0:0,0:37.74:19869602:0.0:0,0:38.33:24233217:0.0:0
PFE_120619C33,U,U,0:36.93:11900287:0.0:0,0:36.97:12644366:0.0:0,0:36.6:24554579:3.85:25,25:36.55:23893614:3.5:2,27:37.28:34345742:4.45:27,27:134.06:3619873:4.45:0,27:37.1:13082409:4.45:0,27:37.74:19869602:4.45:0,27:38.33:24233217:4.45:0
PFE_121319C32,U,U,0:36.93:11900287:0.0:0,0:36.97:12644366:0.0:0,0:36.6:24554579:0.0:0,0:36.55:23893614:0.0:0,0:37.28:34345742:0.0:0,U:134.06:3619873::,0:37.1:13082409:0.0:0,0:37.74:19869602:0.0:0,0:38.33:24233217:0.0:0
PFE_121319C32.5,U,U,0:36.93:11900287:0.0:0,0:36.97:12644366:0.0:0,0:36.6:24554579:0.0:0,0:36.55:23893614:0.0:0,0:37.28:34345742:0.0:0,0:134.06:3619873:0.0:0,0:37.1:13082409:0.0:0,0:37.74:19869602:0.0:0,0:38.33:24233217:0.0:0
PFE_121319C33,U,U,0:36.93:11900287:0.0:0,0:36.97:12644366:0.0:0,0:36.6:24554579:0.0:0,0:36.55:23893614:0.0:0,0:37.28:34345742:0.0:0,0:134.06:3619873:0.0:0,0:37.1:13082409:0.0:0,0:37.74:19869602:0.0:0,0:38.33:24233217:0.0:0
PFE_121319C33.5,U,U,0:36.93:11900287:0.0:0,0:36.97:12644366:0.0:0,0:36.6:24554579:0.0:0,0:36.55:23893614:0.0:0,0:37.28:34345742:0.0:0,0:134.06:3619873:0.0:0,0:37.1:13082409:0.0:0,0:37.74:19869602:0.0:0,[0:38.33:24233217:0.0:0
PFE_121319C34,U,U,0:36.93:11900287:4.37:0,0:36.97:12644366:4.37:0,0:36.6:24554579:4.37:0,0:36.55:23893614:4.37:0,0:37.28:34345742:4.37:0,0:134.06:3619873:3.15:2,2:37.1:13082409:3.15:0,2:37.74:19869602:3.15:0,[2:38.33:24233217:3.15:0
PFE_121319C34.5,U,U,0:36.93:11900287:0.0:0,0:36.97:12644366:0.0:0,0:36.6:24554579:0.0:0,0:36.55:23893614:0.0:0,0:37.28:34345742:0.0:0,0:134.06:3619873:0.0:0,0:37.1:13082409:0.0:0,0:37.74:19869602:0.0:0,[0:38.33:24233217:0.0:0
PFE_121319C35,U,U,0:36.93:11900287:0.0:0,0:36.97:12644366:0.0:0,0:36.6:24554579:0.0:0,0:36.55:23893614:0.0:0,0:37.28:34345742:0.0:0,0:134.06:3619873:0.0:0,0:37.1:13082409:0.0:0,0:37.74:19869602:0.0:0,[0:38.33:24233217:0.0:0
PFE_121319C35.5,U,U,0:36.93:11900287:0.0:0,0:36.97:12644366:0.0:0,0:36.6:24554579:1.3:20,20:36.55:23893614:1.3:0,20:37.28:34345742:1.3:0,U:134.06:3619873::,20:37.1:13082409:1.3:0,20:37.74:19869602:1.3:0,[20:38.33:24233217:2.4:2
PFE_121319C36,U,U,248:36.93:11900287:1.22:2,250:36.97:12644366:1.22:0,250:36.6:24554579:0.87:5,250:36.55:23893614:0.87:0,250:37.28:34345742:1.43:2,U:134.06:3619873::,277:37.1:13082409:1.43:24,301:37.74:19869602:1.43:0,[301:38.33:24233217:2.45:2
PFE_121319C36.5,U,U,8:36.93:11900287:1.13:0,8:36.97:12644366:0.94:1,9:36.6:24554579:0.68:2,11:36.55:23893614:0.68:0,11:37.28:34345742:1.17:21,22:134.06:3619873:1.17:0,22:37.1:13082409:1.0:1,21:37.74:19869602:1.0:0,[21:38.33:24233217:2.02:13
PFE_121319C37,U,U,104:36.93:11900287:0.65:1,104:36.97:12644366:0.67:2,105:36.6:24554579:0.4:137,203:36.55:23893614:0.44:21,224:37.28:34345742:0.9:104,299:134.06:3619873:0.65:64,289:37.1:13082409:0.77:1,288:37.74:19869602:1.14:100,[288:38.33:24233217:1.36:63
PFE_121319C37.5,U,U,93:36.93:11900287:0.37:600,640:36.97:12644366:0.4:1,641:36.6:24554579:0.25:9,649:36.55:23893614:0.26:1,650:37.28:34345742:0.61:161,693:134.06:3619873:0.5:70,744:37.1:13082409:0.4:75,747:37.74:19869602:0.79:162,[744:38.33:24233217:1.15:189
PFE_121319C38,U,U,44:36.93:11900287:0.21:26,64:36.97:12644366:0.24:89,146:36.6:24554579:0.15:8,145:36.55:23893614:0.11:11,149:37.28:34345742:0.32:46,U:134.06:3619873::,306:37.1:13082409:0.24:60,283:37.74:19869602:0.45:234,[374:38.33:24233217:0.78:297
PFE_121319C38.5,U,U,1041:36.93:11900287:0.11:21,1060:36.97:12644366:0.12:3,1063:36.6:24554579:0.12:0,1063:36.55:23893614:0.12:0,1063:37.28:34345742:0.18:179,1241:134.06:3619873:0.15:68,1265:37.1:13082409:0.15:291,1555:37.74:19869602:0.3:13,[1563:38.33:24233217:0.51:163
PFE_121319C39,U,U,66:36.93:11900287:0.08:1,66:36.97:12644366:0.08:0,66:36.6:24554579:0.05:4,64:36.55:23893614:0.05:0,64:37.28:34345742:0.11:23,U:134.06:3619873::,518:37.1:13082409:0.07:36,553:37.74:19869602:0.15:178,[648:38.33:24233217:0.31:56
PFE_121319C39.5,U,U,121:36.93:11900287:0.05:70,191:36.97:12644366:0.05:10,189:36.6:24554579:0.05:0,189:36.55:23893614:0.05:0,189:37.28:34345742:0.05:0,189:134.06:3619873:0.04:2,187:37.1:13082409:0.08:15,202:37.74:19869602:0.06:2,[204:38.33:24233217:0.14:10
PFE_121319C40,U,U,103:36.93:11900287:0.04:0,103:36.97:12644366:0.04:0,103:36.6:24554579:0.03:1,103:36.55:23893614:0.03:1,104:37.28:34345742:0.03:0,U:134.06:3619873::,106:37.1:13082409:0.05:0,106:37.74:19869602:0.04:1,[107:38.33:24233217:0.06:2
PFE_121319C40.5,U,U,20:36.93:11900287:0.03:0,20:36.97:12644366:0.03:0,20:36.6:24554579:0.03:0,20:36.55:23893614:0.02:20,40:37.28:34345742:0.02:10,50:134.06:3619873:0.02:11,61:37.1:13082409:0.02:0,61:37.74:19869602:0.02:0,[61:38.33:24233217:0.02:0
PFE_121319C41,U,U,7:36.93:11900287:0.02:0,7:36.97:12644366:0.02:0,7:36.6:24554579:0.02:0,7:36.55:23893614:0.02:0,7:37.28:34345742:0.02:0,7:134.06:3619873:0.02:0,7:37.1:13082409:0.01:2,6:37.74:19869602:0.01:0,[6:38.33:24233217:0.01:0
PFE_121319C41.5,U,U,0:36.93:11900287:0.0:0,0:36.97:12644366:0.0:0,0:36.6:24554579:0.0:0,0:36.55:23893614:0.0:0,0:37.28:34345742:0.0:0,0:134.06:3619873:0.0:0,0:37.1:13082409:0.0:0,0:37.74:19869602:0.0:0,[0:38.33:24233217:0.0:0
PFE_122019C27,U,U,0:36.93:11900287:0.0:0,0:36.97:12644366:0.0:0,0:36.6:24554579:0.0:0,0:36.55:23893614:0.0:0,0:37.28:34345742:9.75:13,13:134.06:3619873:9.75:0,13:37.1:13082409:9.75:0,13:37.74:19869602:9.75:0,13:38.33:24233217:9.75:0
PFE_122019C28,U,U,0:36.93:11900287:0.0:0,0:36.97:12644366:0.0:0,0:36.6:24554579:8.7:74,50:36.55:23893614:8.6:108,124:37.28:34345742:8.6:0,124:134.06:3619873:8.6:0,124:37.1:13082409:8.6:0,74:37.74:19869602:8.6:0,74:38.33:24233217:8.6:0
PFE_122719C32,U,U,0:36.93:11900287:0.0:0,0:36.97:12644366:0.0:0,0:36.6:24554579:0.0:0,0:36.55:23893614:0.0:0,0:37.28:34345742:0.0:0,U:134.06:3619873::,0:37.1:13082409:0.0:0,0:37.74:19869602:0.0:0,0:38.33:24233217:0.0:0
PFE_122719C32.5,U,U,0:36.93:11900287:0.0:0,0:36.97:12644366:0.0:0,0:36.6:24554579:0.0:0,0:36.55:23893614:0.0:0,0:37.28:34345742:0.0:0,U:134.06:3619873::,0:37.1:13082409:0.0:0,0:37.74:19869602:0.0:0,0:38.33:24233217:0.0:0
PFE_122719C33,U,U,0:36.93:11900287:0.0:0,0:36.97:12644366:0.0:0,0:36.6:24554579:0.0:0,0:36.55:23893614:0.0:0,0:37.28:34345742:0.0:0,U:134.06:3619873::,0:37.1:13082409:0.0:0,0:37.74:19869602:0.0:0,0:38.33:24233217:0.0:0
PFE_122719C33.5,U,U,0:36.93:11900287:0.0:0,0:36.97:12644366:0.0:0,0:36.6:24554579:3.25:1,1:36.55:23893614:3.25:0,1:37.28:34345742:3.9:1,U:134.06:3619873::,1:37.1:13082409:3.9:0,1:37.74:19869602:3.9:0,[1:38.33:24233217:3.9:0
PFE_122719C34,U,U,0:36.93:11900287:0.0:0,0:36.97:12644366:0.0:0,0:36.6:24554579:0.0:0,0:36.55:23893614:0.0:0,0:37.28:34345742:0.0:0,0:134.06:3619873:3.3:1,1:37.1:13082409:3.3:0,1:37.74:19869602:3.3:0,[1:38.33:24233217:3.3:0
PFE_122719C34.5,U,U,0:36.93:11900287:0.0:0,0:36.97:12644366:0.0:0,0:36.6:24554579:2.25:1,1:36.55:23893614:2.27:2,2:37.28:34345742:2.27:0,2:134.06:3619873:2.27:0,2:37.1:13082409:2.27:0,2:37.74:19869602:2.27:0,[2:38.33:24233217:2.27:0
PFE_122719C35,U,U,0:36.93:11900287:0.0:0,0:36.97:12644366:2.31:5,5:36.6:24554579:2.31:0,5:36.55:23893614:2.31:0,5:37.28:34345742:2.31:0,U:134.06:3619873::,9:37.1:13082409:2.83:1,10:37.74:19869602:2.83:0,[10:38.33:24233217:2.83:0
PFE_122719C35.5,U,U,0:36.93:11900287:0.0:0,0:36.97:12644366:0.0:0,0:36.6:24554579:0.0:0,0:36.55:23893614:0.0:0,0:37.28:34345742:0.0:0,0:134.06:3619873:0.0:0,0:37.1:13082409:0.0:0,0:37.74:19869602:0.0:0,[0:38.33:24233217:0.0:0
PFE_122719C36,U,U,0:36.93:11900287:0.0:0,0:36.97:12644366:1.51:2,2:36.6:24554579:1.23:2,0:36.55:23893614:1.12:37,30:37.28:34345742:1.71:30,60:134.06:3619873:1.71:0,53:37.1:13082409:1.92:0,53:37.74:19869602:1.92:0,[53:38.33:24233217:1.92:0
PFE_122719C36.5,U,U,0:36.93:11900287:1.04:5,5:36.97:12644366:1.23:1,6:36.6:24554579:1.23:0,6:36.55:23893614:0.82:2,8:37.28:34345742:1.38:36,41:134.06:3619873:1.38:1,40:37.1:13082409:1.52:0,40:37.74:19869602:1.66:1,[40:38.33:24233217:1.85:1
PFE_122719C37,U,U,1:36.93:11900287:0.75:7,7:36.97:12644366:0.81:1,7:36.6:24554579:0.56:7,13:36.55:23893614:0.52:6,15:37.28:34345742:0.79:19,28:134.06:3619873:0.81:47,66:37.1:13082409:0.97:2,68:37.74:19869602:1.22:25,[73:38.33:24233217:1.72:20
PFE_122719C37.5,U,U,0:36.93:11900287:0.52:10,10:36.97:12644366:0.57:6,16:36.6:24554579:0.34:6,22:36.55:23893614:0.35:20,39:37.28:34345742:0.76:68,U:134.06:3619873::,443:37.1:13082409:0.57:462,852:37.74:19869602:0.97:17,[852:38.33:24233217:1.26:12
PFE_122719C38,U,U,115:36.93:11900287:0.37:8,115:36.97:12644366:0.33:1,116:36.6:24554579:0.23:216,317:36.55:23893614:0.21:1,317:37.28:34345742:0.51:233,450:134.06:3619873:0.43:68,425:37.1:13082409:0.38:21,436:37.74:19869602:0.67:170,[476:38.33:24233217:1.02:67
PFE_122719C38.5,U,U,5:36.93:11900287:0.2:8,13:36.97:12644366:0.21:17,30:36.6:24554579:0.13:8,22:36.55:23893614:0.13:5,27:37.28:34345742:0.33:153,176:134.06:3619873:0.24:23,237:37.1:13082409:0.26:31,237:37.74:19869602:0.42:19,[246:38.33:24233217:0.71:968
PFE_122719C39,U,U,0:36.93:11900287:0.0:0,0:36.97:12644366:0.0:0,0:36.6:24554579:0.0:0,0:36.55:23893614:0.09:1,1:37.28:34345742:0.2:23,23:134.06:3619873:0.15:53,139:37.1:13082409:0.14:1,139:37.74:19869602:0.24:14,[147:38.33:24233217:0.47:87
PFE_122719C39.5,U,U,0:36.93:11900287:0.0:0,0:36.97:12644366:0.0:0,0:36.6:24554579:0.0:0,0:36.55:23893614:0.04:1,1:37.28:34345742:0.12:11,10:134.06:3619873:0.09:10,118:37.1:13082409:0.09:95,82:37.74:19869602:0.15:63,[86:38.33:24233217:0.25:88
PFE_122719C40,U,U,0:36.93:11900287:0.0:0,0:36.97:12644366:0.0:0,0:36.6:24554579:0.0:0,0:36.55:23893614:0.0:0,0:37.28:34345742:0.0:0,0:134.06:3619873:0.0:0,1:37.1:13082409:0.07:0,1:37.74:19869602:0.09:4,[5:38.33:24233217:0.16:128
PFE_122719C40.5,U,U,0:36.93:11900287:0.0:0,0:36.97:12644366:0.0:0,0:36.6:24554579:0.0:0,0:36.55:23893614:0.0:0,0:37.28:34345742:0.0:0,0:134.06:3619873:0.0:0,160:37.1:13082409:0.05:0,160:37.74:19869602:0.05:1,[161:38.33:24233217:0.08:10
PFE_122719C41,U,U,0:36.93:11900287:0.0:0,0:36.97:12644366:0.0:0,0:36.6:24554579:0.0:0,0:36.55:23893614:0.0:0,0:37.28:34345742:0.0:0,0:134.06:3619873:0.0:0,0:37.1:13082409:0.0:0,0:37.74:19869602:0.0:0,[0:38.33:24233217:0.0:0
PFE_122719C41.5,U,U,0:36.93:11900287:0.0:0,0:36.97:12644366:0.0:0,0:36.6:24554579:0.0:0,0:36.55:23893614:0.0:0,0:37.28:34345742:0.0:0,0:134.06:3619873:0.0:0,0:37.1:13082409:0.0:0,0:37.74:19869602:0.0:0,[0:38.33:24233217:0.0:0
PFE_011720C27,U,U,U,U,U,1:36.55:23893614:10.15:0,1:37.28:34345742:10.15:0,1:134.06:3619873:10.15:0,1:37.1:13082409:10.15:0,1:37.74:19869602:10.15:0,1:38.33:24233217:10.15:0
PFE_011720C28,U,U,U,U,U,37:36.55:23893614:9.26:0,37:37.28:34345742:9.58:12,49:134.06:3619873:9.58:0,49:37.1:13082409:9.58:0,49:37.74:19869602:9.58:0,49:38.33:24233217:9.58:0
PFE_011720C29,U,U,U,U,U,0:36.55:23893614:8.65:0,0:37.28:34345742:8.65:0,U:134.06:3619873:0.0:0:134.06:3619873:.:,0:37.1:13082409:8.65:0,0:37.74:19869602:8.65:0,[0:38.33:24233217:8.65:0
PFE_011720C30,U,U,U,U,U,156:36.55:23893614:6.76:0,156:37.28:34345742:7.28:5,U:134.06:3619873::,156:37.1:13082409:7.35:11,154:37.74:19869602:7.35:0,[154:38.33:24233217:8.32:13
PFE_011720C31,U,U,U,U,U,3:36.55:23893614:6.55:0,3:37.28:34345742:6.55:0,3:134.06:3619873:6.55:0,3:37.1:13082409:6.55:0,3:37.74:19869602:6.55:0,[3:38.33:24233217:6.55:0
PFE_011720C32,U,U,U,U,U,58:36.55:23893614:4.79:14,72:37.28:34345742:4.79:0,72:134.06:3619873:5.25:10,61:37.1:13082409:5.62:0,61:37.74:19869602:5.62:0,[61:38.33:24233217:5.62:0
PFE_011720C33,U,U,U,U,U,221:36.55:23893614:3.81:4,218:37.28:34345742:4.3:11,213:134.06:3619873:4.3:0,207:37.1:13082409:4.85:2,209:37.74:19869602:4.85:0,[209:38.33:24233217:5.4:1
PFE_011720C34,U,U,U,U,U,371:36.55:23893614:3.06:0,371:37.28:34345742:3.06:0,U:134.06:3619873::,373:37.1:13082409:3.5:4,377:37.74:19869602:4.1:11,[375:38.33:24233217:4.6:1
PFE_011720C35,U,U,U,U,U,9296:36.55:23893614:2.12:27,9284:37.28:34345742:2.69:103,9285:134.06:3619873:2.5:15,9287:37.1:13082409:2.57:98,9287:37.74:19869602:3.27:49,[9292:38.33:24233217:3.66:112
PFE_011720C36,U,U,U,U,U,2690:36.55:23893614:1.4:6,2696:37.28:34345742:2.02:60,2671:134.06:3619873:1.8:363,2979:37.1:13082409:1.82:67,2992:37.74:19869602:2.3:172,[3121:38.33:24233217:2.8:106
PFE_011720C37,U,U,U,U,U,12493:36.55:23893614:0.81:2141,11890:37.28:34345742:1.19:531,11798:134.06:3619873:1.16:767,11985:37.1:13082409:1.15:207,12054:37.74:19869602:1.5:526,[12255:38.33:24233217:1.98:600
PFE_011720C38,U,U,U,U,U,13277:36.55:23893614:0.38:1389,13279:37.28:34345742:0.68:2817,13731:134.06:3619873:0.65:444,14278:37.1:13082409:0.63:198,14357:37.74:19869602:0.94:1108,[14721:38.33:24233217:1.29:769
PFE_011720C39,U,U,U,U,U,9965:36.55:23893614:0.2:718,10545:37.28:34345742:0.38:804,10017:134.06:3619873:0.32:991,10528:37.1:13082409:0.3:73,10568:37.74:19869602:0.52:1954,[10839:38.33:24233217:0.76:1114
PFE_011720C40,U,U,U,U,U,26299:36.55:23893614:0.08:1231,26584:37.28:34345742:0.16:615,U:134.06:3619873::,27298:37.1:13082409:0.14:1033,27689:37.74:19869602:0.24:1740,[27474:38.33:24233217:0.38:2162
PFE_011720C41,U,U,U,U,U,3771:36.55:23893614:0.05:296,3686:37.28:34345742:0.07:126,3810:134.06:3619873:0.04:15,3803:37.1:13082409:0.05:7,3803:37.74:19869602:0.1:86,[3796:38.33:24233217:0.17:419
PFE_011720C42,U,U,U,U,U,11890:36.55:23893614:0.02:106,11940:37.28:34345742:0.04:44,11921:134.06:3619873:0.02:48,11926:37.1:13082409:0.03:100,11976:37.74:19869602:0.05:25,[11977:38.33:24233217:0.07:432
PFE_011720C43,U,U,U,U,U,1865:36.55:23893614:0.02:3,1867:37.28:34345742:0.03:1,1868:134.06:3619873:0.03:0,1868:37.1:13082409:0.03:0,1868:37.74:19869602:0.03:0,[1868:38.33:24233217:0.03:0
PFE_011720C44,U,U,U,U,U,2126:36.55:23893614:0.01:0,2126:37.28:34345742:0.01:0,U:134.06:3619873::,2121:37.1:13082409:0.02:0,2121:37.74:19869602:0.02:5,[2121:38.33:24233217:0.02:0
PFE_011720C45,U,U,U,U,U,15695:36.55:23893614:0.01:0,15695:37.28:34345742:0.01:101,U:134.06:3619873::,15699:37.1:13082409:0.01:0,15699:37.74:19869602:0.01:0,[15699:38.33:24233217:0.01:99
PFE_011720C46,U,U,U,U,U,3450:36.55:23893614:0.02:0,3450:37.28:34345742:0.02:0,3450:134.06:3619873:0.02:0,3450:37.1:13082409:0.02:0,3450:37.74:19869602:0.03:2,[3450:38.33:24233217:0.03:0
PFE_011720C47,U,U,U,U,U,U,14393:37.28:34345742:0.01:10,14391:134.06:3619873:0.02:12,14389:37.1:13082409:0.02:10,14389:37.74:19869602:0.02:24,[14388:38.33:24233217:0.01:25
PFE_121319C42,U,U,U,U,U,U,1:37.28:34345742:0.01:0,U:134.06:3619873::,1:37.1:13082409:0.01:0,1:37.74:19869602:0.01:0,[1:38.33:24233217:0.01:0
PFE_122719C42,U,U,U,U,U,U,0:37.28:34345742:0.0:0,U:134.06:3619873::,0:37.1:13082409:0.0:0,0:37.74:19869602:0.0:0,[0:38.33:24233217:0.0:0
PFE_122019C37.5,U,U,U,U,U,U,U,U,1789:37.1:13082409:0.5:925,2262:37.74:19869602:0.84:843,[2737:38.33:24233217:1.22:14
PFE_122019C36.5,U,U,U,U,U,U,U,U,2:37.1:13082409:1.21:2,4:37.74:19869602:1.21:0,[4:38.33:24233217:1.96:12
PFE_122019C34.5,U,U,U,U,U,U,U,U,0:37.1:13082409:0.0:0,0:37.74:19869602:0.0:0,[0:38.33:24233217:0.0:0
PFE_122019C40.5,U,U,U,U,U,U,U,U,0:37.1:13082409:0.0:0,0:37.74:19869602:0.03:6,[6:38.33:24233217:0.06:30
PFE_122019C35.5,U,U,U,U,U,U,U,U,24:37.1:13082409:1.86:10,34:37.74:19869602:2.48:16,[25:38.33:24233217:2.48:0
PFE_122019C41.5,U,U,U,U,U,U,U,U,0:37.1:13082409:0.0:0,0:37.74:19869602:0.02:50,[50:38.33:24233217:0.02:0
PFE_122019C39.5,U,U,U,U,U,U,U,U,92:37.1:13082409:0.1:0,92:37.74:19869602:0.12:13,[104:38.33:24233217:0.23:270
PFE_122019C38.5,U,U,U,U,U,U,U,U,322:37.1:13082409:0.2:116,411:37.74:19869602:0.37:117,[498:38.33:24233217:0.65:458
PFE_122019C32.5,U,U,U,U,U,U,U,U,24:37.1:13082409:5.05:0,24:37.74:19869602:5.05:0,24:38.33:24233217:5.05:0
PFE_122019C33.5,U,U,U,U,U,U,U,U,1:37.1:13082409:3.75:1,1:37.74:19869602:3.75:0,[1:38.33:24233217:3.75:0
PFE_010320C35,U,U,U,U,U,U,U,U,U,0:37.74:19869602:0.0:0,[0:38.33:24233217:0.0:0
PFE_010320C38.5,U,U,U,U,U,U,U,U,U,0:37.74:19869602:0.02:1,[1:38.33:24233217:0.79:504
PFE_010320C36.5,U,U,U,U,U,U,U,U,U,0:37.74:19869602:0.0:0,[0:38.33:24233217:0.0:0
PFE_010320C40,U,U,U,U,U,U,U,U,U,0:37.74:19869602:0.0:0,[0:38.33:24233217:0.0:0
PFE_010320C34,U,U,U,U,U,U,U,U,U,0:37.74:19869602:0.0:0,[0:38.33:24233217:0.0:0
PFE_010320C37.5,U,U,U,U,U,U,U,U,U,0:37.74:19869602:0.0:0,[0:38.33:24233217:1.33:2
PFE_010320C41,U,U,U,U,U,U,U,U,U,0:37.74:19869602:0.0:0,[0:38.33:24233217:0.0:0
PFE_122019C42.5,U,U,U,U,U,U,U,U,U,0:37.74:19869602:0.0:0,[0:38.33:24233217:0.0:0
PFE_121319C42.5,U,U,U,U,U,U,U,U,U,0:37.74:19869602:0.0:0,[0:38.33:24233217:0.0:0
PFE_010320C42.5,U,U,U,U,U,U,U,U,U,0:37.74:19869602:0.0:0,[0:38.33:24233217:0.0:0
PFE_010320C37,U,U,U,U,U,U,U,U,U,0:37.74:19869602:1.6:3,[3:38.33:24233217:1.51:1
PFE_010320C34.5,U,U,U,U,U,U,U,U,U,0:37.74:19869602:0.0:0,[0:38.33:24233217:0.0:0
PFE_122719C42.5,U,U,U,U,U,U,U,U,U,0:37.74:19869602:0.0:0,[0:38.33:24233217:0.02:4
PFE_010320C40.5,U,U,U,U,U,U,U,U,U,0:37.74:19869602:0.0:0,[0:38.33:24233217:0.1:70
PFE_010320C35.5,U,U,U,U,U,U,U,U,U,0:37.74:19869602:0.0:0,[0:38.33:24233217:0.0:0
PFE_010320C38,U,U,U,U,U,U,U,U,U,0:37.74:19869602:1.12:15,[15:38.33:24233217:0.9:14
PFE_010320C33.5,U,U,U,U,U,U,U,U,U,0:37.74:19869602:0.0:0,[0:38.33:24233217:0.0:0
PFE_010320C33,U,U,U,U,U,U,U,U,U,0:37.74:19869602:0.0:0,0:38.33:24233217:0.0:0
PFE_010320C41.5,U,U,U,U,U,U,U,U,U,0:37.74:19869602:0.0:0,[0:38.33:24233217:0.0:0
PFE_010320C42,U,U,U,U,U,U,U,U,U,0:37.74:19869602:0.0:0,[0:38.33:24233217:0.0:0
PFE_010320C36,U,U,U,U,U,U,U,U,U,0:37.74:19869602:0.0:0,[0:38.33:24233217:0.0:0
PFE_010320C39.5,U,U,U,U,U,U,U,U,U,0:37.74:19869602:0.0:0,[0:38.33:24233217:0.3:38
PFE_010320C39,U,U,U,U,U,U,U,U,U,0:37.74:19869602:0.0:0,[0:38.33:24233217:0.51:7
PFE_112219C44.5,U,U,U,U,U,U,U,U,U,U,0:38.33:24233217:0.0:0
PFE_121319C43,U,U,U,U,U,U,U,U,U,U,0:38.33:24233217:0.0:0
PFE_010320C43,U,U,U,U,U,U,U,U,U,U,0:38.33:24233217:0.0:0
PFE_011720C48,U,U,U,U,U,U,U,U,U,U,2317:38.33:24233217:0.02:0
PFE_122719C43,U,U,U,U,U,U,U,U,U,U,0:38.33:24233217:0.03:1
