Symbol,20191029,20191030,20191031,20191101,20191104,20191105,20191106,20191107,20191111,20191112,20191113,20191114,20191115,20191118,20191120,20191121,20191122
QCOM_112219P77,22:81.66,26:81.44,26:80.44,26.0,26:85.09,28:85.46,28:84.63,45:89.98:30244396:0.09:9,116:91.84:11249754:0.12:0,116:90.97:9210124:0.12:0,116:90.47:9410476:0.12:0,116:90.48:8793134:0.12:0,116:90.81:25467179:0.12:0,U:90.48:10367010::,106:85.59:10577307:0.02:10,105:85.11:10178477:0.02:0,105:84.89:6166205:0.02:0
QCOM_112219P77.5,8:81.66,9:81.44,9:80.44,10.0,10:85.09,18:85.46,18:84.63,21:89.98:30244396:0.39:1,20:91.84:11249754:0.39:0,20:90.97:9210124:0.39:0,20:90.47:9410476:0.39:0,20:90.48:8793134:0.39:0,20:90.81:25467179:0.39:0,20:90.48:10367010:0.39:0,20:85.59:10577307:0.39:0,U:85.11:10178477:U:U,20:84.89:6166205:0.39:0
QCOM_112219P78,35:81.66,37:81.44,37:80.44,37.0,50:85.09,50:85.46,60:84.63,69:89.98:30244396:0.1:13,63:91.84:11249754:0.12:1,62:90.97:9210124:0.12:0,62:90.47:9410476:0.12:0,62:90.48:8793134:0.12:0,62:90.81:25467179:0.12:0,62:90.48:10367010:0.05:1,61:85.59:10577307:0.02:10,U:85.11:10178477:U:U,53:84.89:6166205:0.02:0
QCOM_112219P78.5,6:81.66,6:81.44,6:80.44,36.0,36:85.09,36:85.46,36:84.63,44:89.98:30244396:0.11:1,43:91.84:11249754:0.11:0,43:90.97:9210124:0.11:0,43:90.47:9410476:0.11:0,43:90.48:8793134:0.07:8,43:90.81:25467179:0.07:0,43:90.48:10367010:0.07:0,43:85.59:10577307:0.07:0,U:85.11:10178477:U:U,43:84.89:6166205:0.07:0
QCOM_112219P79,38:81.66,39:81.44,39:80.44,43.0,44:85.09,45:85.46,52:84.63,60:89.98:30244396:0.14:22,50:91.84:11249754:0.14:0,50:90.97:9210124:0.14:0,50:90.47:9410476:0.05:25,67:90.48:8793134:0.05:0,67:90.81:25467179:0.05:0,67:90.48:10367010:0.24:10,77:85.59:10577307:0.24:0,U:85.11:10178477:U:U,77:84.89:6166205:0.24:0
QCOM_112219P79.5,10:81.66,20:81.44,20:80.44,20.0,22:85.09,22:85.46,22:84.63,23:89.98:30244396:0.15:15,17:91.84:11249754:0.19:0,17:90.97:9210124:0.08:2,17:90.47:9410476:0.08:0,17:90.48:8793134:0.08:0,17:90.81:25467179:0.08:0,U:90.48:10367010:.:,37:85.59:10577307:0.05:0,37:85.11:10178477:0.03:4,41:84.89:6166205:0.03:0
QCOM_112219P80,20:81.66,20:81.44,20:80.44,125.0,160:85.09,200:85.46,208:84.63,282:89.98:30244396:0.17:36,286:91.84:11249754:0.08:25,265:90.97:9210124:0.09:53,277:90.47:9410476:0.14:2,275:90.48:8793134:0.08:1,275:90.81:25467179:0.08:0,275:90.48:10367010:0.02:31,417:85.59:10577307:0.01:3,414:85.11:10178477:0.03:27,[440:84.89:6166205:0.02:1
QCOM_112219P80.5,25:81.66,25:81.44,25:80.44,25.0,25:85.09,25:85.46,37:84.63,30:89.98:30244396:1.26:0,30:91.84:11249754:1.26:0,30:90.97:9210124:1.26:0,30:90.47:9410476:1.26:0,30:90.48:8793134:1.26:0,30:90.81:25467179:0.05:46,51:90.48:10367010:0.06:1,67:85.59:10577307:0.01:1,67:85.11:10178477:0.01:0,[67:84.89:6166205:0.01:0
QCOM_112219P81,29:81.66,29:81.44,29:80.44,29.0,49:85.09,56:85.46,58:84.63,59:89.98:30244396:0.21:71,225:91.84:11249754:0.19:0,225:90.97:9210124:0.19:0,225:90.47:9410476:0.12:10,215:90.48:8793134:0.16:50,265:90.81:25467179:0.05:4,U:90.48:10367010::,287:85.59:10577307:0.02:1,286:85.11:10178477:0.02:36,[274:84.89:6166205:0.02:0
QCOM_112219P81.5,0:81.66,3:81.44,3:80.44,3.0,3:85.09,6:85.46,8:84.63,9:89.98:30244396:0.22:5,15:91.84:11249754:0.12:1,14:90.97:9210124:0.12:0,14:90.47:9410476:0.12:0,14:90.48:8793134:0.1:22,33:90.81:25467179:0.1:0,U:90.48:10367010::,U:85.59:10577307:U:U,112:85.11:10178477:0.04:71,[142:84.89:6166205:0.04:0
QCOM_112219P82,4:81.66,4:81.44,4:80.44,4.0,5:85.09,6:85.46,8:84.63,9:89.98:30244396:0.25:8,10:91.84:11249754:0.13:3,11:90.97:9210124:0.13:0,11:90.47:9410476:0.13:0,11:90.48:8793134:0.12:67,78:90.81:25467179:0.11:5,U:90.48:10367010::,108:85.59:10577307:0.1:26,134:85.11:10178477:0.05:3,[137:84.89:6166205:0.01:1
QCOM_112219P82.5,3:81.66,5:81.44,5:80.44,5.0,5:85.09,16:85.46,16:84.63,16:89.98:30244396:0.34:2,17:91.84:11249754:0.18:3,14:90.97:9210124:0.18:0,14:90.47:9410476:0.17:1,14:90.48:8793134:0.21:1,15:90.81:25467179:0.09:12,U:90.48:10367010::,45:85.59:10577307:0.11:31,62:85.11:10178477:0.08:4,[62:84.89:6166205:0.08:0
QCOM_112219P83,45:81.66,45:81.44,45:80.44,45.0,64:85.09,66:85.46,68:84.63,88:89.98:30244396:0.4:31,110:91.84:11249754:0.33:0,110:90.97:9210124:0.15:30,94:90.47:9410476:0.23:9,103:90.48:8793134:0.23:0,103:90.81:25467179:0.09:60,150:90.48:10367010:0.04:62,794:85.59:10577307:0.18:1044,1607:85.11:10178477:0.12:121,[1578:84.89:6166205:0.03:181
QCOM_112219P83.5,1:81.66,1:81.44,1:80.44,2.0,2:85.09,6:85.46,7:84.63,16:89.98:30244396:0.33:13,18:91.84:11249754:0.36:10,23:90.97:9210124:0.22:1,23:90.47:9410476:0.22:0,23:90.48:8793134:0.28:1,24:90.81:25467179:0.28:0,24:90.48:10367010:0.09:1,254:85.59:10577307:0.24:461,328:85.11:10178477:0.2:40,[331:84.89:6166205:0.01:239
QCOM_112219P84,0:81.66,2:81.44,2:80.44,2.0,11:85.09,26:85.46,27:84.63,30:89.98:30244396:0.47:24,42:91.84:11249754:0.19:9,47:90.97:9210124:0.23:5,46:90.47:9410476:0.23:16,44:90.48:8793134:0.24:3,46:90.81:25467179:0.12:6,46:90.48:10367010:0.16:16,80:85.59:10577307:0.44:271,289:85.11:10178477:0.22:484,[571:84.89:6166205:0.02:208
QCOM_112219P84.5,0:81.66,0:81.44,0:80.44,0.0,0:85.09,0:85.46,4:84.63,18:89.98:30244396:0.47:5,29:91.84:11249754:0.23:32,49:90.97:9210124:0.26:2,50:90.47:9410476:0.28:4,52:90.48:8793134:0.28:0,52:90.81:25467179:0.15:50,102:90.48:10367010:0.07:62,320:85.59:10577307:0.61:446,421:85.11:10178477:0.36:595,[699:84.89:6166205:0.02:572
QCOM_112219P85,1:81.66,1:81.44,1:80.44,1.0,1:85.09,12:85.46,33:84.63,39:89.98:30244396:0.59:53,93:91.84:11249754:0.31:51,103:90.97:9210124:0.33:13,105:90.47:9410476:0.33:28,106:90.48:8793134:0.3:17,107:90.81:25467179:0.19:103,192:90.48:10367010:0.11:159,613:85.59:10577307:0.72:1076,1133:85.11:10178477:0.55:371,[1210:84.89:6166205:0.13:637
QCOM_112219P85.5,0:81.66,0:81.44,0:80.44,0.0,12:85.09,15:85.46,17:84.63,18:89.98:30244396:0.66:76,52:91.84:11249754:0.36:19,63:90.97:9210124:0.26:1,63:90.47:9410476:0.38:8,62:90.48:8793134:0.43:14,69:90.81:25467179:0.23:35,88:90.48:10367010:0.15:32,445:85.59:10577307:0.94:1598,841:85.11:10178477:0.93:465,[760:84.89:6166205:0.67:501
QCOM_112219P86,0:81.66,9:81.44,9:80.44,9.0,9:85.09,15:85.46,15:84.63,16:89.98:30244396:0.84:58,69:91.84:11249754:0.31:16,66:90.97:9210124:0.45:32,87:90.47:9410476:0.45:42,93:90.48:8793134:0.44:149,214:90.81:25467179:0.26:160,364:90.48:10367010:0.17:154,886:85.59:10577307:1.19:1339,1129:85.11:10178477:1.19:633,[1115:84.89:6166205:1.22:655
QCOM_112219P86.5,10:81.66,12:81.44,12:80.44,12.0,18:85.09,24:85.46,24:84.63,24:89.98:30244396:3.75:0,39:91.84:11249754:0.48:18,50:90.97:9210124:0.43:9,47:90.47:9410476:0.6:14,58:90.48:8793134:0.47:10,62:90.81:25467179:0.3:114,140:90.48:10367010:0.25:74,374:85.59:10577307:1.64:647,374:85.11:10178477:1.74:68,[332:84.89:6166205:1.72:453
QCOM_112919P77,10:81.66,11:81.44,11:80.44,11.0,11:85.09,10:85.46,10:84.63,18:89.98:30244396:0.14:15,19:91.84:11249754:0.14:0,19:90.97:9210124:0.14:0,19:90.47:9410476:0.14:0,19:90.48:8793134:0.14:0,19:90.81:25467179:0.14:0,U:90.48:10367010::,19:85.59:10577307:0.14:0,19:85.11:10178477:0.09:50,69:84.89:6166205:0.09:0
QCOM_112919P77.5,1:81.66,1:81.44,1:80.44,1.0,1:85.09,1:85.46,1:84.63,1:89.98:30244396:2.71:0,U:91.84:11249754::,1:90.97:9210124:2.71:0,1:90.47:9410476:0.11:1,1:90.48:8793134:0.11:0,1:90.81:25467179:0.11:0,U:90.48:10367010::,1:85.59:10577307:0.04:50,U:85.11:10178477:U:U,51:84.89:6166205:0.03:50
QCOM_112919P78,5:81.66,5:81.44,5:80.44,8.0,17:85.09,36:85.46,36:84.63,47:89.98:30244396:0.22:22,48:91.84:11249754:0.19:1,48:90.97:9210124:0.19:0,48:90.47:9410476:0.1:3,45:90.48:8793134:0.15:5,50:90.81:25467179:0.15:0,U:90.48:10367010::,76:85.59:10577307:0.12:2094,2066:85.11:10178477:0.09:161,2206:84.89:6166205:0.05:30
QCOM_112919P78.5,5:81.66,5:81.44,5:80.44,5.0,5:85.09,5:85.46,5:84.63,7:89.98:30244396:0.21:1,8:91.84:11249754:0.21:0,8:90.97:9210124:0.21:0,8:90.47:9410476:0.21:0,8:90.48:8793134:0.16:1,7:90.81:25467179:0.16:0,U:90.48:10367010::,26:85.59:10577307:0.11:556,466:85.11:10178477:0.11:4,466:84.89:6166205:0.11:0
QCOM_112919P79,15:81.66,15:81.44,15:80.44,15.0,15:85.09,15:85.46,20:84.63,19:89.98:30244396:1.34:0,19:91.84:11249754:1.34:0,19:90.97:9210124:1.34:0,19:90.47:9410476:1.34:0,19:90.48:8793134:1.34:0,19:90.81:25467179:1.34:0,19:90.48:10367010:1.34:0,20:85.59:10577307:0.15:19,27:85.11:10178477:0.13:10,29:84.89:6166205:0.06:21
QCOM_112919P79.5,0:81.66,0:81.44,0:80.44,0.0,10:85.09,10:85.46,10:84.63,12:89.98:30244396:0.37:1,12:91.84:11249754:0.37:0,12:90.97:9210124:0.37:0,12:90.47:9410476:0.37:0,12:90.48:8793134:0.37:0,12:90.81:25467179:0.37:0,12:90.48:10367010:0.19:1,12:85.59:10577307:0.19:1,13:85.11:10178477:0.15:31,28:84.89:6166205:0.08:30
QCOM_112919P80,38:81.66,41:81.44,41:80.44,41.0,42:85.09,52:85.46,58:84.63,67:89.98:30244396:0.26:19,64:91.84:11249754:0.16:0,64:90.97:9210124:0.15:1,64:90.47:9410476:0.17:2,65:90.48:8793134:0.19:2,65:90.81:25467179:0.05:3,U:90.48:10367010::,332:85.59:10577307:0.17:23,348:85.11:10178477:0.19:80,[400:84.89:6166205:0.1:156
QCOM_112919P80.5,0:81.66,0:81.44,0:80.44,0.0,1:85.09,1:85.46,1:84.63,107:89.98:30244396:0.33:106,64:91.84:11249754:0.33:0,64:90.97:9210124:0.33:0,64:90.47:9410476:0.33:0,64:90.48:8793134:0.33:0,64:90.81:25467179:0.33:0,U:90.48:10367010::,64:85.59:10577307:0.25:1,65:85.11:10178477:0.24:61,[103:84.89:6166205:0.16:30
QCOM_112919P81,3:81.66,43:81.44,43:80.44,43.0,14:85.09,13:85.46,13:84.63,13:89.98:30244396:0.28:5,18:91.84:11249754:0.21:9,22:90.97:9210124:0.21:0,22:90.47:9410476:0.21:0,22:90.48:8793134:0.21:0,22:90.81:25467179:0.15:3,21:90.48:10367010:0.1:2,U:85.59:10577307:U:U,33:85.11:10178477:0.27:105,[110:84.89:6166205:0.14:134
QCOM_112919P81.5,0:81.66,10:81.44,10:80.44,10.0,10:85.09,10:85.46,15:84.63,16:89.98:30244396:1.93:0,16:91.84:11249754:1.93:0,16:90.97:9210124:1.93:0,16:90.47:9410476:1.93:0,16:90.48:8793134:1.93:0,16:90.81:25467179:1.93:0,16:90.48:10367010:0.15:6,U:85.59:10577307:U:U,26:85.11:10178477:0.33:80,[104:84.89:6166205:0.29:13
QCOM_112919P82,1:81.66,1:81.44,1:80.44,1.0,388:85.09,389:85.46,391:84.63,392:89.98:30244396:0.49:9,407:91.84:11249754:0.37:1,408:90.97:9210124:0.25:5,413:90.47:9410476:0.31:7,413:90.48:8793134:0.28:19,427:90.81:25467179:0.21:11,421:90.48:10367010:0.21:0,U:85.59:10577307:U:U,429:85.11:10178477:0.38:181,[475:84.89:6166205:0.25:62
QCOM_112919P82.5,6:81.66,6:81.44,6:80.44,6.0,7:85.09,10:85.46,12:84.63,18:89.98:30244396:0.52:25,34:91.84:11249754:0.27:1,34:90.97:9210124:0.27:0,34:90.47:9410476:0.28:7,34:90.48:8793134:0.43:4,36:90.81:25467179:0.2:3,39:90.48:10367010:0.27:1,56:85.59:10577307:0.59:38,74:85.11:10178477:0.51:121,[150:84.89:6166205:0.33:101
QCOM_112919P83,2:81.66,10:81.44,10:80.44,10.0,16:85.09,8:85.46,8:84.63,8:89.98:30244396:0.57:4,13:91.84:11249754:0.26:6,18:90.97:9210124:0.27:24,42:90.47:9410476:0.37:15,51:90.48:8793134:0.37:0,51:90.81:25467179:0.23:8,58:90.48:10367010:0.2:4,85:85.59:10577307:0.55:83,143:85.11:10178477:0.58:61,[166:84.89:6166205:0.41:66
QCOM_112919P83.5,0:81.66,0:81.44,0:80.44,0.0,0:85.09,2:85.46,4:84.63,13:89.98:30244396:0.65:5,13:91.84:11249754:0.65:0,13:90.97:9210124:0.65:0,13:90.47:9410476:0.65:0,13:90.48:8793134:0.65:0,13:90.81:25467179:0.24:2,15:90.48:10367010:0.24:0,23:85.59:10577307:0.69:2,23:85.11:10178477:0.79:120,[123:84.89:6166205:0.53:100
QCOM_112919P84,0:81.66,0:81.44,0:80.44,0.0,0:85.09,0:85.46,4:84.63,15:89.98:30244396:0.74:5,33:91.84:11249754:0.4:0,33:90.97:9210124:0.35:1,34:90.47:9410476:0.48:22,56:90.48:8793134:0.48:15,70:90.81:25467179:0.31:13,U:90.48:10367010::,U:85.59:10577307:U:U,140:85.11:10178477:0.94:361,[376:84.89:6166205:0.69:180
QCOM_112919P84.5,0:81.66,0:81.44,0:80.44,0.0,0:85.09,0:85.46,10:84.63,12:89.98:30244396:0.65:1,13:91.84:11249754:0.65:0,13:90.97:9210124:0.65:0,13:90.47:9410476:0.45:1,14:90.48:8793134:0.66:4,18:90.81:25467179:0.34:5,U:90.48:10367010::,73:85.59:10577307:1.01:333,122:85.11:10178477:1.16:145,[181:84.89:6166205:0.84:175
QCOM_112919P85,0:81.66,0:81.44,0:80.44,0.0,0:85.09,9:85.46,13:84.63,21:89.98:30244396:0.87:93,96:91.84:11249754:0.44:16,105:90.97:9210124:0.5:13,116:90.47:9410476:0.63:24,115:90.48:8793134:0.6:18,122:90.81:25467179:0.4:34,143:90.48:10367010:0.32:103,326:85.59:10577307:1.34:687,560:85.11:10178477:1.29:225,[648:84.89:6166205:1.1:600
QCOM_112919P85.5,0:81.66,0:81.44,0:80.44,0.0,0:85.09,14:85.46,14:84.63,21:89.98:30244396:0.81:6,30:91.84:11249754:0.54:21,45:90.97:9210124:0.5:6,49:90.47:9410476:0.67:9,58:90.48:8793134:0.77:10,55:90.81:25467179:0.4:17,57:90.48:10367010:0.4:0,472:85.59:10577307:1.52:101,510:85.11:10178477:1.53:163,[564:84.89:6166205:1.32:280
QCOM_112919P86,2:81.66,2:81.44,2:80.44,2.0,2:85.09,2:85.46,2:84.63,7:89.98:30244396:0.83:12,37:91.84:11249754:0.59:8,45:90.97:9210124:0.6:59,100:90.47:9410476:0.75:106,176:90.48:8793134:0.77:12,168:90.81:25467179:0.51:111,131:90.48:10367010:0.47:7,234:85.59:10577307:1.63:198,239:85.11:10178477:1.81:97,[239:84.89:6166205:1.45:302
QCOM_112919P86.5,3:81.66,3:81.44,3:80.44,3.0,3:85.09,3:85.46,3:84.63,3:89.98:30244396:1.09:2,16:91.84:11249754:0.66:3,18:90.97:9210124:0.71:4,19:90.47:9410476:0.85:24,43:90.48:8793134:0.93:107,104:90.81:25467179:0.55:1,105:90.48:10367010:0.43:1,U:85.59:10577307:U:U,376:85.11:10178477:2.16:142,[326:84.89:6166205:1.96:43
QCOM_120619P72,0:81.66,0:81.44,0:80.44,0.0,0:85.09,0:85.46,0:84.63,0:89.98:30244396:0.0:0,0:91.84:11249754:0.0:0,0:90.97:9210124:0.0:0,0:90.47:9410476:0.0:0,0:90.48:8793134:0.0:0,0:90.81:25467179:0.0:0,0:90.48:10367010:0.0:0,0:85.59:10577307:0.0:0,0:85.11:10178477:0.0:0,0:84.89:6166205:0.0:0
QCOM_120619P73,2:81.66,2:81.44,2:80.44,3.0,3:85.09,3:85.46,3:84.63,3:89.98:30244396:0.19:1,3:91.84:11249754:0.19:0,3:90.97:9210124:0.19:0,3:90.47:9410476:0.19:0,3:90.48:8793134:0.19:0,3:90.81:25467179:0.19:0,U:90.48:10367010::,U:85.59:10577307:U:U,6:85.11:10178477:0.05:0,6:84.89:6166205:0.04:2
QCOM_120619P74,3:81.66,3:81.44,3:80.44,4.0,4:85.09,4:85.46,5:84.63,7:89.98:30244396:0.32:3,6:91.84:11249754:0.15:0,6:90.97:9210124:0.15:0,6:90.47:9410476:0.15:0,6:90.48:8793134:0.15:0,6:90.81:25467179:0.15:0,U:90.48:10367010::,6:85.59:10577307:0.15:0,6:85.11:10178477:0.14:5,7:84.89:6166205:0.14:0
QCOM_120619P75,3:81.66,3:81.44,3:80.44,3.0,5:85.09,25:85.46,25:84.63,36:89.98:30244396:0.29:5,36:91.84:11249754:0.14:25,36:90.97:9210124:0.14:0,36:90.47:9410476:0.14:0,36:90.48:8793134:0.15:2,38:90.81:25467179:0.1:4,U:90.48:10367010::,40:85.59:10577307:0.1:0,40:85.11:10178477:0.18:74,[91:84.89:6166205:0.18:0
QCOM_120619P76,16:81.66,16:81.44,16:80.44,16.0,16:85.09,16:85.46,18:84.63,18:89.98:30244396:0.89:0,18:91.84:11249754:0.26:1,18:90.97:9210124:0.26:0,18:90.47:9410476:0.26:0,18:90.48:8793134:0.26:0,18:90.81:25467179:0.26:0,18:90.48:10367010:0.26:0,U:85.59:10577307:U:U,21:85.11:10178477:0.19:3,[21:84.89:6166205:0.17:50
QCOM_120619P77,0:81.66,7:81.44,9:80.44,9.0,9:85.09,9:85.46,9:84.63,11:89.98:30244396:0.21:6,11:91.84:11249754:0.27:1,10:90.97:9210124:0.27:0,10:90.47:9410476:0.27:0,10:90.48:8793134:0.27:0,10:90.81:25467179:0.27:0,U:90.48:10367010::,10:85.59:10577307:0.26:11,21:85.11:10178477:0.25:2,[22:84.89:6166205:0.21:2
QCOM_120619P78,53:81.66,53:81.44,53:80.44,53.0,55:85.09,56:85.46,56:84.63,56:89.98:30244396:0.32:2,54:91.84:11249754:0.32:0,54:90.97:9210124:0.18:1,54:90.47:9410476:0.18:0,54:90.48:8793134:0.18:0,54:90.81:25467179:0.18:0,U:90.48:10367010::,54:85.59:10577307:0.18:0,54:85.11:10178477:0.31:2,[56:84.89:6166205:0.31:0
QCOM_120619P79,10:81.66,10:81.44,10:80.44,10.0,21:85.09,20:85.46,20:84.63,47:89.98:30244396:0.36:12,46:91.84:11249754:0.24:1,46:90.97:9210124:0.23:1,46:90.47:9410476:0.23:0,46:90.48:8793134:0.23:0,46:90.81:25467179:0.19:36,49:90.48:10367010:0.19:0,49:85.59:10577307:0.36:5,51:85.11:10178477:0.44:4,[47:84.89:6166205:0.37:4
QCOM_120619P80,0:81.66,0:81.44,0:80.44,9.0,12:85.09,13:85.46,12:84.63,24:89.98:30244396:0.4:7,23:91.84:11249754:0.34:10,21:90.97:9210124:0.3:15,21:90.47:9410476:0.3:0,21:90.48:8793134:0.3:0,21:90.81:25467179:0.24:23,32:90.48:10367010:0.24:0,37:85.59:10577307:0.46:36,56:85.11:10178477:0.55:26,[75:84.89:6166205:0.5:26
QCOM_120619P81,1:81.66,19:81.44,25:80.44,30.0,30:85.09,30:85.46,40:84.63,40:89.98:30244396:0.5:1,40:91.84:11249754:0.33:1,41:90.97:9210124:0.37:7,44:90.47:9410476:0.33:3,44:90.48:8793134:0.33:0,44:90.81:25467179:0.22:3,44:90.48:10367010:0.22:0,U:85.59:10577307:U:U,62:85.11:10178477:0.77:22,[62:84.89:6166205:0.58:54
QCOM_120619P82,0:81.66,1:81.44,3:80.44,3.0,3:85.09,2:85.46,2:84.63,5:89.98:30244396:0.54:3,5:91.84:11249754:0.39:2,5:90.97:9210124:0.45:2,7:90.47:9410476:0.45:0,7:90.48:8793134:0.56:1,8:90.81:25467179:0.38:1,8:90.48:10367010:0.38:0,29:85.59:10577307:0.95:53,54:85.11:10178477:1.0:20,[51:84.89:6166205:0.78:116
QCOM_120619P83,0:81.66,6:81.44,6:80.44,6.0,16:85.09,16:85.46,16:84.63,19:89.98:30244396:0.54:12,23:91.84:11249754:0.48:4,25:90.97:9210124:0.55:5,25:90.47:9410476:0.56:5,25:90.48:8793134:0.56:0,25:90.81:25467179:0.41:11,30:90.48:10367010:0.57:6,449:85.59:10577307:1.24:170,556:85.11:10178477:1.4:14,[562:84.89:6166205:1.12:131
QCOM_120619P84,0:81.66,0:81.44,0:80.44,0.0,0:85.09,2:85.46,2:84.63,7:89.98:30244396:1.07:8,10:91.84:11249754:0.58:7,16:90.97:9210124:0.7:24,36:90.47:9410476:0.72:44,80:90.48:8793134:0.82:1,81:90.81:25467179:0.43:4,85:90.48:10367010:0.58:11,130:85.59:10577307:1.57:36,138:85.11:10178477:1.68:32,[138:84.89:6166205:1.59:398
QCOM_120619P85,0:81.66,2:81.44,2:80.44,2.0,2:85.09,4:85.46,5:84.63,11:89.98:30244396:1.42:31,44:91.84:11249754:0.78:47,86:90.97:9210124:0.85:5,86:90.47:9410476:0.82:1,86:90.48:8793134:0.98:3,88:90.81:25467179:0.73:13,100:90.48:10367010:0.7:3,276:85.59:10577307:1.98:34,291:85.11:10178477:2.17:32,[297:84.89:6166205:2.08:74
QCOM_122019P55,105:81.66,105:81.44,105:80.44,106.0,106:85.09,105:85.46,107:84.63,105:89.98:30244396:0.01:20,109:91.84:11249754:0.07:2,110:90.97:9210124:0.02:1,110:90.47:9410476:0.01:5,114:90.48:8793134:0.02:3,114:90.81:25467179:0.23:3,114:90.48:10367010:0.23:0,114:85.59:10577307:0.01:0,114:85.11:10178477:0.01:0,114:84.89:6166205:0.01:0
QCOM_122019P60,151:81.66,151:81.44,151:80.44,151.0,161:85.09,147:85.46,147:84.63,165:89.98:30244396:0.02:32,154:91.84:11249754:0.02:0,154:90.97:9210124:0.02:0,154:90.47:9410476:0.02:0,154:90.48:8793134:0.02:0,154:90.81:25467179:0.02:0,154:90.48:10367010:0.02:0,154:85.59:10577307:0.02:1,154:85.11:10178477:0.02:2,154:84.89:6166205:0.02:0
QCOM_122019P62.5,215:81.66,214:81.44,214:80.44,226.0,226:85.09,265:85.46,265:84.63,265:89.98:30244396:0.08:39,261:91.84:11249754:0.05:13,249:90.97:9210124:0.05:0,249:90.47:9410476:0.05:0,249:90.48:8793134:0.05:0,249:90.81:25467179:0.05:0,U:90.48:10367010::,245:85.59:10577307:0.03:10,243:85.11:10178477:0.03:0,243:84.89:6166205:0.03:0
QCOM_122019P65,462:81.66,459:81.44,463:80.44,463.0,458:85.09,456:85.46,463:84.63,512:89.98:30244396:0.06:48,496:91.84:11249754:0.09:3,496:90.97:9210124:0.06:33,508:90.47:9410476:0.07:13,511:90.48:8793134:0.07:3,512:90.81:25467179:0.05:50,518:90.48:10367010:0.05:0,516:85.59:10577307:0.05:3,U:85.11:10178477:U:U,519:84.89:6166205:0.05:0
QCOM_122019P67.5,486:81.66,503:81.44,505:80.44,511.0,518:85.09,507:85.46,496:84.63,501:89.98:30244396:0.1:46,477:91.84:11249754:0.11:10,474:90.97:9210124:0.11:0,474:90.47:9410476:0.11:0,474:90.48:8793134:0.09:1,473:90.81:25467179:0.09:10,478:90.48:10367010:0.09:0,478:85.59:10577307:0.09:3,481:85.11:10178477:0.09:6,480:84.89:6166205:0.05:6
QCOM_122019P70,784:81.66,787:81.44,807:80.44,909.0,934:85.09,923:85.46,927:84.63,948:89.98:30244396:0.18:272,888:91.84:11249754:0.13:60,872:90.97:9210124:0.1:11,870:90.47:9410476:0.1:0,870:90.48:8793134:0.13:5,868:90.81:25467179:0.1:14,U:90.48:10367010::,1040:85.59:10577307:0.12:123,1118:85.11:10178477:0.15:5,[1115:84.89:6166205:0.13:36
QCOM_122019P72.5,968:81.66,1002:81.44,1020:80.44,1046.0,1088:85.09,1091:85.46,1083:84.63,1124:89.98:30244396:0.27:70,1102:91.84:11249754:0.19:68,1038:90.97:9210124:0.19:22,1029:90.47:9410476:0.19:4,1025:90.48:8793134:0.22:6,1023:90.81:25467179:0.13:37,1020:90.48:10367010:0.12:11,1009:85.59:10577307:0.25:4,1007:85.11:10178477:0.24:8,[1001:84.89:6166205:0.22:4
QCOM_122019P75,2847:81.66,3005:81.44,2981:80.44,3219.0,3230:85.09,3225:85.46,3237:84.63,3342:89.98:30244396:0.36:325,3295:91.84:11249754:0.25:52,3315:90.97:9210124:0.25:16,3315:90.47:9410476:0.26:24,3326:90.48:8793134:0.26:12,3336:90.81:25467179:0.19:118,3413:90.48:10367010:0.19:73,3467:85.59:10577307:0.43:132,3522:85.11:10178477:0.42:146,[3594:84.89:6166205:0.34:29
QCOM_122019P77.5,3654:81.66,3821:81.44,3831:80.44,3851.0,3553:85.09,3627:85.46,3615:84.63,3685:89.98:30244396:0.56:320,3651:91.84:11249754:0.37:101,3627:90.97:9210124:0.37:36,3626:90.47:9410476:0.43:22,3638:90.48:8793134:0.39:17,3641:90.81:25467179:0.29:26,3643:90.48:10367010:0.27:23,3633:85.59:10577307:0.66:42,3631:85.11:10178477:0.66:120,[3653:84.89:6166205:0.59:38
QCOM_122019P80,938:81.66,1060:81.44,1159:80.44,1166.0,2174:85.09,1691:85.46,1731:84.63,1777:89.98:30244396:0.83:830,1747:91.84:11249754:0.54:32,1750:90.97:9210124:0.51:82,1783:90.47:9410476:0.66:45,1783:90.48:8793134:0.57:54,1800:90.81:25467179:0.47:112,U:90.48:10367010::,1968:85.59:10577307:1.15:803,2273:85.11:10178477:1.17:436,[2506:84.89:6166205:1.02:328
QCOM_122019P82.5,337:81.66,428:81.44,564:80.44,633.0,755:85.09,1687:85.46,1710:84.63,1723:89.98:30244396:1.19:1425,1396:91.84:11249754:0.8:71,1413:90.97:9210124:0.83:78,1406:90.47:9410476:0.92:42,1397:90.48:8793134:0.89:1062,2444:90.81:25467179:0.75:76,2455:90.48:10367010:0.78:617,2976:85.59:10577307:1.83:171,3044:85.11:10178477:1.95:94,[3063:84.89:6166205:1.83:53
QCOM_122019P85,23:81.66,23:81.44,23:80.44,28.0,62:85.09,2690:85.46,2747:84.63,3146:89.98:30244396:1.74:2006,4450:91.84:11249754:1.2:209,4521:90.97:9210124:1.26:192,4500:90.47:9410476:1.47:152,4543:90.48:8793134:1.41:72,4574:90.81:25467179:1.22:2177,3577:90.48:10367010:1.3:689,5303:85.59:10577307:2.94:1834,6599:85.11:10178477:2.94:705,[6765:84.89:6166205:2.69:159
QCOM_122019P87.5,122:81.66,126:81.44,126:80.44,126.0,132:85.09,165:85.46,169:84.63,173:89.98:30244396:2.45:1347,1386:91.84:11249754:1.72:57,1398:90.97:9210124:2.07:72,1402:90.47:9410476:2.21:568,1462:90.48:8793134:2.1:1366,2622:90.81:25467179:1.86:1093,3095:90.48:10367010:1.88:649,3092:85.59:10577307:4.12:41,3080:85.11:10178477:4.6:166,[3184:84.89:6166205:4.4:43
QCOM_122019P90,50:81.66,50:81.44,50:80.44,50.0,50:85.09,43:85.46,45:84.63,44:89.98:30244396:3.47:492,944:91.84:11249754:2.72:293,1033:90.97:9210124:3.09:575,1264:90.47:9410476:3.27:88,1294:90.48:8793134:3.15:132,1402:90.81:25467179:2.97:1339,2436:90.48:10367010:2.97:99,2663:85.59:10577307:6.0:466,2576:85.11:10178477:6.35:60,[2562:84.89:6166205:6.2:82
QCOM_122019P95,9:81.66,9:81.44,9:80.44,9.0,9:85.09,20:85.46,20:84.63,31:89.98:30244396:6.75:80,176:91.84:11249754:5.15:111,164:90.97:9210124:6.42:98,169:90.47:9410476:5.76:24,184:90.48:8793134:6.64:1,184:90.81:25467179:5.9:38,219:90.48:10367010:5.95:41,206:85.59:10577307:9.05:1,205:85.11:10178477:10.45:11,194:84.89:6166205:10.9:1
QCOM_122019P100,5:81.66,4:81.44,4:80.44,4.0,4:85.09,4:85.46,5:84.63,4:89.98:30244396:11.0:61,312:91.84:11249754:9.38:120,338:90.97:9210124:10.44:2,339:90.47:9410476:10.65:10,330:90.48:8793134:10.65:0,330:90.81:25467179:9.01:2,331:90.48:10367010:9.9:3,328:85.59:10577307:13.5:2,328:85.11:10178477:14.75:2,326:84.89:6166205:14.75:0
QCOM_122019P105,0:81.66,0:81.44,0:80.44,0.0,0:85.09,0:85.46,0:84.63,0:89.98:30244396:16.0:77,59:91.84:11249754:12.0:0,59:90.97:9210124:12.0:0,59:90.47:9410476:12.0:0,59:90.48:8793134:12.0:0,59:90.81:25467179:13.77:20,79:90.48:10367010:13.77:0,U:85.59:10577307:U:U,79:85.11:10178477:13.77:0,79:84.89:6166205:13.77:0
QCOM_112219P76.5,0,2:81.44,2:80.44,4.0,4:85.09,12:85.46,12:84.63,21:89.98:30244396:0.02:4,22:91.84:11249754:0.02:0,22:90.97:9210124:0.02:0,22:90.47:9410476:0.02:0,22:90.48:8793134:0.04:8,22:90.81:25467179:0.04:0,22:90.48:10367010:0.04:0,22:85.59:10577307:0.04:0,U:85.11:10178477:.:U,22:84.89:6166205:0.04:0
QCOM_112919P76.5,0,0:81.44,0:80.44,0.0,0:85.09,0:85.46,0:84.63,0:89.98:30244396:0.0:0,0:91.84:11249754:0.0:0,0:90.97:9210124:0.0:0,0:90.47:9410476:0.0:0,0:90.48:8793134:0.0:0,0:90.81:25467179:0.0:0,0:90.48:10367010:0.0:0,0:85.59:10577307:0.0:0,0:85.11:10178477:0.0:0,0:84.89:6166205:0.0:0
QCOM_112919P76,0,0,14:80.44,14.0,13:85.09,14:85.46,14:84.63,14:89.98:30244396:0.8:0,13:91.84:11249754:0.1:1,14:90.97:9210124:0.1:0,14:90.47:9410476:0.1:0,14:90.48:8793134:0.1:0,14:90.81:25467179:0.1:0,U:90.48:10367010::,14:85.59:10577307:0.1:0,14:85.11:10178477:0.1:0,14:84.89:6166205:0.1:0
QCOM_121319P84,0,0,0:80.44,0.0,0:85.09,0:85.46,0:84.63,10:89.98:30244396:1.2:37,35:91.84:11249754:1.03:9,35:90.97:9210124:0.91:21,56:90.47:9410476:1.02:39,54:90.48:8793134:1.02:0,54:90.81:25467179:0.81:5,59:90.48:10367010:0.95:1,62:85.59:10577307:2.01:80,121:85.11:10178477:2.23:30,[128:84.89:6166205:1.96:62
QCOM_121319P78,0,0,0:80.44,0.0,0:85.09,0:85.46,0:84.63,0:89.98:30244396:0.0:0,0:91.84:11249754:0.0:0,0:90.97:9210124:0.0:0,0:90.47:9410476:0.0:0,0:90.48:8793134:0.0:0,0:90.81:25467179:0.0:0,U:90.48:10367010::,0:85.59:10577307:0.37:75,75:85.11:10178477:0.37:0,[75:84.89:6166205:0.5:6
QCOM_121319P81,0,0,0:80.44,0.0,0:85.09,0:85.46,1:84.63,1:89.98:30244396:0.54:102,101:91.84:11249754:0.54:0,101:90.97:9210124:0.54:0,101:90.47:9410476:0.54:0,101:90.48:8793134:0.54:0,101:90.81:25467179:0.44:122,105:90.48:10367010:0.48:9,U:85.59:10577307:U:U,108:85.11:10178477:1.08:10,[108:84.89:6166205:1.08:0
QCOM_112219P75.5,0,0,0:80.44,0.0,0:85.09,0:85.46,1:84.63,1:89.98:30244396:0.5:0,1:91.84:11249754:0.5:0,1:90.97:9210124:0.5:0,1:90.47:9410476:0.5:0,1:90.48:8793134:0.04:9,10:90.81:25467179:0.04:0,U:90.48:10367010::,10:85.59:10577307:0.04:0,10:85.11:10178477:0.04:0,10:84.89:6166205:0.04:0
QCOM_121319P76,0,0,0:80.44,0.0,0:85.09,0:85.46,0:84.63,80:89.98:30244396:0.6:2,80:91.84:11249754:0.6:0,80:90.97:9210124:0.6:0,80:90.47:9410476:0.6:0,80:90.48:8793134:0.6:0,80:90.81:25467179:0.6:0,U:90.48:10367010::,74:85.59:10577307:0.28:70,29:85.11:10178477:0.32:4,[31:84.89:6166205:0.32:0
QCOM_120619P88,0,0,0:80.44,0.0,0:85.09,0:85.46,0:84.63,0:89.98:30244396:1.81:2,46:91.84:11249754:1.45:14,58:90.97:9210124:1.51:1,58:90.47:9410476:1.74:1,58:90.48:8793134:1.74:0,58:90.81:25467179:1.51:9,61:90.48:10367010:1.21:18,61:85.59:10577307:3.54:71,117:85.11:10178477:4.15:91,[157:84.89:6166205:4.15:118
QCOM_112219P76,0,0,64:80.44,64.0,64:85.09,73:85.46,113:84.63,120:89.98:30244396:0.11:10,103:91.84:11249754:0.11:0,103:90.97:9210124:0.11:0,103:90.47:9410476:0.11:0,103:90.48:8793134:0.11:0,103:90.81:25467179:0.11:0,103:90.48:10367010:0.11:0,103:85.59:10577307:0.01:10,103:85.11:10178477:0.01:0,103:84.89:6166205:0.01:0
QCOM_120619P71,0,0,11:80.44,12.0,12:85.09,12:85.46,11:84.63,10:89.98:30244396:0.15:2,10:91.84:11249754:0.15:0,10:90.97:9210124:0.15:0,10:90.47:9410476:0.05:5,10:90.48:8793134:0.05:0,10:90.81:25467179:0.05:0,10:90.48:10367010:0.05:0,10:85.59:10577307:0.05:0,10:85.11:10178477:0.05:0,10:84.89:6166205:0.05:0
QCOM_121319P74,0,0,0:80.44,0.0,0:85.09,0:85.46,0:84.63,0:89.98:30244396:0.0:0,0:91.84:11249754:0.0:0,0:90.97:9210124:0.0:0,0:90.47:9410476:0.0:0,0:90.48:8793134:0.0:0,0:90.81:25467179:0.0:0,0:90.48:10367010:0.0:0,10:85.59:10577307:0.2:0,10:85.11:10178477:0.2:0,10:84.89:6166205:0.2:0
QCOM_120619P86,0,0,0:80.44,0.0,0:85.09,0:85.46,0:84.63,1:89.98:30244396:1.56:16,56:91.84:11249754:0.97:13,59:90.97:9210124:1.01:17,74:90.47:9410476:1.07:3,77:90.48:8793134:1.17:4,79:90.81:25467179:0.74:3,76:90.48:10367010:1.0:27,145:85.59:10577307:2.55:98,131:85.11:10178477:2.56:19,[136:84.89:6166205:2.69:41
QCOM_121319P85,0,0,0:80.44,0.0,0:85.09,0:85.46,1:84.63,4:89.98:30244396:1.45:17,38:91.84:11249754:1.11:7,38:90.97:9210124:1.01:4,40:90.47:9410476:1.22:6,44:90.48:8793134:1.2:2,44:90.81:25467179:1.01:33,76:90.48:10367010:0.87:72,156:85.59:10577307:2.1:46,127:85.11:10178477:2.73:61,[154:84.89:6166205:2.5:54
QCOM_121319P83,0,0,0:80.44,0.0,1:85.09,6:85.46,6:84.63,6:89.98:30244396:1.0:1,8:91.84:11249754:0.7:1,8:90.97:9210124:0.77:1,9:90.47:9410476:0.85:1,9:90.48:8793134:0.9:2,9:90.81:25467179:0.64:9,12:90.48:10367010:0.64:0,16:85.59:10577307:1.5:19,29:85.11:10178477:1.75:6,[31:84.89:6166205:1.65:5
QCOM_121319P87,0,0,0:80.44,0.0,0:85.09,0:85.46,0:84.63,0:89.98:30244396:2.05:2,2:91.84:11249754:1.48:11,13:90.97:9210124:1.63:9,9:90.47:9410476:1.57:3,9:90.48:8793134:2.04:1,9:90.81:25467179:2.04:0,9:90.48:10367010:1.29:2,32:85.59:10577307:2.67:4,34:85.11:10178477:2.67:0,[34:84.89:6166205:3.5:3
QCOM_121319P79,0,0,0:80.44,0.0,10:85.09,10:85.46,10:84.63,10:89.98:30244396:1.57:0,10:91.84:11249754:1.57:0,10:90.97:9210124:1.57:0,10:90.47:9410476:1.57:0,10:90.48:8793134:1.57:0,10:90.81:25467179:1.57:0,10:90.48:10367010:0.4:2,15:85.59:10577307:0.51:0,15:85.11:10178477:0.51:0,[15:84.89:6166205:0.51:0
QCOM_121319P77,0,0,0:80.44,0.0,0:85.09,1:85.46,1:84.63,1:89.98:30244396:1.37:0,1:91.84:11249754:1.37:0,1:90.97:9210124:1.37:0,1:90.47:9410476:1.37:0,1:90.48:8793134:0.28:8,9:90.81:25467179:0.28:0,U:90.48:10367010::,9:85.59:10577307:0.38:96,84:85.11:10178477:0.45:2,[84:84.89:6166205:0.35:1
QCOM_120619P87,0,0,0:80.44,0.0,0:85.09,0:85.46,0:84.63,0:89.98:30244396:1.46:13,14:91.84:11249754:1.17:14,28:90.97:9210124:1.38:13,38:90.47:9410476:1.32:10,38:90.48:8793134:1.52:2,38:90.81:25467179:1.52:0,38:90.48:10367010:1.19:8,104:85.59:10577307:2.78:50,119:85.11:10178477:2.95:30,[131:84.89:6166205:3.38:205
QCOM_121319P88,0,0,0:80.44,0.0,0:85.09,0:85.46,0:84.63,0:89.98:30244396:2.58:13,13:91.84:11249754:1.98:12,1:90.97:9210124:1.97:3,3:90.47:9410476:1.75:1,2:90.48:8793134:2.18:1,2:90.81:25467179:1.85:2,4:90.48:10367010:1.55:8,15:85.59:10577307:3.48:5,18:85.11:10178477:4.4:6,[24:84.89:6166205:4.55:10
QCOM_121319P82,0,0,0:80.44,0.0,0:85.09,0:85.46,0:84.63,0:89.98:30244396:0.87:3,8:91.84:11249754:0.67:0,8:90.97:9210124:0.66:16,19:90.47:9410476:0.64:1,19:90.48:8793134:0.64:0,19:90.81:25467179:0.55:2,20:90.48:10367010:0.6:3,U:85.59:10577307:U:U,53:85.11:10178477:1.45:108,[157:84.89:6166205:1.16:1
QCOM_121319P80,0,0,0:80.44,0.0,2:85.09,2:85.46,7:84.63,8:89.98:30244396:0.43:2,11:91.84:11249754:0.43:10,19:90.97:9210124:0.45:6,21:90.47:9410476:0.45:0,21:90.48:8793134:0.43:3,23:90.81:25467179:0.38:10,33:90.48:10367010:0.45:8,35:85.59:10577307:0.89:11,39:85.11:10178477:0.87:19,[46:84.89:6166205:0.79:4
QCOM_112919P75.5,0,0,11:80.44,11.0,11:85.09,11:85.46,11:84.63,11:89.98:30244396:0.7:0,11:91.84:11249754:0.7:0,11:90.97:9210124:0.7:0,11:90.47:9410476:0.7:0,11:90.48:8793134:0.7:0,11:90.81:25467179:0.7:0,11:90.48:10367010:0.7:0,11:85.59:10577307:0.7:0,11:85.11:10178477:0.7:0,11:84.89:6166205:0.03:4
QCOM_121319P75,0,0,0:80.44,1.0,2:85.09,2:85.46,2:84.63,9:89.98:30244396:0.38:1,8:91.84:11249754:0.25:1,8:90.97:9210124:0.25:0,8:90.47:9410476:0.25:0,8:90.48:8793134:0.25:0,8:90.81:25467179:0.25:0,U:90.48:10367010::,4:85.59:10577307:0.17:1,U:85.11:10178477:U:U,[3:84.89:6166205:0.17:0
QCOM_121319P86,0,0,0:80.44,0.0,0:85.09,0:85.46,0:84.63,2:89.98:30244396:1.86:8,29:91.84:11249754:1.24:1,29:90.97:9210124:1.24:0,29:90.47:9410476:1.22:1,28:90.48:8793134:1.41:10,36:90.81:25467179:1.25:21,56:90.48:10367010:1.22:6,67:85.59:10577307:2.56:76,77:85.11:10178477:2.85:51,[106:84.89:6166205:2.93:9
QCOM_112219P87,U,U,U,0.0,0:85.09,0:85.46,0:84.63,0:89.98:30244396:1.04:96,91:91.84:11249754:0.47:44,117:90.97:9210124:0.61:34,141:90.47:9410476:0.6:9,149:90.48:8793134:0.55:281,356:90.81:25467179:0.38:98,365:90.48:10367010:0.31:279,849:85.59:10577307:1.92:423,896:85.11:10178477:2.03:49,[858:84.89:6166205:2.19:303
QCOM_112219P87.5,U,U,U,9.0,18:85.09,23:85.46,23:84.63,23:89.98:30244396:1.14:36,98:91.84:11249754:0.68:16,89:90.97:9210124:0.49:56,123:90.47:9410476:0.74:47,135:90.48:8793134:0.79:71,147:90.81:25467179:0.47:91,169:90.48:10367010:0.32:176,618:85.59:10577307:2.37:473,760:85.11:10178477:2.52:61,[745:84.89:6166205:2.54:213
QCOM_112219P88,U,U,U,0.0,7:85.09,22:85.46,22:84.63,22:89.98:30244396:1.33:72,248:91.84:11249754:0.59:127,269:90.97:9210124:0.7:16,278:90.47:9410476:0.84:32,287:90.48:8793134:0.75:220,441:90.81:25467179:0.58:443,733:90.48:10367010:0.53:252,1747:85.59:10577307:2.65:401,1745:85.11:10178477:3.0:415,[1550:84.89:6166205:3.13:172
QCOM_112219P88.5,U,U,U,0.0,7:85.09,7:85.46,7:84.63,7:89.98:30244396:1.37:18,169:91.84:11249754:0.68:121,229:90.97:9210124:1.02:19,233:90.47:9410476:0.87:34,245:90.48:8793134:0.89:342,481:90.81:25467179:0.72:298,647:90.48:10367010:0.59:307,991:85.59:10577307:2.88:336,883:85.11:10178477:3.5:11,[875:84.89:6166205:3.65:136
QCOM_112919P87,U,U,U,0.0,0:85.09,0:85.46,0:84.63,0:89.98:30244396:1.38:87,108:91.84:11249754:0.65:3,107:90.97:9210124:0.85:1,107:90.47:9410476:0.97:54,155:90.48:8793134:1.05:45,164:90.81:25467179:0.67:118,272:90.48:10367010:0.72:91,476:85.59:10577307:2.42:291,498:85.11:10178477:2.4:100,[516:84.89:6166205:2.5:275
QCOM_112919P87.5,U,U,U,0.0,0:85.09,5:85.46,5:84.63,5:89.98:30244396:1.1:3,28:91.84:11249754:0.8:12,37:90.97:9210124:0.8:0,37:90.47:9410476:1.11:17,49:90.48:8793134:1.09:35,58:90.81:25467179:0.79:51,96:90.48:10367010:0.77:22,149:85.59:10577307:2.82:207,256:85.11:10178477:2.98:105,[272:84.89:6166205:2.85:137
QCOM_112919P88,U,U,U,0.0,0:85.09,0:85.46,0:84.63,0:89.98:30244396:1.63:34,41:91.84:11249754:1.21:18,55:90.97:9210124:0.95:1,56:90.47:9410476:1.25:3763,3541:90.48:8793134:1.16:202,3602:90.81:25467179:0.88:199,3485:90.48:10367010:0.95:307,U:85.59:10577307:U:U,1873:85.11:10178477:3.33:272,[1920:84.89:6166205:3.26:190
QCOM_112919P88.5,U,U,U,0.0,0:85.09,0:85.46,0:84.63,0:89.98:30244396:1.8:12,118:91.84:11249754:0.95:10,118:90.97:9210124:1.01:2,120:90.47:9410476:1.39:9,126:90.48:8793134:1.39:0,126:90.81:25467179:1.02:2,126:90.48:10367010:1.11:11,147:85.59:10577307:3.25:28,162:85.11:10178477:3.71:15,[166:84.89:6166205:3.29:14
QCOM_112219P89,U,U,U,U,6:85.09,6:85.46,6:84.63,6:89.98:30244396:1.75:107,85:91.84:11249754:0.77:89,122:90.97:9210124:1.18:25,138:90.47:9410476:1.07:64,158:90.48:8793134:1.1:127,256:90.81:25467179:0.83:156,362:90.48:10367010:0.81:313,698:85.59:10577307:3.05:56,703:85.11:10178477:4.08:19,[692:84.89:6166205:4.12:164
QCOM_112219P89.5,U,U,U,U,0:85.09,6:85.46,6:84.63,6:89.98:30244396:1.8:7,54:91.84:11249754:0.95:72,85:90.97:9210124:1.4:85,148:90.47:9410476:1.25:191,216:90.48:8793134:1.26:148,271:90.81:25467179:1.01:68,304:90.48:10367010:1.0:400,417:85.59:10577307:3.5:174,524:85.11:10178477:4.22:15,[461:84.89:6166205:4.7:62
QCOM_112219P90,U,U,U,U,2:85.09,20:85.46,20:84.63,20:89.98:30244396:2.15:87,120:91.84:11249754:1.06:282,266:90.97:9210124:1.42:180,308:90.47:9410476:1.58:169,329:90.48:8793134:1.46:586,782:90.81:25467179:1.18:5186,4327:90.48:10367010:1.21:405,U:85.59:10577307:U:U,3542:85.11:10178477:5.0:109,3490:84.89:6166205:5.14:318
QCOM_112919P89,U,U,U,U,2:85.09,2:85.46,2:84.63,2:89.98:30244396:2.0:104,121:91.84:11249754:1.56:6,121:90.97:9210124:1.28:5,126:90.47:9410476:1.49:96,167:90.48:8793134:1.74:8,170:90.81:25467179:1.22:22,188:90.48:10367010:1.22:82,189:85.59:10577307:3.54:46,194:85.11:10178477:4.06:23,[209:84.89:6166205:3.88:91
QCOM_112919P89.5,U,U,U,U,4:85.09,4:85.46,4:84.63,4:89.98:30244396:8.0:0,155:91.84:11249754:1.51:1,155:90.97:9210124:1.6:8,160:90.47:9410476:1.62:32,180:90.48:8793134:1.7:13,180:90.81:25467179:1.25:12,185:90.48:10367010:1.47:27,240:85.59:10577307:4.08:89,285:85.11:10178477:4.7:11,[285:84.89:6166205:4.7:0
QCOM_112919P90,U,U,U,U,0:85.09,2:85.46,2:84.63,2:89.98:30244396:1.93:22,44:91.84:11249754:1.47:67,63:90.97:9210124:1.7:89,105:90.47:9410476:1.73:3756,3603:90.48:8793134:1.87:242,3705:90.81:25467179:1.55:267,3635:90.48:10367010:1.68:263,U:85.59:10577307:U:U,1773:85.11:10178477:4.98:118,1729:84.89:6166205:5.17:74
QCOM_120619P90,U,U,U,U,0:85.09,0:85.46,0:84.63,1:89.98:30244396:2.55:9,43:91.84:11249754:2.23:8,47:90.97:9210124:2.49:10,50:90.47:9410476:2.6:23,48:90.48:8793134:2.67:17,59:90.81:25467179:2.11:24,72:90.48:10367010:2.27:12,76:85.59:10577307:4.9:15,87:85.11:10178477:6.0:48,[89:84.89:6166205:5.95:15
QCOM_120619P95,U,U,U,U,0:85.09,326:85.46,326:84.63,326:89.98:30244396:5.1:53,376:91.84:11249754:4.8:0,376:90.97:9210124:4.8:0,376:90.47:9410476:5.5:10,376:90.48:8793134:6.35:18,376:90.81:25467179:6.35:0,376:90.48:10367010:5.5:34,U:85.59:10577307:.:U,408:85.11:10178477:9.9:1,408:84.89:6166205:9.9:0
QCOM_121319P90,U,U,U,U,0:85.09,0:85.46,0:84.63,0:89.98:30244396:3.05:15,22:91.84:11249754:2.23:27,43:90.97:9210124:2.72:22,63:90.47:9410476:2.73:29,88:90.48:8793134:3.06:11,90:90.81:25467179:2.21:1,90:90.48:10367010:2.8:17,99:85.59:10577307:5.2:13,96:85.11:10178477:5.67:3,[96:84.89:6166205:6.05:25
QCOM_121319P95,U,U,U,U,0:85.09,0:85.46,0:84.63,0:89.98:30244396:5.7:23,10:91.84:11249754:5.7:0,10:90.97:9210124:5.7:0,10:90.47:9410476:5.7:0,10:90.48:8793134:5.7:0,10:90.81:25467179:5.7:0,10:90.48:10367010:5.7:0,10:85.59:10577307:8.4:1,10:85.11:10178477:10.35:2,10:84.89:6166205:10.35:0
QCOM_120619P100,U,U,U,U,U,0:85.46,0:84.63,0:89.98:30244396:0.0:0,0:91.84:11249754:0.0:0,0:90.97:9210124:0.0:0,0:90.47:9410476:0.0:0,0:90.48:8793134:0.0:0,0:90.81:25467179:0.0:0,0:90.48:10367010:0.0:0,0:85.59:10577307:0.0:0,0:85.11:10178477:0.0:0,0:84.89:6166205:0.0:0
QCOM_121319P100,U,U,U,U,U,0:85.46,0:84.63,0:89.98:30244396:9.1:10,0:91.84:11249754:9.2:5,5:90.97:9210124:9.2:0,5:90.47:9410476:9.2:0,5:90.48:8793134:9.2:0,5:90.81:25467179:9.2:0,5:90.48:10367010:9.2:0,5:85.59:10577307:9.2:0,5:85.11:10178477:9.2:0,5:84.89:6166205:9.2:0
QCOM_122019P92.5,U,U,U,U,U,0:85.46,0:84.63,0:89.98:30244396:5.1:175,324:91.84:11249754:3.95:223,437:90.97:9210124:3.93:70,476:90.47:9410476:4.65:38,471:90.48:8793134:4.5:47,501:90.81:25467179:4.4:160,575:90.48:10367010:4.05:50,555:85.59:10577307:8.03:31,553:85.11:10178477:8.39:12,[561:84.89:6166205:8.47:21
QCOM_112219P90.5,U,U,U,U,U,U,U,8:89.98:30244396:2.43:11,134:91.84:11249754:1.35:49,132:90.97:9210124:1.69:35,146:90.47:9410476:1.81:730,667:90.48:8793134:1.74:42,694:90.81:25467179:1.41:708,1024:90.48:10367010:1.45:265,U:85.59:10577307:U:U,U:85.11:10178477:U:U,895:84.89:6166205:5.2:170
QCOM_112219P91,U,U,U,U,U,U,U,18:89.98:30244396:2.92:107,267:91.84:11249754:1.69:64,256:90.97:9210124:2.05:66,283:90.47:9410476:2.04:44,297:90.48:8793134:1.97:14,305:90.81:25467179:1.65:417,546:90.48:10367010:1.76:213,U:85.59:10577307:U:U,U:85.11:10178477:U:U,398:84.89:6166205:6.08:133
QCOM_112219P91.5,U,U,U,U,U,U,U,0:89.98:30244396:2.9:81,376:91.84:11249754:1.87:53,385:90.97:9210124:2.13:41,402:90.47:9410476:2.2:25,414:90.48:8793134:2.35:12,423:90.81:25467179:1.91:130,478:90.48:10367010:1.87:120,532:85.59:10577307:5.18:28,420:85.11:10178477:5.18:0,228:84.89:6166205:6.17:19
QCOM_112219P92,U,U,U,U,U,U,U,5:89.98:30244396:3.58:60,197:91.84:11249754:1.77:349,322:90.97:9210124:2.48:229,468:90.47:9410476:2.86:21,465:90.48:8793134:2.58:33,494:90.81:25467179:2.13:295,638:90.48:10367010:2.32:281,804:85.59:10577307:5.75:11,U:85.11:10178477:U:U,758:84.89:6166205:7.15:179
QCOM_112219P92.5,U,U,U,U,U,U,U,0:89.98:30244396:3.71:14,125:91.84:11249754:2.55:169,251:90.97:9210124:2.2:3,251:90.47:9410476:2.99:17,255:90.48:8793134:2.96:28,274:90.81:25467179:2.55:260,378:90.48:10367010:2.67:280,364:85.59:10577307:6.98:4,50:85.11:10178477:6.7:2,21:84.89:6166205:7.6:12
QCOM_112219P93,U,U,U,U,U,U,U,0:89.98:30244396:3.98:16,169:91.84:11249754:2.79:145,117:90.97:9210124:2.97:8,118:90.47:9410476:3.4:43,115:90.48:8793134:3.2:13,125:90.81:25467179:2.95:312,265:90.48:10367010:2.26:93,343:85.59:10577307:6.75:6,U:85.11:10178477:U:U,36:84.89:6166205:8.0:7
QCOM_112219P93.5,U,U,U,U,U,U,U,11:89.98:30244396:3.3:3,23:91.84:11249754:2.77:6,25:90.97:9210124:2.77:0,25:90.47:9410476:3.95:4,22:90.48:8793134:3.95:0,22:90.81:25467179:3.2:129,99:90.48:10367010:2.88:47,121:85.59:10577307:5.2:0,55:85.11:10178477:8.05:1,52:84.89:6166205:8.05:0
QCOM_112219P94,U,U,U,U,U,U,U,0:89.98:30244396:4.25:2,58:91.84:11249754:3.24:53,50:90.97:9210124:3.55:14,39:90.47:9410476:3.8:7,39:90.48:8793134:4.6:41,63:90.81:25467179:3.6:165,188:90.48:10367010:4.9:59,175:85.59:10577307:8.2:121,21:85.11:10178477:8.2:0,5:84.89:6166205:8.2:0
QCOM_112219P94.5,U,U,U,U,U,U,U,0:89.98:30244396:4.85:15,36:91.84:11249754:3.65:1,37:90.97:9210124:3.65:0,37:90.47:9410476:3.65:0,37:90.48:8793134:4.65:20,57:90.81:25467179:4.03:25,61:90.48:10367010:5.1:38,56:85.59:10577307:5.1:0,1:85.11:10178477:5.1:0,1:84.89:6166205:5.1:0
QCOM_112919P90.5,U,U,U,U,U,U,U,46:89.98:30244396:6.65:0,83:91.84:11249754:1.71:8,89:90.97:9210124:2.06:2,90:90.47:9410476:2.1:29,104:90.48:8793134:2.09:16,105:90.81:25467179:1.77:99,169:90.48:10367010:1.9:21,194:85.59:10577307:4.35:22,209:85.11:10178477:5.2:26,233:84.89:6166205:5.94:4
QCOM_112919P91,U,U,U,U,U,U,U,17:89.98:30244396:2.88:35,98:91.84:11249754:1.7:246,170:90.97:9210124:2.04:84,136:90.47:9410476:2.34:61,113:90.48:8793134:2.57:9,112:90.81:25467179:2.06:35,117:90.48:10367010:2.02:68,113:85.59:10577307:5.3:18,U:85.11:10178477:U:U,107:84.89:6166205:6.12:12
QCOM_112919P91.5,U,U,U,U,U,U,U,8:89.98:30244396:3.5:11,34:91.84:11249754:2.14:75,75:90.97:9210124:2.4:4,77:90.47:9410476:2.17:58,54:90.48:8793134:3.15:1,54:90.81:25467179:2.23:2,54:90.48:10367010:2.08:15,272:85.59:10577307:5.33:539,493:85.11:10178477:5.33:0,493:84.89:6166205:5.33:0
QCOM_112919P92,U,U,U,U,U,U,U,2:89.98:30244396:3.45:102,75:91.84:11249754:2.28:14,77:90.97:9210124:2.53:1,76:90.47:9410476:2.53:0,76:90.48:8793134:2.85:6,76:90.81:25467179:2.56:256,149:90.48:10367010:2.1:79,139:85.59:10577307:6.25:476,U:85.11:10178477:U:U,593:84.89:6166205:7.15:26
QCOM_112919P92.5,U,U,U,U,U,U,U,0:89.98:30244396:0.0:0,1:91.84:11249754:2.59:21,19:90.97:9210124:3.3:5,21:90.47:9410476:3.4:1,21:90.48:8793134:3.7:18,25:90.81:25467179:2.92:34,48:90.48:10367010:3.11:8,83:85.59:10577307:5.8:18,76:85.11:10178477:7.15:20,88:84.89:6166205:7.52:3
QCOM_112919P93,U,U,U,U,U,U,U,0:89.98:30244396:0.0:0,2:91.84:11249754:2.62:6,6:90.97:9210124:3.23:16,22:90.47:9410476:3.5:3,22:90.48:8793134:4.0:6,25:90.81:25467179:3.14:163,86:90.48:10367010:3.05:10,U:85.59:10577307:U:U,91:85.11:10178477:7.5:1,90:84.89:6166205:7.5:0
QCOM_112919P93.5,U,U,U,U,U,U,U,1:89.98:30244396:3.2:1,4:91.84:11249754:3.6:10,14:90.97:9210124:3.35:1,15:90.47:9410476:3.71:2,16:90.48:8793134:3.71:0,16:90.81:25467179:3.71:0,16:90.48:10367010:2.97:7,13:85.59:10577307:3.25:0,13:85.11:10178477:3.25:0,13:84.89:6166205:3.25:0
QCOM_112919P94,U,U,U,U,U,U,U,0:89.98:30244396:4.78:12,28:91.84:11249754:3.65:4,27:90.97:9210124:3.65:0,27:90.47:9410476:3.65:0,27:90.48:8793134:3.65:0,27:90.81:25467179:3.9:15,40:90.48:10367010:3.3:85,54:85.59:10577307:6.86:0,54:85.11:10178477:6.86:0,54:84.89:6166205:8.75:12
QCOM_112919P94.5,U,U,U,U,U,U,U,0:89.98:30244396:4.6:2,22:91.84:11249754:3.6:41,56:90.97:9210124:4.1:2,58:90.47:9410476:4.1:0,58:90.48:8793134:4.1:0,58:90.81:25467179:3.0:1,58:90.48:10367010:4.7:10,66:85.59:10577307:6.7:0,66:85.11:10178477:6.7:0,66:84.89:6166205:6.7:0
QCOM_120619P89,U,U,U,U,U,U,U,0:89.98:30244396:2.6:33,50:91.84:11249754:1.44:0,50:90.97:9210124:1.99:3,51:90.47:9410476:2.16:1,51:90.48:8793134:2.44:2,52:90.81:25467179:1.57:5,52:90.48:10367010:1.78:23,77:85.59:10577307:4.25:20,76:85.11:10178477:5.18:469,[534:84.89:6166205:4.77:10
QCOM_120619P91,U,U,U,U,U,U,U,0:89.98:30244396:3.7:13,35:91.84:11249754:2.38:4,36:90.97:9210124:2.38:2,36:90.47:9410476:2.38:0,36:90.48:8793134:3.65:2,35:90.81:25467179:2.04:9,40:90.48:10367010:2.83:44,53:85.59:10577307:6.2:18,61:85.11:10178477:6.2:0,[61:84.89:6166205:6.05:7
QCOM_120619P92,U,U,U,U,U,U,U,0:89.98:30244396:4.14:6,5:91.84:11249754:2.96:4,9:90.97:9210124:3.4:3,9:90.47:9410476:3.55:9,7:90.48:8793134:3.55:0,7:90.81:25467179:2.85:21,23:90.48:10367010:3.39:20,32:85.59:10577307:6.68:2,31:85.11:10178477:6.68:0,[31:84.89:6166205:6.68:0
QCOM_121319P89,U,U,U,U,U,U,U,0:89.98:30244396:2.85:8,9:91.84:11249754:2.17:28,25:90.97:9210124:2.17:0,25:90.47:9410476:2.17:0,25:90.48:8793134:2.17:0,25:90.81:25467179:2.15:6,27:90.48:10367010:2.15:0,34:85.59:10577307:3.1:0,34:85.11:10178477:3.1:0,[34:84.89:6166205:5.26:12
QCOM_121319P91,U,U,U,U,U,U,U,0:89.98:30244396:3.77:31,61:91.84:11249754:2.54:0,61:90.97:9210124:3.19:54,59:90.47:9410476:3.19:0,59:90.48:8793134:3.19:0,59:90.81:25467179:3.08:42,52:90.48:10367010:2.73:8,56:85.59:10577307:5.26:0,56:85.11:10178477:5.26:0,[56:84.89:6166205:6.9:1
QCOM_121319P92,U,U,U,U,U,U,U,0:89.98:30244396:0.0:0,0:91.84:11249754:0.0:0,0:90.97:9210124:3.87:1,1:90.47:9410476:3.87:0,1:90.48:8793134:3.87:0,1:90.81:25467179:3.11:1,2:90.48:10367010:4.15:2,3:85.59:10577307:5.15:0,3:85.11:10178477:5.15:0,[3:84.89:6166205:5.15:0
QCOM_122719P80,U,U,U,U,U,U,U,0:89.98:30244396:0.0:0,U:91.84:11249754:.0:,1:90.97:9210124:0.75:0,1:90.47:9410476:0.75:0,1:90.48:8793134:0.6:2,2:90.81:25467179:0.6:4,5:90.48:10367010:0.56:100,80:85.59:10577307:1.1:19,87:85.11:10178477:1.36:4,[87:84.89:6166205:1.12:3
QCOM_122719P81,U,U,U,U,U,U,U,0:89.98:30244396:0.0:0,0:91.84:11249754:0.0:0,0:90.97:9210124:0.0:0,0:90.47:9410476:0.0:0,0:90.48:8793134:0.89:2,2:90.81:25467179:0.89:0,2:90.48:10367010:0.89:0,2:85.59:10577307:1.11:16,18:85.11:10178477:1.64:7,[23:84.89:6166205:1.64:0
QCOM_122719P82,U,U,U,U,U,U,U,0:89.98:30244396:0.0:0,1:91.84:11249754:1.15:0,1:90.97:9210124:0.89:2,2:90.47:9410476:0.85:1,3:90.48:8793134:0.93:1,2:90.81:25467179:0.93:0,2:90.48:10367010:0.93:0,3:85.59:10577307:1.3:2,5:85.11:10178477:1.98:18,[18:84.89:6166205:1.63:22
QCOM_122719P83,U,U,U,U,U,U,U,0:89.98:30244396:0.0:0,15:91.84:11249754:0.95:9,24:90.97:9210124:0.95:0,24:90.47:9410476:1.15:5,29:90.48:8793134:1.15:0,29:90.81:25467179:0.97:6,35:90.48:10367010:0.97:7,42:85.59:10577307:1.96:55,90:85.11:10178477:2.33:16,[104:84.89:6166205:2.18:149
QCOM_122719P84,U,U,U,U,U,U,U,0:89.98:30244396:0.0:0,1:91.84:11249754:1.16:5,5:90.97:9210124:1.2:16,19:90.47:9410476:1.24:6,24:90.48:8793134:1.27:2,26:90.81:25467179:1.02:3,27:90.48:10367010:1.51:8,39:85.59:10577307:2.53:60,98:85.11:10178477:2.78:11,[108:84.89:6166205:2.63:98
QCOM_122719P85,U,U,U,U,U,U,U,0:89.98:30244396:1.73:11,22:91.84:11249754:1.75:2,23:90.97:9210124:1.45:10,33:90.47:9410476:1.45:14,47:90.48:8793134:1.54:1,48:90.81:25467179:1.4:2,49:90.48:10367010:1.6:24,82:85.59:10577307:2.74:99,127:85.11:10178477:3.25:2,[128:84.89:6166205:3.09:30
QCOM_122719P86,U,U,U,U,U,U,U,0:89.98:30244396:0.0:0,1:91.84:11249754:1.59:1,2:90.97:9210124:1.59:0,2:90.47:9410476:1.59:0,2:90.48:8793134:1.81:2,2:90.81:25467179:1.81:0,2:90.48:10367010:1.81:0,2:85.59:10577307:3.45:177,169:85.11:10178477:3.29:1,[170:84.89:6166205:3.6:11
QCOM_122719P87,U,U,U,U,U,U,U,0:89.98:30244396:0.0:0,2:91.84:11249754:2.14:0,2:90.97:9210124:2.14:0,2:90.47:9410476:2.14:0,2:90.48:8793134:2.34:1,2:90.81:25467179:2.34:0,2:90.48:10367010:2.34:0,U:85.59:10577307:U:U,5:85.11:10178477:4.0:0,[5:84.89:6166205:4.0:0
QCOM_122719P88,U,U,U,U,U,U,U,0:89.98:30244396:0.0:0,17:91.84:11249754:1.8:0,17:90.97:9210124:2.2:10,19:90.47:9410476:2.2:0,19:90.48:8793134:2.68:2,21:90.81:25467179:2.1:11,27:90.48:10367010:2.32:9,31:85.59:10577307:4.27:2,31:85.11:10178477:4.27:0,[31:84.89:6166205:4.74:1
QCOM_122719P89,U,U,U,U,U,U,U,0:89.98:30244396:3.6:43,69:91.84:11249754:2.43:0,69:90.97:9210124:2.73:5,73:90.47:9410476:2.74:13,84:90.48:8793134:2.85:2,86:90.81:25467179:2.85:0,86:90.48:10367010:3.2:11,80:85.59:10577307:4.21:1,80:85.11:10178477:4.21:0,[80:84.89:6166205:4.21:0
QCOM_122719P90,U,U,U,U,U,U,U,0:89.98:30244396:0.0:0,22:91.84:11249754:3.15:21,1:90.97:9210124:3.15:0,1:90.47:9410476:3.15:0,1:90.48:8793134:3.57:1,2:90.81:25467179:2.97:19,13:90.48:10367010:3.14:30,U:85.59:10577307:U:U,46:85.11:10178477:6.12:0,[46:84.89:6166205:6.12:0
QCOM_122719P91,U,U,U,U,U,U,U,0:89.98:30244396:3.78:1,11:91.84:11249754:3.45:0,11:90.97:9210124:3.65:1,12:90.47:9410476:3.7:10,12:90.48:8793134:4.15:10,12:90.81:25467179:3.45:6,17:90.48:10367010:3.45:0,17:85.59:10577307:5.83:1,17:85.11:10178477:5.83:0,[17:84.89:6166205:5.83:0
QCOM_122719P92,U,U,U,U,U,U,U,0:89.98:30244396:3.9:2,9:91.84:11249754:4.0:3,9:90.97:9210124:4.0:6,12:90.47:9410476:4.0:0,12:90.48:8793134:4.0:0,12:90.81:25467179:3.93:8,17:90.48:10367010:3.93:0,15:85.59:10577307:6.99:6,15:85.11:10178477:8.12:2,[14:84.89:6166205:7.8:2
QCOM_112219P95,U,U,U,U,U,U,U,U,42:91.84:11249754:4.35:9,45:90.97:9210124:4.8:7,42:90.47:9410476:5.05:22,53:90.48:8793134:5.05:0,53:90.81:25467179:3.6:7,60:90.48:10367010:3.65:25,46:85.59:10577307:3.65:0,U:85.11:10178477:U:U,2:84.89:6166205:3.65:0
QCOM_112219P95.5,U,U,U,U,U,U,U,U,50:91.84:11249754:4.25:18,66:90.97:9210124:4.25:0,66:90.47:9410476:5.5:12,76:90.48:8793134:5.5:0,76:90.81:25467179:4.7:19,79:90.48:10367010:4.57:3,U:85.59:10577307:U:U,1:85.11:10178477:9.7:0,1:84.89:6166205:9.7:0
QCOM_112219P96,U,U,U,U,U,U,U,U,4:91.84:11249754:4.8:17,16:90.97:9210124:4.8:0,16:90.47:9410476:4.8:0,16:90.48:8793134:4.8:0,16:90.81:25467179:4.19:5,U:90.48:10367010::,16:85.59:10577307:6.15:0,0:85.11:10178477:6.15:0,0:84.89:6166205:6.15:0
QCOM_112219P96.5,U,U,U,U,U,U,U,U,0:91.84:11249754:5.3:7,7:90.97:9210124:5.35:1,6:90.47:9410476:6.3:19,21:90.48:8793134:6.3:0,21:90.81:25467179:4.55:15,U:90.48:10367010::,U:85.59:10577307:0.0:0:85.59:10577307:.:U,0:85.11:10178477:5.45:0,0:84.89:6166205:5.45:0
QCOM_112919P95,U,U,U,U,U,U,U,U,5:91.84:11249754:3.24:0,5:90.97:9210124:4.4:2,7:90.47:9410476:4.4:0,7:90.48:8793134:4.4:0,7:90.81:25467179:3.2:10,16:90.48:10367010:5.15:1,21:85.59:10577307:5.05:0,21:85.11:10178477:5.05:0,18:84.89:6166205:5.05:0
QCOM_112919P95.5,U,U,U,U,U,U,U,U,46:91.84:11249754:4.35:0,46:90.97:9210124:4.8:2,48:90.47:9410476:5.15:5,53:90.48:8793134:5.7:3,52:90.81:25467179:4.1:16,U:90.48:10367010::,52:85.59:10577307:6.95:0,52:85.11:10178477:6.95:0,52:84.89:6166205:6.95:0
QCOM_112919P96,U,U,U,U,U,U,U,U,1:91.84:11249754:4.7:36,36:90.97:9210124:5.35:31,67:90.47:9410476:5.35:0,67:90.48:8793134:5.35:0,67:90.81:25467179:4.9:2,69:90.48:10367010:4.9:0,69:85.59:10577307:4.9:0,69:85.11:10178477:4.9:0,69:84.89:6166205:4.9:0
QCOM_112919P96.5,U,U,U,U,U,U,U,U,8:91.84:11249754:5.55:2,9:90.97:9210124:5.5:1,10:90.47:9410476:5.5:0,10:90.48:8793134:6.55:31,25:90.81:25467179:5.4:15,U:90.48:10367010::,23:85.59:10577307:5.4:0,10:85.11:10178477:5.4:0,3:84.89:6166205:5.4:0
QCOM_120619P101,U,U,U,U,U,U,U,U,0:91.84:11249754:0.0:0,0:90.97:9210124:0.0:0,0:90.47:9410476:0.0:0,0:90.48:8793134:0.0:0,0:90.81:25467179:0.0:0,0:90.48:10367010:0.0:0,0:85.59:10577307:0.0:0,U:85.11:10178477:U:U,0:84.89:6166205:0.0:0
QCOM_120619P102,U,U,U,U,U,U,U,U,0:91.84:11249754:0.0:0,0:90.97:9210124:0.0:0,0:90.47:9410476:0.0:0,0:90.48:8793134:0.0:0,0:90.81:25467179:0.0:0,0:90.48:10367010:0.0:0,0:85.59:10577307:0.0:0,0:85.11:10178477:0.0:0,0:84.89:6166205:0.0:0
QCOM_120619P103,U,U,U,U,U,U,U,U,0:91.84:11249754:0.0:0,0:90.97:9210124:0.0:0,0:90.47:9410476:0.0:0,0:90.48:8793134:0.0:0,0:90.81:25467179:0.0:0,0:90.48:10367010:0.0:0,0:85.59:10577307:0.0:0,U:85.11:10178477:U:U,0:84.89:6166205:0.0:0
QCOM_120619P104,U,U,U,U,U,U,U,U,0:91.84:11249754:0.0:0,0:90.97:9210124:0.0:0,0:90.47:9410476:0.0:0,0:90.48:8793134:0.0:0,0:90.81:25467179:0.0:0,0:90.48:10367010:0.0:0,0:85.59:10577307:0.0:0,0:85.11:10178477:0.0:0,0:84.89:6166205:0.0:0
QCOM_120619P105,U,U,U,U,U,U,U,U,0:91.84:11249754:0.0:0,0:90.97:9210124:0.0:0,0:90.47:9410476:0.0:0,0:90.48:8793134:0.0:0,0:90.81:25467179:0.0:0,0:90.48:10367010:0.0:0,0:85.59:10577307:0.0:0,0:85.11:10178477:0.0:0,0:84.89:6166205:0.0:0
QCOM_120619P106,U,U,U,U,U,U,U,U,0:91.84:11249754:0.0:0,0:90.97:9210124:0.0:0,0:90.47:9410476:16.1:10,10:90.48:8793134:16.1:0,10:90.81:25467179:16.1:0,10:90.48:10367010:16.1:0,10:85.59:10577307:16.1:0,10:85.11:10178477:16.1:0,10:84.89:6166205:16.1:0
QCOM_120619P107,U,U,U,U,U,U,U,U,0:91.84:11249754:0.0:0,0:90.97:9210124:0.0:0,0:90.47:9410476:0.0:0,0:90.48:8793134:0.0:0,0:90.81:25467179:0.0:0,0:90.48:10367010:0.0:0,0:85.59:10577307:0.0:0,0:85.11:10178477:0.0:0,0:84.89:6166205:0.0:0
QCOM_121319P101,U,U,U,U,U,U,U,U,0:91.84:11249754:0.0:0,0:90.97:9210124:0.0:0,0:90.47:9410476:0.0:0,0:90.48:8793134:0.0:0,0:90.81:25467179:0.0:0,0:90.48:10367010:10.4:2,2:85.59:10577307:10.4:0,2:85.11:10178477:10.4:0,2:84.89:6166205:10.4:0
QCOM_121319P102,U,U,U,U,U,U,U,U,0:91.84:11249754:0.0:0,0:90.97:9210124:0.0:0,0:90.47:9410476:0.0:0,0:90.48:8793134:0.0:0,0:90.81:25467179:0.0:0,0:90.48:10367010:0.0:0,0:85.59:10577307:0.0:0,0:85.11:10178477:0.0:0,0:84.89:6166205:0.0:0
QCOM_121319P103,U,U,U,U,U,U,U,U,0:91.84:11249754:0.0:0,0:90.97:9210124:0.0:0,0:90.47:9410476:0.0:0,0:90.48:8793134:0.0:0,0:90.81:25467179:0.0:0,0:90.48:10367010:0.0:0,U:85.59:10577307:U:U,0:85.11:10178477:0.0:0,0:84.89:6166205:0.0:0
QCOM_121319P104,U,U,U,U,U,U,U,U,0:91.84:11249754:0.0:0,0:90.97:9210124:0.0:0,0:90.47:9410476:0.0:0,0:90.48:8793134:0.0:0,0:90.81:25467179:0.0:0,0:90.48:10367010:0.0:0,0:85.59:10577307:0.0:0,0:85.11:10178477:0.0:0,0:84.89:6166205:0.0:0
QCOM_121319P105,U,U,U,U,U,U,U,U,0:91.84:11249754:0.0:0,0:90.97:9210124:0.0:0,0:90.47:9410476:0.0:0,0:90.48:8793134:0.0:0,0:90.81:25467179:0.0:0,0:90.48:10367010:0.0:0,0:85.59:10577307:0.0:0,0:85.11:10178477:0.0:0,0:84.89:6166205:0.0:0
QCOM_121319P106,U,U,U,U,U,U,U,U,0:91.84:11249754:0.0:0,0:90.97:9210124:0.0:0,0:90.47:9410476:0.0:0,0:90.48:8793134:0.0:0,0:90.81:25467179:0.0:0,U:90.48:10367010::,U:85.59:10577307:U:U,0:85.11:10178477:0.0:0,0:84.89:6166205:0.0:0
QCOM_121319P107,U,U,U,U,U,U,U,U,0:91.84:11249754:0.0:0,0:90.97:9210124:0.0:0,0:90.47:9410476:0.0:0,0:90.48:8793134:0.0:0,0:90.81:25467179:0.0:0,U:90.48:10367010::,0:85.59:10577307:0.0:0,0:85.11:10178477:0.0:0,0:84.89:6166205:0.0:0
QCOM_122019P110,U,U,U,U,U,U,U,U,0:91.84:11249754:0.0:0,0:90.97:9210124:0.0:0,0:90.47:9410476:0.0:0,0:90.48:8793134:0.0:0,0:90.81:25467179:0.0:0,0:90.48:10367010:19.35:1,1:85.59:10577307:19.35:0,1:85.11:10178477:19.35:0,1:84.89:6166205:19.35:0
QCOM_122019P97.5,U,U,U,U,U,U,U,U,0:91.84:11249754:7.2:28,28:90.97:9210124:7.2:0,28:90.47:9410476:7.94:10,38:90.48:8793134:8.45:3,41:90.81:25467179:6.95:1,41:90.48:10367010:6.95:0,41:85.59:10577307:8.13:0,41:85.11:10178477:13.05:15,41:84.89:6166205:12.75:9
QCOM_122719P100,U,U,U,U,U,U,U,U,2:91.84:11249754:7.7:0,2:90.97:9210124:7.7:0,2:90.47:9410476:7.7:0,2:90.48:8793134:7.7:0,2:90.81:25467179:7.7:0,2:90.48:10367010:7.7:0,2:85.59:10577307:7.7:0,2:85.11:10178477:7.7:0,2:84.89:6166205:7.7:0
QCOM_122719P101,U,U,U,U,U,U,U,U,0:91.84:11249754:0.0:0,0:90.97:9210124:0.0:0,0:90.47:9410476:0.0:0,0:90.48:8793134:0.0:0,0:90.81:25467179:0.0:0,0:90.48:10367010:0.0:0,0:85.59:10577307:0.0:0,U:85.11:10178477:U:U,0:84.89:6166205:0.0:0
QCOM_122719P102,U,U,U,U,U,U,U,U,0:91.84:11249754:0.0:0,0:90.97:9210124:0.0:0,0:90.47:9410476:0.0:0,0:90.48:8793134:12.45:1,1:90.81:25467179:12.45:0,1:90.48:10367010:12.45:0,U:85.59:10577307:U:U,U:85.11:10178477:U:U,1:84.89:6166205:16.76:0
QCOM_122719P103,U,U,U,U,U,U,U,U,0:91.84:11249754:0.0:0,0:90.97:9210124:0.0:0,0:90.47:9410476:0.0:0,0:90.48:8793134:0.0:0,0:90.81:25467179:0.0:0,0:90.48:10367010:0.0:0,0:85.59:10577307:0.0:0,0:85.11:10178477:0.0:0,0:84.89:6166205:0.0:0
QCOM_122719P104,U,U,U,U,U,U,U,U,0:91.84:11249754:0.0:0,0:90.97:9210124:0.0:0,0:90.47:9410476:0.0:0,0:90.48:8793134:0.0:0,0:90.81:25467179:0.0:0,U:90.48:10367010::,0:85.59:10577307:0.0:0,0:85.11:10178477:0.0:0,0:84.89:6166205:0.0:0
QCOM_122719P105,U,U,U,U,U,U,U,U,0:91.84:11249754:0.0:0,0:90.97:9210124:0.0:0,0:90.47:9410476:0.0:0,0:90.48:8793134:0.0:0,0:90.81:25467179:0.0:0,0:90.48:10367010:0.0:0,0:85.59:10577307:0.0:0,0:85.11:10178477:0.0:0,0:84.89:6166205:0.0:0
QCOM_122719P106,U,U,U,U,U,U,U,U,0:91.84:11249754:0.0:0,0:90.97:9210124:0.0:0,0:90.47:9410476:0.0:0,0:90.48:8793134:0.0:0,0:90.81:25467179:0.0:0,0:90.48:10367010:0.0:0,0:85.59:10577307:0.0:0,0:85.11:10178477:0.0:0,0:84.89:6166205:0.0:0
QCOM_122719P107,U,U,U,U,U,U,U,U,1:91.84:11249754:15.5:0,1:90.97:9210124:15.5:0,1:90.47:9410476:15.5:0,1:90.48:8793134:15.5:0,1:90.81:25467179:15.5:0,1:90.48:10367010:15.5:0,1:85.59:10577307:15.5:0,1:85.11:10178477:15.5:0,1:84.89:6166205:15.5:0
QCOM_122719P95,U,U,U,U,U,U,U,U,0:91.84:11249754:0.0:0,0:90.97:9210124:0.0:0,0:90.47:9410476:6.25:12,11:90.48:8793134:6.25:0,11:90.81:25467179:6.25:0,11:90.48:10367010:6.25:0,120:85.59:10577307:8.3:0,120:85.11:10178477:10.5:1,121:84.89:6166205:10.5:0
QCOM_011720P100,U,U,U,U,U,U,U,U,U,U,U,689:90.48:8793134:10.77:3,687:90.81:25467179:9.7:28,712:90.48:10367010:9.7:0,712:85.59:10577307:14.91:6,709:85.11:10178477:15.45:5,[705:84.89:6166205:15.45:0
QCOM_011720P105,U,U,U,U,U,U,U,U,U,U,U,622:90.48:8793134:25.8:0,622:90.81:25467179:25.8:0,622:90.48:10367010:25.8:0,622:85.59:10577307:25.8:0,622:85.11:10178477:25.8:0,[622:84.89:6166205:25.8:0
QCOM_011720P110,U,U,U,U,U,U,U,U,U,U,U,382:90.48:8793134:20.6:0,382:90.81:25467179:20.6:0,382:90.48:10367010:20.6:0,U:85.59:10577307:U:U,382:85.11:10178477:20.6:0,[382:84.89:6166205:20.6:0
QCOM_011720P115,U,U,U,U,U,U,U,U,U,U,U,148:90.48:8793134:25.87:0,148:90.81:25467179:25.87:0,148:90.48:10367010:25.87:0,148:85.59:10577307:25.87:0,148:85.11:10178477:25.87:0,[148:84.89:6166205:25.87:0
QCOM_011720P120,U,U,U,U,U,U,U,U,U,U,U,2:90.48:8793134:43.9:0,2:90.81:25467179:43.9:0,2:90.48:10367010:43.9:0,U:85.59:10577307:U:U,2:85.11:10178477:43.9:0,2:84.89:6166205:43.9:0
QCOM_011720P125,U,U,U,U,U,U,U,U,U,U,U,8:90.48:8793134:48.55:0,8:90.81:25467179:48.55:0,8:90.48:10367010:48.55:0,8:85.59:10577307:48.55:0,8:85.11:10178477:48.55:0,8:84.89:6166205:48.55:0
QCOM_011720P130,U,U,U,U,U,U,U,U,U,U,U,4:90.48:8793134:53.2:0,4:90.81:25467179:53.2:0,4:90.48:10367010:53.2:0,4:85.59:10577307:53.2:0,4:85.11:10178477:53.2:0,4:84.89:6166205:53.2:0
QCOM_011720P67.5,U,U,U,U,U,U,U,U,U,U,U,2097:90.48:8793134:0.22:6,2103:90.81:25467179:0.17:18,2104:90.48:10367010:0.19:4,U:85.59:10577307:U:U,2103:85.11:10178477:0.33:9,[2107:84.89:6166205:0.31:112
QCOM_011720P70,U,U,U,U,U,U,U,U,U,U,U,7533:90.48:8793134:0.3:65,7526:90.81:25467179:0.26:2,7524:90.48:10367010:0.25:44,7525:85.59:10577307:0.4:24,7538:85.11:10178477:0.49:19,[7557:84.89:6166205:0.46:6
QCOM_011720P72.5,U,U,U,U,U,U,U,U,U,U,U,6147:90.48:8793134:0.39:0,6147:90.81:25467179:0.36:12,6149:90.48:10367010:0.33:1,U:85.59:10577307:U:U,6137:85.11:10178477:0.69:34,[6135:84.89:6166205:0.65:17
QCOM_011720P75,U,U,U,U,U,U,U,U,U,U,U,6813:90.48:8793134:0.54:36,6828:90.81:25467179:0.5:113,6828:90.48:10367010:0.53:157,U:85.59:10577307:U:U,6627:85.11:10178477:0.99:123,[6635:84.89:6166205:0.93:1088
QCOM_011720P77.5,U,U,U,U,U,U,U,U,U,U,U,1178:90.48:8793134:0.76:1,1179:90.81:25467179:0.73:18,1188:90.48:10367010:0.74:58,1647:85.59:10577307:1.38:97,1624:85.11:10178477:1.46:41,[1635:84.89:6166205:1.39:31
QCOM_011720P80,U,U,U,U,U,U,U,U,U,U,U,3718:90.48:8793134:1.06:31,3729:90.81:25467179:1.02:89,3693:90.48:10367010:1.01:39,3858:85.59:10577307:2.07:243,3937:85.11:10178477:2.09:249,[3927:84.89:6166205:1.96:125
QCOM_011720P82.5,U,U,U,U,U,U,U,U,U,U,U,2296:90.48:8793134:1.66:9,2300:90.81:25467179:1.45:24,2305:90.48:10367010:1.44:26,2359:85.59:10577307:2.63:140,2427:85.11:10178477:2.93:139,[2502:84.89:6166205:2.85:131
QCOM_011720P85,U,U,U,U,U,U,U,U,U,U,U,6209:90.48:8793134:2.2:28,6229:90.81:25467179:1.94:39,6243:90.48:10367010:2.05:28,6197:85.59:10577307:3.93:781,6103:85.11:10178477:4.03:164,[6114:84.89:6166205:3.82:124
QCOM_011720P87.5,U,U,U,U,U,U,U,U,U,U,U,2949:90.48:8793134:2.95:157,3006:90.81:25467179:2.74:92,3022:90.48:10367010:2.91:488,U:85.59:10577307:U:U,3134:85.11:10178477:5.55:30,[3117:84.89:6166205:5.4:10
QCOM_011720P90,U,U,U,U,U,U,U,U,U,U,U,2555:90.48:8793134:4.0:221,2638:90.81:25467179:3.73:2218,4813:90.48:10367010:4.05:373,5255:85.59:10577307:6.42:60,5231:85.11:10178477:7.06:55,[5187:84.89:6166205:7.2:28
QCOM_011720P92.5,U,U,U,U,U,U,U,U,U,U,U,340:90.48:8793134:5.24:116,262:90.81:25467179:4.99:19,269:90.48:10367010:4.85:124,354:85.59:10577307:8.25:32,332:85.11:10178477:9.1:29,[326:84.89:6166205:8.95:61
QCOM_011720P95,U,U,U,U,U,U,U,U,U,U,U,336:90.48:8793134:7.3:4,335:90.81:25467179:6.75:68,344:90.48:10367010:7.35:41,340:85.59:10577307:10.4:26,357:85.11:10178477:10.79:1,[357:84.89:6166205:10.79:0
QCOM_011720P97.5,U,U,U,U,U,U,U,U,U,U,U,319:90.48:8793134:8.72:3,321:90.81:25467179:7.75:18,337:90.48:10367010:7.75:0,337:85.59:10577307:12.5:25,356:85.11:10178477:12.68:3,[356:84.89:6166205:12.68:0
QCOM_120619P93,U,U,U,U,U,U,U,U,U,U,U,0:90.48:8793134:4.89:50,50:90.81:25467179:3.1:14,64:90.48:10367010:4.65:2,U:85.59:10577307:U:U,64:85.11:10178477:6.54:0,[64:84.89:6166205:6.54:0
QCOM_120619P94,U,U,U,U,U,U,U,U,U,U,U,0:90.48:8793134:0.0:0,0:90.81:25467179:3.4:10,10:90.48:10367010:3.4:0,16:85.59:10577307:6.05:0,16:85.11:10178477:6.05:0,[16:84.89:6166205:6.05:0
QCOM_120619P96,U,U,U,U,U,U,U,U,U,U,U,0:90.48:8793134:0.0:0,0:90.81:25467179:4.65:1,1:90.48:10367010:4.65:0,1:85.59:10577307:4.65:0,1:85.11:10178477:4.65:0,1:84.89:6166205:4.65:0
QCOM_120619P97,U,U,U,U,U,U,U,U,U,U,U,0:90.48:8793134:0.0:0,0:90.81:25467179:0.0:0,0:90.48:10367010:0.0:0,0:85.59:10577307:0.0:0,0:85.11:10178477:0.0:0,0:84.89:6166205:0.0:0
QCOM_121319P93,U,U,U,U,U,U,U,U,U,U,U,0:90.48:8793134:0.0:0,0:90.81:25467179:3.73:40,40:90.48:10367010:4.8:3,42:85.59:10577307:4.8:0,42:85.11:10178477:8.32:40,[42:84.89:6166205:8.32:0
QCOM_121319P94,U,U,U,U,U,U,U,U,U,U,U,0:90.48:8793134:0.0:0,0:90.81:25467179:4.19:1,1:90.48:10367010:4.19:0,1:85.59:10577307:4.19:0,1:85.11:10178477:4.19:0,[1:84.89:6166205:4.19:0
QCOM_121319P96,U,U,U,U,U,U,U,U,U,U,U,0:90.48:8793134:0.0:0,0:90.81:25467179:0.0:0,0:90.48:10367010:0.0:0,0:85.59:10577307:0.0:0,0:85.11:10178477:0.0:0,0:84.89:6166205:0.0:0
QCOM_121319P97,U,U,U,U,U,U,U,U,U,U,U,0:90.48:8793134:0.0:0,0:90.81:25467179:0.0:0,0:90.48:10367010:0.0:0,0:85.59:10577307:0.0:0,0:85.11:10178477:0.0:0,0:84.89:6166205:0.0:0
QCOM_122719P93,U,U,U,U,U,U,U,U,U,U,U,0:90.48:8793134:0.0:0,0:90.81:25467179:0.0:0,0:90.48:10367010:0.0:0,0:85.59:10577307:0.0:0,0:85.11:10178477:0.0:0,[0:84.89:6166205:0.0:0
QCOM_122719P94,U,U,U,U,U,U,U,U,U,U,U,0:90.48:8793134:0.0:0,0:90.81:25467179:0.0:0,0:90.48:10367010:0.0:0,U:85.59:10577307:U:U,0:85.11:10178477:0.0:0,[0:84.89:6166205:0.0:0
QCOM_122719P96,U,U,U,U,U,U,U,U,U,U,U,0:90.48:8793134:0.0:0,0:90.81:25467179:0.0:0,0:90.48:10367010:0.0:0,U:85.59:10577307:U:U,0:85.11:10178477:0.0:0,0:84.89:6166205:0.0:0
QCOM_122719P97,U,U,U,U,U,U,U,U,U,U,U,0:90.48:8793134:0.0:0,0:90.81:25467179:0.0:0,0:90.48:10367010:0.0:0,0:85.59:10577307:11.95:1,1:85.11:10178477:11.95:0,1:84.89:6166205:11.95:0
QCOM_122019P83,U,U,U,U,U,U,U,U,U,U,U,U,U,0:90.48:10367010:0.9:11,41:85.59:10577307:1.92:173,185:85.11:10178477:2.11:129,[284:84.89:6166205:1.98:29
QCOM_122019P84,U,U,U,U,U,U,U,U,U,U,U,U,U,0:90.48:10367010:1.11:30,40:85.59:10577307:2.31:344,281:85.11:10178477:2.55:475,[653:84.89:6166205:2.36:144
QCOM_122019P86,U,U,U,U,U,U,U,U,U,U,U,U,U,0:90.48:10367010:1.41:101,140:85.59:10577307:3.3:855,657:85.11:10178477:3.65:292,[927:84.89:6166205:3.2:12
QCOM_122019P87,U,U,U,U,U,U,U,U,U,U,U,U,U,0:90.48:10367010:1.77:40,139:85.59:10577307:4.0:677,624:85.11:10178477:3.79:2,[622:84.89:6166205:4.2:3
QCOM_122019P88,U,U,U,U,U,U,U,U,U,U,U,U,U,0:90.48:10367010:1.86:22,U:85.59:10577307:U:U,139:85.11:10178477:4.5:16,[155:84.89:6166205:4.4:50
QCOM_122019P89,U,U,U,U,U,U,U,U,U,U,U,U,U,0:90.48:10367010:2.19:35,450:85.59:10577307:4.07:1,451:85.11:10178477:5.1:1,[451:84.89:6166205:5.62:2
QCOM_122019P91,U,U,U,U,U,U,U,U,U,U,U,U,U,0:90.48:10367010:3.7:52,U:85.59:10577307:U:U,74:85.11:10178477:6.87:1,[73:84.89:6166205:7.18:4
QCOM_122019P92,U,U,U,U,U,U,U,U,U,U,U,U,U,0:90.48:10367010:3.63:8,6:85.59:10577307:6.95:3,8:85.11:10178477:6.95:0,[8:84.89:6166205:6.95:0
QCOM_122019P93,U,U,U,U,U,U,U,U,U,U,U,U,U,0:90.48:10367010:4.35:58,223:85.59:10577307:6.6:0,223:85.11:10178477:8.65:13,231:84.89:6166205:9.2:2
QCOM_122019P94,U,U,U,U,U,U,U,U,U,U,U,U,U,0:90.48:10367010:5.4:85,85:85.59:10577307:5.4:0,85:85.11:10178477:5.4:0,85:84.89:6166205:9.75:2
QCOM_122019P96,U,U,U,U,U,U,U,U,U,U,U,U,U,0:90.48:10367010:7.25:1,1:85.59:10577307:7.25:0,1:85.11:10178477:7.25:0,1:84.89:6166205:7.25:0
QCOM_122019P97,U,U,U,U,U,U,U,U,U,U,U,U,U,0:90.48:10367010:0.0:0,0:85.59:10577307:0.0:0,0:85.11:10178477:0.0:0,0:84.89:6166205:0.0:0
QCOM_010320P94,U,U,U,U,U,U,U,U,U,U,U,U,U,U,U,0:85.11:10178477:0.0:0,[0:84.89:6166205:0.0:0
QCOM_010320P79,U,U,U,U,U,U,U,U,U,U,U,U,U,U,U,0:85.11:10178477:0.0:0,[0:84.89:6166205:1.23:10
QCOM_011720P65,U,U,U,U,U,U,U,U,U,U,U,U,U,U,U,5415:85.11:10178477:0.24:137,[5510:84.89:6166205:0.21:21
QCOM_010320P81,U,U,U,U,U,U,U,U,U,U,U,U,U,U,U,0:85.11:10178477:0.0:0,[0:84.89:6166205:1.82:2
QCOM_010320P88,U,U,U,U,U,U,U,U,U,U,U,U,U,U,U,0:85.11:10178477:0.0:0,[0:84.89:6166205:5.29:2
QCOM_010320P95,U,U,U,U,U,U,U,U,U,U,U,U,U,U,U,0:85.11:10178477:0.0:0,[0:84.89:6166205:0.0:0
QCOM_010320P80,U,U,U,U,U,U,U,U,U,U,U,U,U,U,U,0:85.11:10178477:0.0:0,[0:84.89:6166205:1.58:11
QCOM_010320P89,U,U,U,U,U,U,U,U,U,U,U,U,U,U,U,0:85.11:10178477:0.0:0,[0:84.89:6166205:0.0:0
QCOM_122019P81,U,U,U,U,U,U,U,U,U,U,U,U,U,U,U,290:85.11:10178477:1.45:23,[310:84.89:6166205:1.29:5
QCOM_010320P93,U,U,U,U,U,U,U,U,U,U,U,U,U,U,U,0:85.11:10178477:0.0:0,[0:84.89:6166205:0.0:0
QCOM_010320P90,U,U,U,U,U,U,U,U,U,U,U,U,U,U,U,0:85.11:10178477:0.0:0,[0:84.89:6166205:6.5:10
QCOM_010320P82,U,U,U,U,U,U,U,U,U,U,U,U,U,U,U,0:85.11:10178477:2.04:11,[10:84.89:6166205:2.13:1
QCOM_010320P84,U,U,U,U,U,U,U,U,U,U,U,U,U,U,U,0:85.11:10178477:0.0:0,[0:84.89:6166205:2.71:24
QCOM_010320P87,U,U,U,U,U,U,U,U,U,U,U,U,U,U,U,0:85.11:10178477:4.44:10,[10:84.89:6166205:4.44:0
QCOM_011720P62.5,U,U,U,U,U,U,U,U,U,U,U,U,U,U,U,2536:85.11:10178477:0.16:41,[2538:84.89:6166205:0.15:2
QCOM_010320P86,U,U,U,U,U,U,U,U,U,U,U,U,U,U,U,0:85.11:10178477:0.0:0,[0:84.89:6166205:3.7:52
QCOM_122719P75,U,U,U,U,U,U,U,U,U,U,U,U,U,U,U,15:85.11:10178477:0.58:3,[15:84.89:6166205:0.45:5
QCOM_010320P83,U,U,U,U,U,U,U,U,U,U,U,U,U,U,U,0:85.11:10178477:2.68:1,[1:84.89:6166205:2.46:23
QCOM_010320P78,U,U,U,U,U,U,U,U,U,U,U,U,U,U,U,0:85.11:10178477:0.0:0,[0:84.89:6166205:1.08:6
QCOM_010320P85,U,U,U,U,U,U,U,U,U,U,U,U,U,U,U,0:85.11:10178477:0.0:0,[0:84.89:6166205:3.15:85
QCOM_122019P82,U,U,U,U,U,U,U,U,U,U,U,U,U,U,U,116:85.11:10178477:1.7:45,[154:84.89:6166205:1.59:31
QCOM_010320P92,U,U,U,U,U,U,U,U,U,U,U,U,U,U,U,0:85.11:10178477:0.0:0,[0:84.89:6166205:0.0:0
QCOM_122719P70,U,U,U,U,U,U,U,U,U,U,U,U,U,U,U,2:85.11:10178477:0.12:0,[2:84.89:6166205:0.12:0
QCOM_122719P79,U,U,U,U,U,U,U,U,U,U,U,U,U,U,U,16:85.11:10178477:0.77:0,[16:84.89:6166205:0.77:0
QCOM_122719P78,U,U,U,U,U,U,U,U,U,U,U,U,U,U,U,14:85.11:10178477:0.95:4,[18:84.89:6166205:0.82:5
QCOM_010320P91,U,U,U,U,U,U,U,U,U,U,U,U,U,U,U,0:85.11:10178477:6.9:2,[1:84.89:6166205:6.9:0
QCOM_122719P65,U,U,U,U,U,U,U,U,U,U,U,U,U,U,U,U,0:84.89:6166205:0.0:0
QCOM_011720P60,U,U,U,U,U,U,U,U,U,U,U,U,U,U,U,U,10739:84.89:6166205:0.11:2
