Symbol,20191104,20191106,20191108,20191111,20191112,20191113,20191114,20191115,20191118,20191120,20191121,20191122
QQQ_112219P192.5,654:200.2649,950:199.76,684:201.23:15155921:0.3:20,700:200.96:10128652:0.29:21,719:201.54:14695374:0.22:26,711:201.59:15792836:0.19:5,711:201.43:16903669:0.19:710,1037:202.91:18151654:0.07:140,U:203.07:18408797::,1001:202.07:32364255:0.02:15,U:0:0:U:U,1007:201.83:17186554:0.01:10
QQQ_112219P193,2078:200.2649,2081:199.76,2245:201.23:15155921:0.33:272,2257:200.96:10128652:0.29:152,2239:201.54:14695374:0.24:105,2328:201.59:15792836:0.22:5740,5492:201.43:16903669:0.17:3048,7658:202.91:18151654:0.07:869,U:203.07:18408797::,8259:202.07:32364255:0.03:812,7938:0:0:0.01:30,7935:201.83:17186554:0.01:0
QQQ_112219P194,883:200.2649,844:199.76,1224:201.23:15155921:0.49:27,1237:200.96:10128652:0.37:158,1239:201.54:14695374:0.32:155,1286:201.59:15792836:0.28:205,1357:201.43:16903669:0.23:859,1738:202.91:18151654:0.09:1155,2072:203.07:18408797:0.05:489,2111:202.07:32364255:0.05:1546,3228:0:0:0.01:832,3441:201.83:17186554:0.01:2
QQQ_112219P195,1490:200.2649,2378:199.76,4007:201.23:15155921:0.48:505,4084:200.96:10128652:0.44:1825,5417:201.54:14695374:0.4:7821,10364:201.59:15792836:0.34:6568,14410:201.43:16903669:0.28:809,14283:202.91:18151654:0.11:1755,14579:203.07:18408797:0.06:1020,14927:202.07:32364255:0.06:1878,15214:0:0:0.01:50,15313:201.83:17186554:0.01:87
QQQ_112219P196,1209:200.2649,1135:199.76,1260:201.23:15155921:0.58:238,1335:200.96:10128652:0.54:247,1383:201.54:14695374:0.47:737,1893:201.59:15792836:0.44:4983,5378:201.43:16903669:0.4:987,5773:202.91:18151654:0.13:1327,5408:203.07:18408797:0.08:461,5890:202.07:32364255:0.08:1343,6048:0:0:0.01:315,[5881:201.83:17186554:0.01:140
QQQ_112219P197,1034:200.2649,1148:199.76,1538:201.23:15155921:0.75:563,1571:200.96:10128652:0.74:473,1546:201.54:14695374:0.58:1218,2022:201.59:15792836:0.55:734,2183:201.43:16903669:0.48:602,2141:202.91:18151654:0.18:1668,U:203.07:18408797::,2888:202.07:32364255:0.1:362,2899:0:0:0.02:501,[2936:201.83:17186554:0.01:598
QQQ_112219P197.5,294:200.2649,351:199.76,561:201.23:15155921:0.83:83,592:200.96:10128652:0.77:131,538:201.54:14695374:0.68:1004,1301:201.59:15792836:0.71:30,1308:201.43:16903669:0.57:82,1348:202.91:18151654:0.22:4249,4500:203.07:18408797:0.13:328,4578:202.07:32364255:0.12:263,4575:0:0:0.03:884,[4614:201.83:17186554:0.01:4047
QQQ_112219P198,996:200.2649,2378:199.76,2889:201.23:15155921:0.92:729,2916:200.96:10128652:0.89:11971,3760:201.54:14695374:0.77:1679,14452:201.59:15792836:0.7:10877,12922:201.43:16903669:0.62:3213,13061:202.91:18151654:0.26:5093,14072:203.07:18408797:0.14:1671,15027:202.07:32364255:0.11:11424,13920:0:0:0.04:6040,[16947:201.83:17186554:0.01:3444
QQQ_112219P199,549:200.2649,723:199.76,4921:201.23:15155921:1.14:673,4797:200.96:10128652:1.15:22183,24812:201.54:14695374:0.93:22591,45441:201.59:15792836:1.0:9281,51973:201.43:16903669:0.84:2431,52076:202.91:18151654:0.38:5973,48985:203.07:18408797:0.22:4694,44383:202.07:32364255:0.21:4793,U:0:0:U:U,[22067:201.83:17186554:0.01:2336
QQQ_112219P200,832:200.2649,1364:199.76,3023:201.23:15155921:1.44:1012,3200:200.96:10128652:1.45:1485,3544:201.54:14695374:1.2:12438,10603:201.59:15792836:1.18:11891,16429:201.43:16903669:1.09:9195,19698:202.91:18151654:0.53:8529,22798:203.07:18408797:0.32:19298,U:202.07:32364255:U:U,16925:0:0:0.16:15934,[24803:201.83:17186554:0.01:14678
QQQ_112219P201,340:200.2649,613:199.76,653:201.23:15155921:1.83:631,996:200.96:10128652:1.81:1351,1522:201.54:14695374:1.6:2919,2772:201.59:15792836:1.56:3791,4395:201.43:16903669:1.43:7860,8371:202.91:18151654:0.72:5801,10279:203.07:18408797:0.48:8557,14759:202.07:32364255:0.54:14638,15999:0:0:0.36:18834,[17887:201.83:17186554:0.01:28398
QQQ_112219P202,200:200.2649,333:199.76,424:201.23:15155921:2.24:172,531:200.96:10128652:2.38:282,572:201.54:14695374:1.93:1549,1295:201.59:15792836:1.99:1670,1848:201.43:16903669:1.88:626,2052:202.91:18151654:1.04:5877,3728:203.07:18408797:0.71:43093,26911:202.07:32364255:0.85:13217,U:0:0:U:U,[19335:201.83:17186554:0.1:27266
QQQ_112219P202.5,95:200.2649,122:199.76,165:201.23:15155921:2.6:27,183:200.96:10128652:2.56:21,196:201.54:14695374:2.37:436,388:201.59:15792836:2.29:276,527:201.43:16903669:2.09:296,655:202.91:18151654:1.2:1430,1281:203.07:18408797:0.87:8629,4249:202.07:32364255:1.07:8379,U:0:0:U:U,[2942:201.83:17186554:0.62:2565
QQQ_112219P203,16:200.2649,12:199.76,260:201.23:15155921:2.79:15,264:200.96:10128652:3.04:33,273:201.54:14695374:2.49:832,809:201.59:15792836:2.52:766,1186:201.43:16903669:2.37:180,1211:202.91:18151654:1.44:2372,2075:203.07:18408797:1.05:5592,8315:202.07:32364255:1.35:19354,7219:0:0:1.36:1988,[6808:201.83:17186554:1.06:1470
QQQ_112219P204,5:200.2649,22:199.76,125:201.23:15155921:3.71:455,231:200.96:10128652:3.84:41,231:201.54:14695374:3.48:252,396:201.59:15792836:3.1:30,404:201.43:16903669:2.98:2281,2357:202.91:18151654:1.94:2960,4820:203.07:18408797:1.55:4196,3472:202.07:32364255:2.1:2972,2993:0:0:2.3:563,[2696:201.83:17186554:2.1:341
QQQ_112219P205,53:200.2649,81:199.76,97:201.23:15155921:4.37:213,195:200.96:10128652:4.45:53,183:201.54:14695374:3.85:235,302:201.59:15792836:3.8:187,308:201.43:16903669:4.14:221,306:202.91:18151654:2.67:2017,1743:203.07:18408797:2.2:1757,3156:202.07:32364255:2.98:2974,1517:0:0:3.29:149,[1146:201.83:17186554:3.1:169
QQQ_112219P206,31:200.2649,31:199.76,48:201.23:15155921:5.26:51,55:200.96:10128652:5.2:44,96:201.54:14695374:4.44:13,97:201.59:15792836:5.3:2,96:201.43:16903669:5.72:4,96:202.91:18151654:3.5:931,421:203.07:18408797:3.14:150,643:202.07:32364255:4.46:28,U:0:0:U:U,[389:201.83:17186554:4.52:162
QQQ_112219P207,0:200.2649,6:199.76,26:201.23:15155921:5.98:0,26:200.96:10128652:5.98:0,26:201.54:14695374:5.58:60,43:201.59:15792836:6.21:45,44:201.43:16903669:5.72:15,49:202.91:18151654:4.43:31,64:203.07:18408797:4.06:65,87:202.07:32364255:5.43:78,U:0:0:U:U,[22:201.83:17186554:5.23:9
QQQ_112219P207.5,0:200.2649,0:199.76,20:201.23:15155921:6.43:0,20:200.96:10128652:6.43:0,20:201.54:14695374:6.43:0,20:201.59:15792836:6.43:0,20:201.43:16903669:6.43:0,20:202.91:18151654:5.12:3,23:203.07:18408797:4.53:2,26:202.07:32364255:5.8:3,23:0:0:6.1:2,[22:201.83:17186554:6.1:0
QQQ_112219P208,0:200.2649,2:199.76,23:201.23:15155921:7.61:0,23:200.96:10128652:7.19:20,32:201.54:14695374:6.78:4,32:201.59:15792836:6.78:0,32:201.43:16903669:6.78:0,32:202.91:18151654:5.43:28,31:203.07:18408797:5.18:18,34:202.07:32364255:4.49:0,34:0:0:6.44:14,[48:201.83:17186554:5.81:8
QQQ_112919P193.5,509:200.2649,546:199.76,545:201.23:15155921:0.6:263,501:200.96:10128652:0.64:27,521:201.54:14695374:0.57:39,551:201.59:15792836:0.5:70,614:201.43:16903669:0.48:71,683:202.91:18151654:0.24:24,U:203.07:18408797::,635:202.07:32364255:0.3:13,642:0:0:0.15:65,642:201.83:17186554:0.06:1263
QQQ_112919P194,1042:200.2649,1086:199.76,1134:201.23:15155921:0.75:77,1135:200.96:10128652:0.63:139,1025:201.54:14695374:0.55:67,1030:201.59:15792836:0.52:11,1030:201.43:16903669:0.52:28,1032:202.91:18151654:0.28:52,U:203.07:18408797::,1139:202.07:32364255:0.2:488,U:0:0:U:U,1195:201.83:17186554:0.07:6679
QQQ_112919P194.5,557:200.2649,547:199.76,687:201.23:15155921:1.02:5,688:200.96:10128652:0.69:17,676:201.54:14695374:0.61:15,673:201.59:15792836:0.58:5,673:201.43:16903669:0.51:21,683:202.91:18151654:0.31:359,U:203.07:18408797::,1046:202.07:32364255:0.27:2046,2803:0:0:0.2:2228,1748:201.83:17186554:0.1:143
QQQ_112919P195,10798:200.2649,10954:199.76,11068:201.23:15155921:0.78:214,11097:200.96:10128652:0.73:351,11200:201.54:14695374:0.66:394,11462:201.59:15792836:0.64:353,11521:201.43:16903669:0.57:3966,12854:202.91:18151654:0.32:1519,12951:203.07:18408797:0.22:837,14633:202.07:32364255:0.26:652,U:0:0:U:U,14517:201.83:17186554:0.08:1393
QQQ_112919P196,4356:200.2649,3785:199.76,3793:201.23:15155921:1.0:36,3771:200.96:10128652:0.91:79,3772:201.54:14695374:0.87:108,3827:201.59:15792836:0.78:61,3811:201.43:16903669:0.68:112,3864:202.91:18151654:0.39:174,U:203.07:18408797::,U:202.07:32364255:.:22,5828:0:0:0.29:4084,[6286:201.83:17186554:0.12:2235
QQQ_112919P197,13669:200.2649,13854:199.76,13945:201.23:15155921:1.13:156,13982:200.96:10128652:1.07:278,13999:201.54:14695374:0.97:413,13907:201.59:15792836:0.94:37,13919:201.43:16903669:0.85:489,14334:202.91:18151654:0.46:3908,U:203.07:18408797::,18638:202.07:32364255:0.42:2688,19449:0:0:0.35:7416,[24663:201.83:17186554:0.17:10397
QQQ_112919P197.5,1296:200.2649,1633:199.76,1635:201.23:15155921:1.34:68,1634:200.96:10128652:1.18:55,1637:201.54:14695374:1.05:38,1648:201.59:15792836:1.0:117,1631:201.43:16903669:1.0:125,1638:202.91:18151654:0.55:2093,2501:203.07:18408797:0.39:928,3307:202.07:32364255:0.47:357,3154:0:0:0.49:90,[3173:201.83:17186554:0.2:554
QQQ_112919P198,4019:200.2649,4391:199.76,4447:201.23:15155921:1.31:3318,4451:200.96:10128652:1.32:216,4507:201.54:14695374:1.14:286,4615:201.59:15792836:1.14:405,4954:201.43:16903669:1.05:3024,6535:202.91:18151654:0.6:314,6666:203.07:18408797:0.44:395,U:202.07:32364255:U:U,6817:0:0:0.48:1069,[6744:201.83:17186554:0.23:5992
QQQ_112919P199,1031:200.2649,1079:199.76,2162:201.23:15155921:1.55:732,2337:200.96:10128652:1.53:102,2351:201.54:14695374:1.36:215,2454:201.59:15792836:1.4:283,2436:201.43:16903669:1.24:165,2467:202.91:18151654:0.76:4458,6345:203.07:18408797:0.56:641,U:202.07:32364255:U:U,6866:0:0:0.73:958,[7268:201.83:17186554:0.35:9675
QQQ_112919P200,1014:200.2649,1518:199.76,1538:201.23:15155921:1.85:2283,3366:200.96:10128652:1.82:490,3281:201.54:14695374:1.63:1676,3881:201.59:15792836:1.75:3733,5957:201.43:16903669:1.55:7808,12569:202.91:18151654:0.96:8437,18158:203.07:18408797:0.73:1893,19829:202.07:32364255:0.85:14034,18834:0:0:0.89:3343,[19579:201.83:17186554:0.5:10497
QQQ_112919P201,1087:200.2649,1179:199.76,1389:201.23:15155921:2.24:336,1479:200.96:10128652:2.24:240,1457:201.54:14695374:1.95:352,1541:201.59:15792836:2.0:419,1621:201.43:16903669:1.85:700,1813:202.91:18151654:1.2:925,1908:203.07:18408797:0.93:1390,2706:202.07:32364255:1.12:6186,5681:0:0:1.14:36825,[38495:201.83:17186554:0.75:27118
QQQ_112919P202,333:200.2649,463:199.76,480:201.23:15155921:2.63:238,656:200.96:10128652:2.74:30,655:201.54:14695374:2.35:1308,1793:201.59:15792836:2.44:1043,1945:201.43:16903669:2.34:159,1976:202.91:18151654:1.51:4368,5185:203.07:18408797:1.19:3789,5236:202.07:32364255:1.45:5162,U:0:0:U:U,[8031:201.83:17186554:1.12:11553
QQQ_112919P202.5,177:200.2649,207:199.76,325:201.23:15155921:2.99:2,326:200.96:10128652:3.0:29,346:201.54:14695374:2.85:183,441:201.59:15792836:2.66:212,535:201.43:16903669:2.76:257,759:202.91:18151654:1.7:625,1004:203.07:18408797:1.37:1646,1344:202.07:32364255:1.68:1580,1565:0:0:1.83:682,[1721:201.83:17186554:1.36:2087
QQQ_112919P203,441:200.2649,539:199.76,517:201.23:15155921:3.31:51,533:200.96:10128652:3.25:27,546:201.54:14695374:3.15:274,637:201.59:15792836:2.88:51,663:201.43:16903669:2.74:201,750:202.91:18151654:1.89:903,867:203.07:18408797:1.55:7756,7064:202.07:32364255:1.9:11292,6241:0:0:2.11:799,[6344:201.83:17186554:1.63:1436
QQQ_112919P204,136:200.2649,173:199.76,375:201.23:15155921:3.74:6,380:200.96:10128652:3.93:12,377:201.54:14695374:3.43:410,657:201.59:15792836:3.77:104,753:201.43:16903669:3.32:50,786:202.91:18151654:2.36:261,940:203.07:18408797:2.07:545,1376:202.07:32364255:2.55:1264,1632:0:0:2.67:576,[1799:201.83:17186554:2.36:532
QQQ_112919P205,36:200.2649,72:199.76,205:201.23:15155921:4.69:131,274:200.96:10128652:4.64:177,389:201.54:14695374:4.11:663,712:201.59:15792836:4.33:445,812:201.43:16903669:4.1:123,800:202.91:18151654:2.99:261,817:203.07:18408797:2.69:163,956:202.07:32364255:3.15:579,966:0:0:3.5:345,[985:201.83:17186554:3.2:336
QQQ_112919P206,21:200.2649,40:199.76,79:201.23:15155921:5.41:27,96:200.96:10128652:5.63:10,106:201.54:14695374:4.71:136,163:201.59:15792836:4.81:10,163:201.43:16903669:4.98:114,267:202.91:18151654:3.9:310,475:203.07:18408797:3.4:463,1312:202.07:32364255:3.96:1211,1101:0:0:4.33:269,[998:201.83:17186554:4.42:130
QQQ_112919P207,1:200.2649,1:199.76,7:201.23:15155921:7.32:1,7:200.96:10128652:7.32:0,7:201.54:14695374:6.01:10,17:201.59:15792836:5.55:5,22:201.43:16903669:5.73:22,28:202.91:18151654:4.86:66,88:203.07:18408797:4.16:12,108:202.07:32364255:5.42:44,107:0:0:5.14:81,[110:201.83:17186554:5.34:3
QQQ_112919P207.5,19:200.2649,19:199.76,22:201.23:15155921:7.57:0,22:200.96:10128652:7.57:0,22:201.54:14695374:6.21:3,22:201.59:15792836:6.13:5,25:201.43:16903669:6.62:1,26:202.91:18151654:5.32:2,26:203.07:18408797:4.3:20,46:202.07:32364255:6.3:24,24:0:0:6.28:40,[13:201.83:17186554:6.28:0
QQQ_112919P208,0:200.2649,0:199.76,0:201.23:15155921:7.53:20,20:200.96:10128652:7.53:0,20:201.54:14695374:7.53:0,20:201.59:15792836:6.89:9,20:201.43:16903669:6.82:10,30:202.91:18151654:5.53:23,49:203.07:18408797:5.93:1,64:202.07:32364255:4.85:6,56:0:0:6.33:45,[40:201.83:17186554:6.33:0
QQQ_120619P195,943:200.2649,6507:199.76,6728:201.23:15155921:1.28:86,6784:200.96:10128652:1.16:138,6820:201.54:14695374:1.14:249,6733:201.59:15792836:1.07:119,6751:201.43:16903669:0.96:226,6821:202.91:18151654:0.64:257,6981:203.07:18408797:0.52:181,6982:202.07:32364255:0.6:224,7088:0:0:0.63:1652,7641:201.83:17186554:0.44:249
QQQ_120619P195.5,161:200.2649,232:199.76,239:201.23:15155921:1.25:32,258:200.96:10128652:1.28:22,261:201.54:14695374:1.02:8,263:201.59:15792836:1.2:6,263:201.43:16903669:1.1:70,263:202.91:18151654:0.74:10,U:203.07:18408797::,272:202.07:32364255:0.87:190,453:0:0:0.87:0,[453:201.83:17186554:0.55:7
QQQ_120619P196,229:200.2649,306:199.76,350:201.23:15155921:1.45:45,391:200.96:10128652:1.35:20,407:201.54:14695374:1.17:61,402:201.59:15792836:1.32:3,403:201.43:16903669:1.13:71,469:202.91:18151654:0.78:49,U:203.07:18408797::,U:202.07:32364255:U:U,718:0:0:0.75:851,[1515:201.83:17186554:0.56:147
QQQ_120619P196.5,662:200.2649,697:199.76,789:201.23:15155921:1.54:109,695:200.96:10128652:1.47:26,704:201.54:14695374:1.4:27,696:201.59:15792836:1.44:19,687:201.43:16903669:1.44:0,687:202.91:18151654:0.83:32,U:203.07:18408797::,730:202.07:32364255:0.96:80,732:0:0:0.81:104,[734:201.83:17186554:0.67:13
QQQ_120619P197,365:200.2649,1346:199.76,1283:201.23:15155921:1.55:61,1283:200.96:10128652:1.55:62,1239:201.54:14695374:1.35:32,1232:201.59:15792836:1.41:42,1243:201.43:16903669:1.65:51,1231:202.91:18151654:0.94:24,1242:203.07:18408797:0.71:3092,3342:202.07:32364255:0.82:243,3427:0:0:0.88:149,[3497:201.83:17186554:0.67:105
QQQ_120619P197.5,788:200.2649,790:199.76,842:201.23:15155921:1.67:42,835:200.96:10128652:1.67:43,820:201.54:14695374:1.6:60,790:201.59:15792836:1.46:14,791:201.43:16903669:1.51:14,800:202.91:18151654:1.01:57,800:203.07:18408797:0.79:7,831:202.07:32364255:1.0:680,U:0:0:U:U,[970:201.83:17186554:0.81:147
QQQ_120619P198,886:200.2649,928:199.76,1018:201.23:15155921:1.79:186,1124:200.96:10128652:1.85:126,1103:201.54:14695374:1.75:31,1121:201.59:15792836:1.72:36,1137:201.43:16903669:1.62:242,1230:202.91:18151654:1.06:276,1263:203.07:18408797:0.87:2314,3173:202.07:32364255:1.02:288,3144:0:0:1.09:284,[3237:201.83:17186554:0.86:1324
QQQ_120619P198.5,480:200.2649,482:199.76,531:201.23:15155921:2.24:8,539:200.96:10128652:2.11:2,539:201.54:14695374:1.55:50,549:201.59:15792836:1.94:16,564:201.43:16903669:1.63:4,566:202.91:18151654:1.2:55,564:203.07:18408797:0.95:18,559:202.07:32364255:1.15:49,565:0:0:1.16:101,[583:201.83:17186554:1.01:39
QQQ_120619P199,209:200.2649,372:199.76,1961:201.23:15155921:2.05:203,2101:200.96:10128652:2.1:20,2107:201.54:14695374:2.02:95,2117:201.59:15792836:1.85:162,2168:201.43:16903669:1.78:93,2184:202.91:18151654:1.22:158,2169:203.07:18408797:1.02:24,U:202.07:32364255:U:U,2232:0:0:1.29:358,[2339:201.83:17186554:1.16:589
QQQ_120619P200,136:200.2649,395:199.76,606:201.23:15155921:2.37:6318,6390:200.96:10128652:2.49:460,6438:201.54:14695374:2.21:481,6481:201.59:15792836:2.21:712,6482:201.43:16903669:2.07:137,6450:202.91:18151654:1.45:1641,7596:203.07:18408797:1.21:411,8050:202.07:32364255:1.44:2716,8453:0:0:1.67:36784,[40365:201.83:17186554:1.26:3591
QQQ_120619P201,35:200.2649,150:199.76,427:201.23:15155921:2.73:166,472:200.96:10128652:2.79:116,512:201.54:14695374:2.49:509,805:201.59:15792836:2.49:524,948:201.43:16903669:2.46:479,1113:202.91:18151654:1.71:217,1099:203.07:18408797:1.49:98,1173:202.07:32364255:1.71:1550,2145:0:0:1.86:3220,[4440:201.83:17186554:1.57:2040
QQQ_120619P202,37:200.2649,104:199.76,158:201.23:15155921:3.19:6135,1608:200.96:10128652:3.25:2443,3241:201.54:14695374:2.9:3641,2380:201.59:15792836:3.07:2188,3344:201.43:16903669:2.88:3209,2831:202.91:18151654:2.02:416,2985:203.07:18408797:1.75:3383,3321:202.07:32364255:2.08:1277,3467:0:0:2.31:1907,[4482:201.83:17186554:1.91:1902
QQQ_120619P202.5,51:200.2649,51:199.76,77:201.23:15155921:3.42:91,130:200.96:10128652:3.57:6,132:201.54:14695374:2.95:98,228:201.59:15792836:3.47:79,264:201.43:16903669:3.24:173,363:202.91:18151654:2.25:222,426:203.07:18408797:2.01:214,U:202.07:32364255:U:U,773:0:0:2.5:1422,[1939:201.83:17186554:2.41:80
QQQ_120619P203,211:200.2649,213:199.76,245:201.23:15155921:3.63:302,184:200.96:10128652:3.78:82,179:201.54:14695374:3.06:21,179:201.59:15792836:3.72:246,210:201.43:16903669:3.3:9,216:202.91:18151654:2.43:176,253:203.07:18408797:2.13:335,897:202.07:32364255:2.47:1483,851:0:0:2.74:601,[1137:201.83:17186554:2.42:384
QQQ_120619P204,227:200.2649,221:199.76,227:201.23:15155921:4.37:205,144:200.96:10128652:4.3:60,169:201.54:14695374:3.96:63,205:201.59:15792836:4.08:85,204:201.43:16903669:4.12:77,158:202.91:18151654:3.16:33,178:203.07:18408797:2.57:90,2844:202.07:32364255:2.96:838,U:0:0:U:U,[2944:201.83:17186554:2.93:314
QQQ_120619P205,40:200.2649,40:199.76,42:201.23:15155921:5.28:2,43:200.96:10128652:5.36:2,44:201.54:14695374:4.26:6,45:201.59:15792836:4.56:1,46:201.43:16903669:4.76:27,58:202.91:18151654:3.41:245,247:203.07:18408797:3.1:123,780:202.07:32364255:3.78:681,680:0:0:3.84:133,[784:201.83:17186554:3.88:100
QQQ_120619P206,10:200.2649,47:199.76,47:201.23:15155921:5.69:1,48:200.96:10128652:5.63:4,52:201.54:14695374:5.15:5,53:201.59:15792836:5.47:1,54:201.43:16903669:5.4:11,64:202.91:18151654:4.07:20,77:203.07:18408797:3.76:36,119:202.07:32364255:4.6:176,171:0:0:4.54:14,[172:201.83:17186554:4.91:5
QQQ_120619P207,6:200.2649,6:199.76,12:201.23:15155921:7.45:1,12:200.96:10128652:6.55:5,12:201.54:14695374:5.95:6,18:201.59:15792836:6.06:15,24:201.43:16903669:6.06:0,24:202.91:18151654:4.93:10,29:203.07:18408797:4.9:30,39:202.07:32364255:5.73:45,49:0:0:5.73:0,[49:201.83:17186554:5.22:100
QQQ_120619P207.5,0:200.2649,0:199.76,0:201.23:15155921:0.0:0,0:200.96:10128652:0.0:0,0:201.54:14695374:5.95:20,20:201.59:15792836:5.95:0,20:201.43:16903669:5.95:0,20:202.91:18151654:5.4:3,23:203.07:18408797:5.37:13,35:202.07:32364255:5.88:29,36:0:0:6.21:6,[39:201.83:17186554:5.71:3
QQQ_120619P208,0:200.2649,0:199.76,8:201.23:15155921:7.18:0,8:200.96:10128652:7.18:0,8:201.54:14695374:7.18:0,8:201.59:15792836:7.18:0,8:201.43:16903669:7.18:0,8:202.91:18151654:5.68:6,9:203.07:18408797:5.73:3,10:202.07:32364255:6.8:4,12:0:0:6.38:28,[36:201.83:17186554:6.74:1
QQQ_121319P195.5,0:200.2649,1:199.76,1:201.23:15155921:1.69:20,8:200.96:10128652:1.72:146,153:201.54:14695374:1.72:0,153:201.59:15792836:1.72:0,153:201.43:16903669:1.53:1,153:202.91:18151654:1.06:8,160:203.07:18408797:1.09:4,164:202.07:32364255:1.11:5,168:0:0:1.09:33,193:201.83:17186554:1.0:72
QQQ_121319P196,8:200.2649,17:199.76,36:201.23:15155921:1.91:0,36:200.96:10128652:1.83:93,115:201.54:14695374:1.68:24,121:201.59:15792836:1.65:31,125:201.43:16903669:1.52:145,253:202.91:18151654:1.2:11,259:203.07:18408797:0.97:197,455:202.07:32364255:1.16:55,460:0:0:1.28:30,[470:201.83:17186554:1.09:31
QQQ_121319P196.5,12:200.2649,14:199.76,14:201.23:15155921:1.99:0,14:200.96:10128652:1.9:10,14:201.54:14695374:1.68:3,15:201.59:15792836:1.68:0,15:201.43:16903669:1.75:13,26:202.91:18151654:1.26:5,31:203.07:18408797:1.3:1,37:202.07:32364255:1.36:2,U:0:0:U:U,[39:201.83:17186554:1.38:1
QQQ_121319P197,35:200.2649,66:199.76,78:201.23:15155921:1.99:22,86:200.96:10128652:2.03:20,102:201.54:14695374:1.8:62,132:201.59:15792836:1.8:10,124:201.43:16903669:1.76:25,123:202.91:18151654:1.32:42,119:203.07:18408797:1.12:77,167:202.07:32364255:1.33:90,U:0:0:U:U,[206:201.83:17186554:1.23:25
QQQ_121319P197.5,7:200.2649,9:199.76,7:201.23:15155921:2.65:29,35:200.96:10128652:2.16:57,76:201.54:14695374:1.92:68,144:201.59:15792836:1.93:8,151:201.43:16903669:1.85:3,152:202.91:18151654:1.54:2,154:203.07:18408797:1.27:18,176:202.07:32364255:1.85:1,175:0:0:1.53:51,[226:201.83:17186554:1.35:2
QQQ_121319P198,24:200.2649,23:199.76,70:201.23:15155921:2.35:0,70:200.96:10128652:2.28:39,56:201.54:14695374:2.23:73,71:201.59:15792836:2.18:154,217:201.43:16903669:1.99:2372,2251:202.91:18151654:1.43:674,2602:203.07:18408797:1.24:1536,4123:202.07:32364255:1.64:204,4265:0:0:1.65:50,[4257:201.83:17186554:1.41:352
QQQ_121319P198.5,21:200.2649,21:199.76,23:201.23:15155921:3.19:2,24:200.96:10128652:2.5:18,39:201.54:14695374:2.07:5,39:201.59:15792836:2.14:3,39:201.43:16903669:2.2:2,39:202.91:18151654:1.62:524,267:203.07:18408797:1.31:19,273:202.07:32364255:2.1:25,284:0:0:1.7:71,[348:201.83:17186554:1.61:69
QQQ_121319P199,40:200.2649,53:199.76,81:201.23:15155921:2.65:52,110:200.96:10128652:2.59:2,110:201.54:14695374:2.5:54,118:201.59:15792836:2.36:10,114:201.43:16903669:2.45:58,158:202.91:18151654:1.68:24,175:203.07:18408797:1.47:17,208:202.07:32364255:1.77:100,282:0:0:1.89:125,[351:201.83:17186554:1.6:20
QQQ_121319P199.5,40:200.2649,54:199.76,128:201.23:15155921:3.08:7,130:200.96:10128652:2.77:72,124:201.54:14695374:2.37:2,126:201.59:15792836:2.37:0,126:201.43:16903669:2.52:12,134:202.91:18151654:1.75:4,136:203.07:18408797:1.58:10,149:202.07:32364255:2.1:41,178:0:0:1.93:53,[160:201.83:17186554:1.75:5
QQQ_121319P200,12:200.2649,112:199.76,256:201.23:15155921:2.98:73,271:200.96:10128652:2.96:41,281:201.54:14695374:2.78:2058,2210:201.59:15792836:2.71:83,2227:201.43:16903669:2.56:239,2230:202.91:18151654:1.88:331,2438:203.07:18408797:1.65:30,2546:202.07:32364255:1.97:544,2517:0:0:2.18:292,[2674:201.83:17186554:2.01:125
QQQ_121319P201,11:200.2649,5:199.76,95:201.23:15155921:3.3:122,110:200.96:10128652:3.3:145,190:201.54:14695374:3.02:515,261:201.59:15792836:3.06:209,319:201.43:16903669:2.94:114,401:202.91:18151654:2.26:533,626:203.07:18408797:2.0:66,U:202.07:32364255:U:U,1681:0:0:2.46:5270,[5373:201.83:17186554:2.18:2372
QQQ_121319P202,1:200.2649,74:199.76,320:201.23:15155921:3.7:100,420:200.96:10128652:3.83:120,355:201.54:14695374:3.57:112,437:201.59:15792836:3.45:131,486:201.43:16903669:3.88:118,507:202.91:18151654:2.5:236,645:203.07:18408797:2.24:104,708:202.07:32364255:2.59:510,U:0:0:U:U,[949:201.83:17186554:2.54:129
QQQ_121319P202.5,0:200.2649,10:199.76,10:201.23:15155921:4.65:0,10:200.96:10128652:4.65:0,10:201.54:14695374:3.49:2,12:201.59:15792836:4.01:10,2:201.43:16903669:3.85:7,8:202.91:18151654:2.72:168,120:203.07:18408797:2.48:25,93:202.07:32364255:2.86:374,U:0:0:U:U,[372:201.83:17186554:2.87:9
QQQ_121319P203,131:200.2649,131:199.76,179:201.23:15155921:4.37:60,193:200.96:10128652:4.26:22,215:201.54:14695374:3.86:53,214:201.59:15792836:3.93:100,233:201.43:16903669:3.81:122,287:202.91:18151654:2.95:126,267:203.07:18408797:2.69:43,332:202.07:32364255:3.07:1005,562:0:0:3.29:512,[1056:201.83:17186554:3.01:49
QQQ_121319P204,40:200.2649,190:199.76,219:201.23:15155921:4.68:50,267:200.96:10128652:4.68:0,267:201.54:14695374:4.55:80,317:201.59:15792836:4.57:108,321:201.43:16903669:4.23:129,372:202.91:18151654:3.46:10,382:203.07:18408797:2.91:117,538:202.07:32364255:3.49:244,453:0:0:3.74:103,[497:201.83:17186554:3.47:307
QQQ_121319P205,40:200.2649,40:199.76,42:201.23:15155921:5.35:0,42:200.96:10128652:5.33:2,42:201.54:14695374:4.85:110,152:201.59:15792836:5.07:42,188:201.43:16903669:4.82:250,353:202.91:18151654:4.06:101,354:203.07:18408797:3.44:106,516:202.07:32364255:4.09:47,503:0:0:4.59:45,[536:201.83:17186554:4.25:587
QQQ_121319P206,2:200.2649,2:199.76,100:201.23:15155921:5.94:0,100:200.96:10128652:5.94:0,100:201.54:14695374:5.24:2,98:201.59:15792836:5.74:60,158:201.43:16903669:5.74:0,158:202.91:18151654:4.5:75,200:203.07:18408797:4.24:120,244:202.07:32364255:5.04:80,U:0:0:U:U,[255:201.83:17186554:5.04:0
QQQ_121319P207,0:200.2649,10:199.76,14:201.23:15155921:7.18:60,74:200.96:10128652:7.18:0,74:201.54:14695374:6.08:9,83:201.59:15792836:6.08:0,83:201.43:16903669:6.63:5,88:202.91:18151654:5.14:45,102:203.07:18408797:5.14:0,U:202.07:32364255:U:U,U:0:0:U:U,[138:201.83:17186554:5.64:24
QQQ_121319P207.5,0:200.2649,0:199.76,1:201.23:15155921:8.62:0,1:200.96:10128652:8.62:0,1:201.54:14695374:8.62:0,1:201.59:15792836:8.62:0,1:201.43:16903669:8.62:0,1:202.91:18151654:8.62:0,1:203.07:18408797:8.62:0,1:202.07:32364255:4.82:1,1:0:0:6.48:30,[31:201.83:17186554:5.99:30
QQQ_121319P208,0:200.2649,0:199.76,1:201.23:15155921:7.8:0,1:200.96:10128652:7.8:0,1:201.54:14695374:6.78:10,11:201.59:15792836:6.78:0,11:201.43:16903669:7.95:1,11:202.91:18151654:5.94:1,11:203.07:18408797:5.94:0,61:202.07:32364255:5.27:0,U:0:0:U:U,[61:201.83:17186554:5.27:0
QQQ_122019P191,8112:200.2649,8338:199.76,8453:201.23:15155921:1.34:44,8460:200.96:10128652:1.3:253,8596:201.54:14695374:1.18:147,8633:201.59:15792836:1.2:521,8772:201.43:16903669:1.12:699,9447:202.91:18151654:0.83:984,10150:203.07:18408797:0.72:161,10744:202.07:32364255:0.82:388,10592:0:0:0.88:592,10369:201.83:17186554:0.77:641
QQQ_122019P192,11356:200.2649,17867:199.76,20994:201.23:15155921:1.47:376,21108:200.96:10128652:1.43:276,21237:201.54:14695374:1.3:436,21298:201.59:15792836:1.38:437,21359:201.43:16903669:1.26:347,21409:202.91:18151654:0.91:1680,U:203.07:18408797::,21485:202.07:32364255:1.03:610,21402:0:0:1.06:8101,29237:201.83:17186554:0.92:437
QQQ_122019P193,32244:200.2649,31027:199.76,31367:201.23:15155921:1.6:295,31489:200.96:10128652:1.61:336,31287:201.54:14695374:1.45:1195,31546:201.59:15792836:1.48:137,31557:201.43:16903669:1.39:1353,31415:202.91:18151654:1.01:652,31641:203.07:18408797:0.9:1841,34002:202.07:32364255:1.03:627,33730:0:0:1.1:349,33716:201.83:17186554:1.04:148
QQQ_122019P194,17857:200.2649,17831:199.76,17983:201.23:15155921:1.81:276,17966:200.96:10128652:1.79:762,17849:201.54:14695374:1.58:802,17807:201.59:15792836:1.65:946,17902:201.43:16903669:1.52:531,17885:202.91:18151654:1.15:14008,U:203.07:18408797::,26656:202.07:32364255:1.19:2966,25817:0:0:1.24:3815,27507:201.83:17186554:1.17:2508
QQQ_122019P195,14811:200.2649,15746:199.76,16035:201.23:15155921:1.95:448,16112:200.96:10128652:1.97:2234,16348:201.54:14695374:1.77:5886,18740:201.59:15792836:1.84:7107,23493:201.43:16903669:1.69:8891,31384:202.91:18151654:1.26:9825,U:203.07:18408797:.9:,41598:202.07:32364255:1.31:16439,48686:0:0:1.43:7583,50538:201.83:17186554:1.28:2290
QQQ_122019P196,6604:200.2649,6545:199.76,5807:201.23:15155921:2.18:249,5695:200.96:10128652:2.16:1005,5838:201.54:14695374:1.97:1462,7086:201.59:15792836:2.04:363,7304:201.43:16903669:1.9:509,7244:202.91:18151654:1.43:407,7285:203.07:18408797:1.29:8569,15879:202.07:32364255:1.48:1672,16656:0:0:1.56:110,[16642:201.83:17186554:1.44:548
QQQ_122019P197,14454:200.2649,14785:199.76,14980:201.23:15155921:2.46:344,15231:200.96:10128652:2.47:484,15180:201.54:14695374:2.23:319,15317:201.59:15792836:2.33:492,15420:201.43:16903669:2.11:4552,18190:202.91:18151654:1.61:3472,U:203.07:18408797::,21721:202.07:32364255:1.83:4843,23370:0:0:1.78:4464,[27144:201.83:17186554:1.63:1334
QQQ_122019P198,6004:200.2649,6621:199.76,5675:201.23:15155921:2.69:161,5639:200.96:10128652:2.75:151,5629:201.54:14695374:2.45:299,5786:201.59:15792836:2.61:3886,8704:201.43:16903669:2.39:6257,13444:202.91:18151654:1.8:4523,17015:203.07:18408797:1.62:1250,18154:202.07:32364255:1.88:9330,23101:0:0:2.01:491,[23269:201.83:17186554:1.84:4363
QQQ_122019P199,2564:200.2649,2887:199.76,3717:201.23:15155921:2.95:358,3928:200.96:10128652:3.06:231,3934:201.54:14695374:2.95:253,3932:201.59:15792836:2.85:538,3903:201.43:16903669:2.64:1138,4480:202.91:18151654:2.05:675,4599:203.07:18408797:1.89:659,6264:202.07:32364255:2.14:1934,6749:0:0:2.36:313,[6740:201.83:17186554:2.1:2423
QQQ_122019P200,4317:200.2649,14970:199.76,21644:201.23:15155921:3.3:12403,32178:200.96:10128652:3.37:3116,33703:201.54:14695374:3.07:1287,33754:201.59:15792836:3.07:5171,33816:201.43:16903669:2.96:7028,36426:202.91:18151654:2.3:2894,36347:203.07:18408797:2.1:7994,37040:202.07:32364255:2.39:11919,45444:0:0:2.6:2657,[45446:201.83:17186554:2.36:2406
QQQ_122019P201,1105:200.2649,2251:199.76,3143:201.23:15155921:3.65:1332,3526:200.96:10128652:3.7:1347,3853:201.54:14695374:3.42:873,4325:201.59:15792836:3.6:2067,4901:201.43:16903669:3.3:2493,6205:202.91:18151654:2.6:2928,7135:203.07:18408797:2.39:1868,8728:202.07:32364255:2.7:1227,8500:0:0:2.91:682,[8733:201.83:17186554:2.7:1484
QQQ_122019P202,1179:200.2649,1436:199.76,2526:201.23:15155921:4.1:1695,2704:200.96:10128652:4.13:1190,2473:201.54:14695374:3.8:3961,3583:201.59:15792836:3.82:2156,3752:201.43:16903669:3.74:1872,4602:202.91:18151654:2.94:6476,9252:203.07:18408797:2.72:10083,U:202.07:32364255:U:U,U:0:0:U:U,[18741:201.83:17186554:3.02:3137
QQQ_122019P203,621:200.2649,1129:199.76,1153:201.23:15155921:4.54:243,1166:200.96:10128652:4.62:200,1244:201.54:14695374:4.26:350,1255:201.59:15792836:4.39:363,1425:201.43:16903669:4.2:1969,2040:202.91:18151654:3.31:1822,2807:203.07:18408797:3.13:2266,U:202.07:32364255:U:U,U:0:0:U:U,[6550:201.83:17186554:3.45:378
QQQ_122019P204,589:200.2649,647:199.76,762:201.23:15155921:5.08:141,776:200.96:10128652:5.14:24,783:201.54:14695374:4.99:180,857:201.59:15792836:4.8:1421,915:201.43:16903669:4.72:230,984:202.91:18151654:3.77:428,1026:203.07:18408797:3.6:545,U:202.07:32364255:U:U,U:0:0:U:U,[2737:201.83:17186554:3.95:255
QQQ_122019P205,1196:200.2649,1580:199.76,2078:201.23:15155921:5.75:364,2380:200.96:10128652:5.81:48,2442:201.54:14695374:5.32:1241,3461:201.59:15792836:5.43:2415,4563:201.43:16903669:5.25:150,4516:202.91:18151654:4.25:439,4598:203.07:18408797:3.96:787,5305:202.07:32364255:4.51:3294,6550:0:0:4.75:420,[6819:201.83:17186554:4.5:539
QQQ_122019P206,291:200.2649,533:199.76,622:201.23:15155921:6.8:83,595:200.96:10128652:6.6:4,595:201.54:14695374:5.71:12,603:201.59:15792836:5.94:31,624:201.43:16903669:5.8:33,654:202.91:18151654:5.1:7,650:203.07:18408797:4.52:105,905:202.07:32364255:5.02:161,864:0:0:5.36:15,[861:201.83:17186554:5.24:264
QQQ_122019P207,484:200.2649,548:199.76,590:201.23:15155921:7.46:23,599:200.96:10128652:7.46:0,599:201.54:14695374:6.85:72,651:201.59:15792836:6.79:134,773:201.43:16903669:6.72:11,764:202.91:18151654:5.54:10,771:203.07:18408797:5.1:52,810:202.07:32364255:6.01:209,877:0:0:6.08:36,[885:201.83:17186554:5.88:18
QQQ_122019P208,219:200.2649,468:199.76,562:201.23:15155921:8.67:2,562:200.96:10128652:8.36:2,562:201.54:14695374:7.07:41,599:201.59:15792836:7.23:5,603:201.43:16903669:7.25:3,606:202.91:18151654:6.24:164,643:203.07:18408797:5.81:24,869:202.07:32364255:6.5:146,921:0:0:7.03:2,[919:201.83:17186554:7.03:0
QQQ_122019P209,59:200.2649,367:199.76,397:201.23:15155921:9.42:0,397:200.96:10128652:8.47:1,397:201.54:14695374:7.54:10,407:201.59:15792836:7.54:0,407:201.43:16903669:7.54:0,407:202.91:18151654:6.99:11,397:203.07:18408797:6.91:24,383:202.07:32364255:7.58:34,385:0:0:7.58:0,[385:201.83:17186554:7.58:0
QQQ_122019P210,224:200.2649,418:199.76,475:201.23:15155921:9.13:63,490:200.96:10128652:9.56:14,501:201.54:14695374:9.13:17,518:201.59:15792836:9.1:10,523:201.43:16903669:8.8:522,1001:202.91:18151654:7.69:284,1141:203.07:18408797:7.15:28,1369:202.07:32364255:8.16:258,1217:0:0:8.98:14,1207:201.83:17186554:8.3:116
QQQ_123119P191,1934:200.2649,1987:199.76,1987:201.23:15155921:1.81:350,2186:200.96:10128652:1.73:105,2229:201.54:14695374:1.58:53,2237:201.59:15792836:1.55:5,2238:201.43:16903669:1.64:3,2239:202.91:18151654:1.23:10,U:203.07:18408797::,U:202.07:32364255:U:U,2275:0:0:1.33:10,2285:201.83:17186554:1.33:10
QQQ_123119P192,1725:200.2649,1738:199.76,1742:201.23:15155921:2.04:2,1743:200.96:10128652:2.04:0,1743:201.54:14695374:1.73:50,1776:201.59:15792836:1.89:2,1778:201.43:16903669:1.83:104,1864:202.91:18151654:1.34:37,U:203.07:18408797::,1820:202.07:32364255:1.37:149,U:0:0:U:U,[1833:201.83:17186554:1.35:553
QQQ_123119P193,4215:200.2649,4341:199.76,4343:201.23:15155921:2.14:0,4343:200.96:10128652:2.14:0,4343:201.54:14695374:1.96:23,4349:201.59:15792836:2.05:32,4372:201.43:16903669:2.07:2,4374:202.91:18151654:1.46:133,U:203.07:18408797::,4509:202.07:32364255:1.54:122,4519:0:0:1.55:93,[4553:201.83:17186554:1.54:273
QQQ_123119P194,700:200.2649,743:199.76,774:201.23:15155921:2.63:0,774:200.96:10128652:2.37:6,774:201.54:14695374:2.24:23,781:201.59:15792836:2.04:4,783:201.43:16903669:2.25:4,787:202.91:18151654:1.66:23,804:203.07:18408797:1.4:6,820:202.07:32364255:1.7:548,1165:0:0:1.71:409,[1569:201.83:17186554:1.65:10
QQQ_123119P195,1645:200.2649,1665:199.76,1760:201.23:15155921:2.53:28,1787:200.96:10128652:2.53:134,1833:201.54:14695374:2.4:1557,2876:201.59:15792836:2.4:39,2878:201.43:16903669:2.26:63,2878:202.91:18151654:1.8:345,2827:203.07:18408797:1.61:168,3135:202.07:32364255:1.82:120,3176:0:0:1.95:159,[3128:201.83:17186554:1.83:76
QQQ_123119P196,2155:200.2649,2162:199.76,2251:201.23:15155921:2.97:22,2254:200.96:10128652:2.81:1956,4004:201.54:14695374:2.5:16,4005:201.59:15792836:2.5:0,4005:201.43:16903669:2.65:121,4088:202.91:18151654:1.98:188,4219:203.07:18408797:1.75:5,4224:202.07:32364255:2.17:30,U:0:0:U:U,[4246:201.83:17186554:2.0:40
QQQ_123119P197,1515:200.2649,1521:199.76,1522:201.23:15155921:3.33:0,1522:200.96:10128652:3.33:0,1522:201.54:14695374:2.83:98,1582:201.59:15792836:2.71:5,1581:201.43:16903669:2.86:255,1697:202.91:18151654:2.18:8,1698:203.07:18408797:1.97:3,4308:202.07:32364255:2.4:142,10569:0:0:2.36:124,[10525:201.83:17186554:2.24:52
QQQ_123119P198,2040:200.2649,2044:199.76,2196:201.23:15155921:3.37:2046,1216:200.96:10128652:3.29:431,1604:201.54:14695374:3.12:27,1610:201.59:15792836:3.07:1641,3224:201.43:16903669:3.0:2018,3040:202.91:18151654:2.35:32,3065:203.07:18408797:2.15:5,3111:202.07:32364255:2.49:424,3456:0:0:2.66:19,[3445:201.83:17186554:2.55:518
QQQ_123119P199,240:200.2649,296:199.76,383:201.23:15155921:3.6:2,384:200.96:10128652:3.68:28,393:201.54:14695374:3.51:76,418:201.59:15792836:3.69:62,438:201.43:16903669:3.66:9,440:202.91:18151654:2.65:94,487:203.07:18408797:2.47:102,U:202.07:32364255:U:U,1438:0:0:3.04:121,[1360:201.83:17186554:2.8:13
QQQ_123119P200,652:200.2649,820:199.76,838:201.23:15155921:3.92:51,852:200.96:10128652:4.01:60,837:201.54:14695374:3.7:111,850:201.59:15792836:3.8:48,857:201.43:16903669:3.6:63,863:202.91:18151654:2.91:250,1023:203.07:18408797:2.71:84,1210:202.07:32364255:3.0:508,U:0:0:.6:U,[1598:201.83:17186554:3.21:33
QQQ_123119P201,493:200.2649,764:199.76,799:201.23:15155921:4.35:222,826:200.96:10128652:4.72:6,825:201.54:14695374:4.16:1073,1722:201.59:15792836:4.18:82,1770:201.43:16903669:4.04:116,1804:202.91:18151654:3.32:72,1816:203.07:18408797:3.03:9,1823:202.07:32364255:3.53:243,1864:0:0:3.7:40,[1859:201.83:17186554:3.54:85
QQQ_123119P202,427:200.2649,423:199.76,505:201.23:15155921:4.87:424,908:200.96:10128652:4.83:10,908:201.54:14695374:4.51:150,910:201.59:15792836:4.57:81,901:201.43:16903669:4.62:11,900:202.91:18151654:3.6:150,931:203.07:18408797:3.42:125,940:202.07:32364255:3.74:471,705:0:0:4.07:154,[767:201.83:17186554:4.05:75
QQQ_123119P203,134:200.2649,154:199.76,154:201.23:15155921:5.36:31,171:200.96:10128652:5.79:5,172:201.54:14695374:5.05:49,171:201.59:15792836:4.95:1,171:201.43:16903669:4.9:1,172:202.91:18151654:4.11:531,643:203.07:18408797:3.75:1750,1029:202.07:32364255:4.36:1473,U:201.7:17883581:7.97:2:0:0:.9:U,[2011:201.83:17186554:4.36:74
QQQ_123119P204,152:200.2649,152:199.76,153:201.23:15155921:6.11:134,274:200.96:10128652:6.11:0,274:201.54:14695374:5.52:38,280:201.59:15792836:5.76:7,279:201.43:16903669:5.64:14,281:202.91:18151654:4.51:28,295:203.07:18408797:4.01:99,371:202.07:32364255:4.84:347,231:0:0:4.86:69,[228:201.83:17186554:4.92:300
QQQ_123119P205,420:200.2649,426:199.76,421:201.23:15155921:6.42:0,421:200.96:10128652:6.42:0,421:201.54:14695374:5.99:25,431:201.59:15792836:5.9:13,431:201.43:16903669:5.97:33,428:202.91:18151654:5.11:24,431:203.07:18408797:4.71:26,452:202.07:32364255:5.17:77,448:0:0:5.3:1,[448:201.83:17186554:5.32:17
QQQ_123119P206,68:200.2649,74:199.76,76:201.23:15155921:6.94:0,76:200.96:10128652:6.94:0,76:201.54:14695374:6.15:10,86:201.59:15792836:7.07:10,81:201.43:16903669:6.81:7,86:202.91:18151654:5.6:24,99:203.07:18408797:5.28:17,170:202.07:32364255:5.7:55,150:0:0:6.34:12,[145:201.83:17186554:5.92:56
QQQ_123119P207,26:200.2649,37:199.76,82:201.23:15155921:8.19:10,77:200.96:10128652:7.73:2,79:201.54:14695374:7.73:0,79:201.59:15792836:7.12:1,78:201.43:16903669:8.05:6,83:202.91:18151654:6.2:2,85:203.07:18408797:5.76:5,124:202.07:32364255:6.43:57,U:0:0:U:U,[129:201.83:17186554:6.73:20
QQQ_123119P208,50:200.2649,79:199.76,79:201.23:15155921:9.21:0,79:200.96:10128652:9.21:0,79:201.54:14695374:9.21:0,79:201.59:15792836:9.21:0,79:201.43:16903669:9.21:0,79:202.91:18151654:9.21:0,79:203.07:18408797:9.21:0,151:202.07:32364255:6.53:32,151:0:0:7.54:10,[151:201.83:17186554:7.54:0
QQQ_123119P209,127:200.2649,129:199.76,129:201.23:15155921:9.75:1,129:200.96:10128652:9.75:0,129:201.54:14695374:9.75:0,129:201.59:15792836:9.75:0,129:201.43:16903669:9.75:0,129:202.91:18151654:9.75:0,129:203.07:18408797:9.75:0,139:202.07:32364255:6.93:0,U:0:0:U:U,[139:201.83:17186554:6.93:0
QQQ_123119P210,15:200.2649,19:199.76,29:201.23:15155921:10.48:15,24:200.96:10128652:10.48:0,24:201.54:14695374:10.48:0,24:201.59:15792836:10.48:0,24:201.43:16903669:10.48:0,24:202.91:18151654:8.34:2,24:203.07:18408797:7.75:1,25:202.07:32364255:9.31:1,U:0:0:U:U,[25:201.83:17186554:8.84:30
QQQ_112219P192,U,5445:199.76,5546:201.23:15155921:0.28:1378,5872:200.96:10128652:0.23:66,5866:201.54:14695374:0.2:159,5874:201.59:15792836:0.2:3284,6385:201.43:16903669:0.15:72,6415:202.91:18151654:0.05:269,U:203.07:18408797::,5645:202.07:32364255:0.03:22,5646:0:0:0.01:16,5633:201.83:17186554:0.01:1
QQQ_112919P193,U,824:199.76,921:201.23:15155921:0.55:155,913:200.96:10128652:0.53:31,923:201.54:14695374:0.46:212,993:201.59:15792836:0.42:19,991:201.43:16903669:0.54:46,977:202.91:18151654:0.23:254,U:203.07:18408797::,1085:202.07:32364255:0.2:100,1118:0:0:0.12:10,1120:201.83:17186554:0.05:2018
QQQ_120619P194.5,U,168:199.76,181:201.23:15155921:1.35:2,180:200.96:10128652:1.12:17,180:201.54:14695374:1.12:0,180:201.59:15792836:0.98:41,216:201.43:16903669:0.98:0,216:202.91:18151654:0.75:2,U:203.07:18408797::,211:202.07:32364255:0.79:56,206:0:0:0.6:2,207:201.83:17186554:0.54:102
QQQ_121319P195,U,250:199.76,291:201.23:15155921:1.65:59,313:200.96:10128652:1.62:10360,10468:201.54:14695374:1.49:126,10500:201.59:15792836:1.45:24,10520:201.43:16903669:1.5:672,10532:202.91:18151654:0.95:10045,U:203.07:18408797::,6790:202.07:32364255:0.97:295,U:0:0:U:U,6658:201.83:17186554:0.88:639
QQQ_122019P190,U,29018:199.76,30339:201.23:15155921:1.18:5828,34666:200.96:10128652:1.17:1343,35582:201.54:14695374:1.04:2226,36644:201.59:15792836:1.1:1695,36907:201.43:16903669:1.01:5310,39086:202.91:18151654:0.73:951,39006:203.07:18408797:0.64:1182,38713:202.07:32364255:0.73:3827,U:0:0:U:U,39729:201.83:17186554:0.69:5693
QQQ_123119P190,U,2592:199.76,3119:201.23:15155921:1.6:123,3108:200.96:10128652:1.59:268,3104:201.54:14695374:1.45:146,3122:201.59:15792836:1.53:313,3178:201.43:16903669:1.42:2056,4563:202.91:18151654:1.09:144,4826:203.07:18408797:0.95:81,4867:202.07:32364255:1.1:541,4955:0:0:1.19:14,4962:201.83:17186554:1.13:100
QQQ_112219P196.5,U,U,0:201.23:15155921:0.68:20,20:200.96:10128652:0.66:47,61:201.54:14695374:0.61:157,176:201.59:15792836:0.52:29,195:201.43:16903669:0.48:46,228:202.91:18151654:0.18:120,U:203.07:18408797::,325:202.07:32364255:0.09:105,312:0:0:0.02:1437,[1640:201.83:17186554:0.01:12
QQQ_112219P198.5,U,U,0:201.23:15155921:1.02:97,95:200.96:10128652:1.06:69,110:201.54:14695374:0.86:838,723:201.59:15792836:0.98:725,928:201.43:16903669:0.7:2743,1341:202.91:18151654:0.3:2628,2813:203.07:18408797:0.17:924,U:202.07:32364255:U:U,3015:0:0:0.05:187,[3034:201.83:17186554:0.01:1980
QQQ_112219P199.5,U,U,0:201.23:15155921:1.27:159,130:200.96:10128652:1.37:124,204:201.54:14695374:1.1:1719,1471:201.59:15792836:1.05:739,1708:201.43:16903669:0.96:444,1885:202.91:18151654:0.42:933,2354:203.07:18408797:0.28:4890,4644:202.07:32364255:0.25:3277,6768:0:0:0.11:4750,[8325:201.83:17186554:0.01:1060
QQQ_112219P209,U,U,2:201.23:15155921:7.78:0,2:200.96:10128652:7.78:0,2:201.54:14695374:7.78:0,0:201.59:15792836:7.78:0,0:201.43:16903669:7.78:0,0:202.91:18151654:7.78:0,0:203.07:18408797:7.78:0,4:202.07:32364255:5.57:8,0:0:0:5.57:0,[0:201.83:17186554:5.57:0
QQQ_112919P209,U,U,0:201.23:15155921:0.0:0,0:200.96:10128652:0.0:0,0:201.54:14695374:0.0:0,0:201.59:15792836:0.0:0,0:201.43:16903669:8.02:3,3:202.91:18151654:8.02:0,3:203.07:18408797:8.02:0,4:202.07:32364255:5.59:0,U:0:0:U:U,[5:201.83:17186554:7.5:0
QQQ_120619P209,U,U,8:201.23:15155921:8.27:0,8:200.96:10128652:8.27:0,8:201.54:14695374:8.27:0,8:201.59:15792836:7.76:1,9:201.43:16903669:8.68:3,11:202.91:18151654:8.68:0,11:203.07:18408797:8.68:0,11:202.07:32364255:5.72:0,11:0:0:5.72:0,[11:201.83:17186554:5.72:0
QQQ_121319P209,U,U,7:201.23:15155921:8.44:0,7:200.96:10128652:8.44:0,7:201.54:14695374:8.44:0,7:201.59:15792836:8.44:0,7:201.43:16903669:8.44:0,7:202.91:18151654:8.44:0,7:203.07:18408797:8.44:0,7:202.07:32364255:8.44:0,7:0:0:8.44:0,[7:201.83:17186554:8.44:0
QQQ_122019P211,U,U,31:201.23:15155921:10.16:0,31:200.96:10128652:10.22:3,32:201.54:14695374:10.22:0,32:201.59:15792836:10.18:101,55:201.43:16903669:10.37:11,58:202.91:18151654:9.1:8,58:203.07:18408797:9.1:0,48:202.07:32364255:7.8:0,48:0:0:7.8:0,48:201.83:17186554:7.8:0
QQQ_122719P196,U,U,1:201.23:15155921:2.67:0,1:200.96:10128652:2.62:15,15:201.54:14695374:2.62:0,15:201.59:15792836:2.56:12,23:201.43:16903669:2.3:23,44:202.91:18151654:1.77:34,73:203.07:18408797:1.64:10,85:202.07:32364255:1.83:107,124:0:0:1.83:0,[124:201.83:17186554:1.86:10
QQQ_122719P196.5,U,U,2:201.23:15155921:2.71:0,2:200.96:10128652:2.71:0,2:201.54:14695374:2.71:0,2:201.59:15792836:2.71:0,2:201.43:16903669:2.71:0,2:202.91:18151654:2.71:0,U:203.07:18408797::,U:202.07:32364255:U:U,20:0:0:1.6:0,[20:201.83:17186554:2.0:15
QQQ_122719P197,U,U,1:201.23:15155921:3.14:1,2:200.96:10128652:2.88:1,3:201.54:14695374:2.52:11,13:201.59:15792836:2.66:4,15:201.43:16903669:2.66:0,15:202.91:18151654:2.1:13,27:203.07:18408797:1.9:3,39:202.07:32364255:2.49:31,59:0:0:2.49:0,[59:201.83:17186554:2.17:588
QQQ_122719P197.5,U,U,0:201.23:15155921:0.0:0,0:200.96:10128652:3.02:1,1:201.54:14695374:3.02:0,1:201.59:15792836:2.66:6,5:201.43:16903669:2.79:15,14:202.91:18151654:2.14:14,22:203.07:18408797:1.89:3,24:202.07:32364255:2.53:2,24:0:0:2.53:0,[24:201.83:17186554:2.42:1
QQQ_122719P198,U,U,23:201.23:15155921:3.43:1,24:200.96:10128652:3.43:0,24:201.54:14695374:2.98:3,26:201.59:15792836:3.14:2,28:201.43:16903669:2.9:4,29:202.91:18151654:2.31:27,34:203.07:18408797:2.12:123,264:202.07:32364255:2.55:79,294:0:0:2.57:11,[304:201.83:17186554:2.38:797
QQQ_122719P198.5,U,U,0:201.23:15155921:0.0:0,0:200.96:10128652:3.43:1,1:201.54:14695374:3.43:0,1:201.59:15792836:3.43:0,1:201.43:16903669:3.43:0,1:202.91:18151654:3.43:0,1:203.07:18408797:2.42:2,3:202.07:32364255:2.71:2,3:0:0:2.71:0,[3:201.83:17186554:2.53:577
QQQ_122719P199,U,U,2:201.23:15155921:3.75:3,2:200.96:10128652:3.66:1,3:201.54:14695374:3.66:0,3:201.59:15792836:3.17:1,4:201.43:16903669:3.27:20,23:202.91:18151654:2.49:28,38:203.07:18408797:2.15:50,155:202.07:32364255:2.55:43,186:0:0:2.74:40,[182:201.83:17186554:2.56:693
QQQ_122719P199.5,U,U,43:201.23:15155921:3.6:0,43:200.96:10128652:3.68:2,45:201.54:14695374:3.23:1,45:201.59:15792836:3.23:0,45:201.43:16903669:3.23:0,45:202.91:18151654:3.23:0,45:203.07:18408797:2.87:1,46:202.07:32364255:2.87:0,46:0:0:2.87:0,[46:201.83:17186554:2.88:31
QQQ_122719P200,U,U,4:201.23:15155921:4.06:8,12:200.96:10128652:3.87:24,33:201.54:14695374:3.6:11,35:201.59:15792836:3.8:38,63:201.43:16903669:3.48:11,72:202.91:18151654:2.8:4,74:203.07:18408797:2.53:24,114:202.07:32364255:3.03:237,193:0:0:2.96:130,[286:201.83:17186554:2.85:61
QQQ_122719P201,U,U,7:201.23:15155921:4.13:21,27:200.96:10128652:4.3:28,30:201.54:14695374:4.04:20,43:201.59:15792836:4.04:170,89:201.43:16903669:3.82:193,139:202.91:18151654:3.14:35,147:203.07:18408797:2.74:24,157:202.07:32364255:3.24:41,177:0:0:3.56:74,[218:201.83:17186554:3.16:131
QQQ_122719P202,U,U,0:201.23:15155921:0.0:0,0:200.96:10128652:0.0:0,0:201.54:14695374:4.56:47,21:201.59:15792836:4.25:4,25:201.43:16903669:4.25:0,25:202.91:18151654:3.57:37,51:203.07:18408797:3.22:15,105:202.07:32364255:3.75:108,205:0:0:3.86:38,[230:201.83:17186554:3.6:78
QQQ_122719P202.5,U,U,27:201.23:15155921:4.76:0,27:200.96:10128652:4.76:0,27:201.54:14695374:4.76:0,27:201.59:15792836:4.45:1,28:201.43:16903669:4.45:0,28:202.91:18151654:3.74:60,75:203.07:18408797:3.31:21,111:202.07:32364255:3.96:88,U:0:0:U:U,[188:201.83:17186554:3.88:4
QQQ_122719P203,U,U,0:201.23:15155921:5.04:1,1:200.96:10128652:5.04:0,1:201.54:14695374:4.51:9,10:201.59:15792836:5.15:9,11:201.43:16903669:5.15:0,11:202.91:18151654:3.94:254,261:203.07:18408797:3.59:53,784:202.07:32364255:4.06:444,946:0:0:4.11:22,[944:201.83:17186554:3.96:382
QQQ_122719P204,U,U,0:201.23:15155921:0.0:0,0:200.96:10128652:5.94:35,35:201.54:14695374:5.94:0,35:201.59:15792836:5.29:1,36:201.43:16903669:5.29:0,36:202.91:18151654:4.4:218,254:203.07:18408797:3.96:1,307:202.07:32364255:4.48:242,416:0:0:4.63:1,[416:201.83:17186554:4.61:4
QQQ_122719P205,U,U,0:201.23:15155921:0.0:0,0:200.96:10128652:0.0:0,0:201.54:14695374:5.61:4,4:201.59:15792836:5.74:4,8:201.43:16903669:5.97:55,59:202.91:18151654:4.94:5,60:203.07:18408797:5.04:5,U:202.07:32364255:U:U,U:0:0:U:U,[685:201.83:17186554:5.2:7
QQQ_122719P206,U,U,0:201.23:15155921:0.0:0,0:200.96:10128652:6.97:1,1:201.54:14695374:6.97:0,1:201.59:15792836:6.97:0,1:201.43:16903669:6.58:22,23:202.91:18151654:6.58:0,23:203.07:18408797:6.58:0,46:202.07:32364255:5.83:6,U:0:0:U:U,[45:201.83:17186554:5.94:2
QQQ_122719P207,U,U,0:201.23:15155921:0.0:0,0:200.96:10128652:8.25:10,10:201.54:14695374:6.63:26,21:201.59:15792836:6.63:0,21:201.43:16903669:6.63:0,21:202.91:18151654:6.63:0,21:203.07:18408797:6.63:0,24:202.07:32364255:5.73:56,66:0:0:6.43:1,[66:201.83:17186554:6.58:2
QQQ_122719P207.5,U,U,0:201.23:15155921:0.0:0,0:200.96:10128652:0.0:0,0:201.54:14695374:0.0:0,0:201.59:15792836:0.0:0,0:201.43:16903669:0.0:0,0:202.91:18151654:0.0:0,0:203.07:18408797:0.0:0,0:202.07:32364255:6.04:29,29:0:0:6.04:0,[29:201.83:17186554:6.04:0
QQQ_122719P208,U,U,0:201.23:15155921:8.24:1,1:200.96:10128652:8.92:1,0:201.54:14695374:8.92:0,0:201.59:15792836:7.89:1,1:201.43:16903669:7.89:0,1:202.91:18151654:7.89:0,1:203.07:18408797:7.89:0,1:202.07:32364255:6.47:122,U:0:0:U:U,[123:201.83:17186554:6.47:0
QQQ_122719P209,U,U,0:201.23:15155921:0.0:0,0:200.96:10128652:0.0:0,0:201.54:14695374:8.46:1,1:201.59:15792836:8.89:1,0:201.43:16903669:8.89:0,0:202.91:18151654:8.89:0,0:203.07:18408797:8.89:0,4:202.07:32364255:6.69:0,4:0:0:6.69:0,[4:201.83:17186554:6.69:0
QQQ_123119P211,U,U,0:201.23:15155921:0.0:0,0:200.96:10128652:0.0:0,0:201.54:14695374:0.0:0,0:201.59:15792836:0.0:0,0:201.43:16903669:0.0:0,0:202.91:18151654:9.26:4,4:203.07:18408797:8.49:1,4:202.07:32364255:10.08:1,U:0:0:U:U,[4:201.83:17186554:10.08:0
QQQ_112219P195.5,U,U,U,15:200.96:10128652:0.5:15,18:201.54:14695374:0.41:34,47:201.59:15792836:0.41:3569,3480:201.43:16903669:0.33:231,3557:202.91:18151654:0.12:14654,U:203.07:18408797::,18232:202.07:32364255:0.06:38,18241:0:0:0.01:2189,16660:201.83:17186554:0.01:1550
QQQ_122719P195.5,U,U,U,1:200.96:10128652:2.55:0,1:201.54:14695374:2.55:0,1:201.59:15792836:2.31:1,2:201.43:16903669:2.31:0,2:202.91:18151654:1.7:3,U:203.07:18408797::,4:202.07:32364255:1.91:92,96:0:0:1.91:0,96:201.83:17186554:1.91:0
QQQ_011720P192,U,U,U,U,U,U,9572:201.43:16903669:2.44:29,9572:202.91:18151654:1.97:113,9558:203.07:18408797:1.86:119,U:202.07:32364255:U:U,9338:0:0:2.27:334,[9330:201.83:17186554:2.11:578
QQQ_011720P193,U,U,U,U,U,U,4293:201.43:16903669:2.93:12,4291:202.91:18151654:2.12:2096,6052:203.07:18408797:1.94:3065,8620:202.07:32364255:2.32:276,8586:0:0:2.38:381,[8422:201.83:17186554:2.37:760
QQQ_011720P194,U,U,U,U,U,U,3417:201.43:16903669:2.85:29,3432:202.91:18151654:2.42:549,3771:203.07:18408797:2.19:6117,8358:202.07:32364255:2.48:250,8349:0:0:2.63:99,[8346:201.83:17186554:2.55:504
QQQ_011720P195,U,U,U,U,U,U,31073:201.43:16903669:3.07:143,31095:202.91:18151654:2.5:4247,33884:203.07:18408797:2.4:3758,32734:202.07:32364255:2.7:4498,U:0:0:U:U,[37633:201.83:17186554:2.83:546
QQQ_011720P196,U,U,U,U,U,U,1859:201.43:16903669:3.33:95,1903:202.91:18151654:2.79:507,2297:203.07:18408797:2.58:49,2331:202.07:32364255:2.95:1002,2814:0:0:3.09:858,[3256:201.83:17186554:2.92:507
QQQ_011720P197,U,U,U,U,U,U,2011:201.43:16903669:3.69:97,1941:202.91:18151654:2.96:86,1936:203.07:18408797:2.82:109,2005:202.07:32364255:3.21:415,2134:0:0:3.3:6,[2135:201.83:17186554:3.29:4357
QQQ_011720P198,U,U,U,U,U,U,1775:201.43:16903669:3.85:76,1800:202.91:18151654:3.25:203,1832:203.07:18408797:3.05:296,1899:202.07:32364255:3.6:479,U:0:0:U:U,[2532:201.83:17186554:3.41:728
QQQ_011720P199,U,U,U,U,U,U,1383:201.43:16903669:4.19:1038,2121:202.91:18151654:3.51:366,2226:203.07:18408797:3.36:133,2179:202.07:32364255:3.75:431,2428:0:0:3.92:937,[3213:201.83:17186554:3.7:673
QQQ_011720P200,U,U,U,U,U,U,23958:201.43:16903669:4.5:2193,24487:202.91:18151654:3.82:3006,24942:203.07:18408797:3.6:421,27604:202.07:32364255:3.98:1223,27550:0:0:4.22:2053,[27350:201.83:17186554:4.07:3938
QQQ_011720P201,U,U,U,U,U,U,2714:201.43:16903669:4.93:700,3229:202.91:18151654:4.15:749,3336:203.07:18408797:3.93:823,3883:202.07:32364255:4.4:819,4349:0:0:4.61:761,[4656:201.83:17186554:4.37:3026
QQQ_011720P202,U,U,U,U,U,U,773:201.43:16903669:5.34:196,803:202.91:18151654:4.47:1886,2533:203.07:18408797:4.2:238,2858:202.07:32364255:4.69:2272,U:0:0:U:U,[6036:201.83:17186554:4.76:728
QQQ_011720P203,U,U,U,U,U,U,433:201.43:16903669:5.77:105,519:202.91:18151654:4.88:1485,1845:203.07:18408797:4.72:360,U:202.07:32364255:5.52:14:202.07:32364255:.5:U,U:0:0:U:U,[2983:201.83:17186554:5.27:129
QQQ_011720P204,U,U,U,U,U,U,531:201.43:16903669:6.24:15,527:202.91:18151654:5.38:22,537:203.07:18408797:5.07:579,U:202.07:32364255:U:U,1161:0:0:5.78:1101,[1340:201.83:17186554:5.62:428
QQQ_011720P205,U,U,U,U,U,U,1102:201.43:16903669:6.75:529,1223:202.91:18151654:5.81:1419,1769:203.07:18408797:5.51:1071,2403:202.07:32364255:6.06:1009,2449:0:0:6.48:111,[2413:201.83:17186554:6.15:894
QQQ_011720P206,U,U,U,U,U,U,609:201.43:16903669:7.42:96,625:202.91:18151654:6.53:47,633:203.07:18408797:6.02:22,886:202.07:32364255:7.06:219,804:0:0:6.75:32,[809:201.83:17186554:6.9:112
QQQ_011720P207,U,U,U,U,U,U,227:201.43:16903669:8.11:0,227:202.91:18151654:6.92:7,222:203.07:18408797:6.57:13,U:202.07:32364255:U:U,325:0:0:7.57:9,[334:201.83:17186554:7.3:26
QQQ_011720P208,U,U,U,U,U,U,92:201.43:16903669:8.65:0,92:202.91:18151654:8.65:0,92:203.07:18408797:7.16:725,369:202.07:32364255:8.63:195,539:0:0:8.4:250,[402:201.83:17186554:8.13:1
QQQ_011720P209,U,U,U,U,U,U,92:201.43:16903669:9.36:2,93:202.91:18151654:8.57:18,85:203.07:18408797:8.57:0,106:202.07:32364255:8.92:58,U:0:0:U:U,[122:201.83:17186554:8.58:1
QQQ_011720P210,U,U,U,U,U,U,3115:201.43:16903669:9.95:17,3116:202.91:18151654:8.77:282,3027:203.07:18408797:8.43:166,U:202.07:32364255:U:U,U:0:0:U:U,[3078:201.83:17186554:9.41:6
QQQ_011720P211,U,U,U,U,U,U,90:201.43:16903669:11.17:15,102:202.91:18151654:9.75:21,96:203.07:18408797:9.89:1,97:202.07:32364255:10.46:25,83:0:0:10.23:16,[83:201.83:17186554:10.15:1
QQQ_011720P212,U,U,U,U,U,U,U,243:202.91:18151654:10.51:36,246:203.07:18408797:10.31:1,247:202.07:32364255:10.31:0,U:0:0:U:U,248:201.83:17186554:11.11:0
QQQ_112219P210,U,U,U,U,U,U,U,0:202.91:18151654:7.75:1,1:203.07:18408797:7.31:1,2:202.07:32364255:8.43:23,22:0:0:8.43:0,22:201.83:17186554:8.07:1
QQQ_112219P211,U,U,U,U,U,U,U,1:202.91:18151654:10.88:0,1:203.07:18408797:10.88:0,17:202.07:32364255:8.14:16,6:0:0:8.14:0,6:201.83:17186554:9.5:23
QQQ_112919P210,U,U,U,U,U,U,U,4:202.91:18151654:9.38:0,4:203.07:18408797:9.38:0,5:202.07:32364255:8.23:22,12:0:0:8.05:4,13:201.83:17186554:8.03:2
QQQ_112919P211,U,U,U,U,U,U,U,0:202.91:18151654:0.0:0,0:203.07:18408797:8.1:20,10:202.07:32364255:8.64:10,U:0:0:U:U,0:201.83:17186554:8.64:0
QQQ_120619P210,U,U,U,U,U,U,U,11:202.91:18151654:8.61:0,11:203.07:18408797:8.61:0,28:202.07:32364255:8.24:41,3:0:0:8.3:1,3:201.83:17186554:8.28:2
QQQ_120619P211,U,U,U,U,U,U,U,0:202.91:18151654:8.72:2,0:203.07:18408797:8.72:0,0:202.07:32364255:8.72:0,U:0:0:U:U,0:201.83:17186554:9.47:38
QQQ_121319P210,U,U,U,U,U,U,U,0:202.91:18151654:7.64:15,15:203.07:18408797:7.64:0,15:202.07:32364255:9.33:3,18:0:0:9.33:0,18:201.83:17186554:8.46:15
QQQ_121319P211,U,U,U,U,U,U,U,11:202.91:18151654:9.93:0,11:203.07:18408797:9.93:0,11:202.07:32364255:9.93:0,U:0:0:U:U,11:201.83:17186554:9.93:0
QQQ_122019P212,U,U,U,U,U,U,U,230:202.91:18151654:9.85:2,230:203.07:18408797:8.88:7,237:202.07:32364255:10.31:36,239:0:0:10.31:0,239:201.83:17186554:10.7:16
QQQ_122719P210,U,U,U,U,U,U,U,3:202.91:18151654:8.62:10,13:203.07:18408797:8.62:0,14:202.07:32364255:7.85:0,14:0:0:7.85:0,14:201.83:17186554:7.85:0
QQQ_122719P211,U,U,U,U,U,U,U,0:202.91:18151654:9.08:1,1:203.07:18408797:9.08:0,1:202.07:32364255:9.08:0,1:0:0:9.08:0,1:201.83:17186554:9.08:0
QQQ_123119P212,U,U,U,U,U,U,U,24:202.91:18151654:14.16:0,24:203.07:18408797:14.16:0,24:202.07:32364255:9.94:9,33:0:0:9.94:0,33:201.83:17186554:9.94:0
QQQ_011720P213,U,U,U,U,U,U,U,U,142:203.07:18408797:10.68:3,143:202.07:32364255:10.59:1,144:0:0:12.0:10,144:201.83:17186554:12.0:0
QQQ_112219P212,U,U,U,U,U,U,U,U,11:203.07:18408797:9.77:0,11:202.07:32364255:9.77:0,1:0:0:9.77:0,1:201.83:17186554:10.53:1
QQQ_112919P198.5,U,U,U,U,U,U,U,U,0:203.07:18408797:0.5:125,392:202.07:32364255:0.56:1264,874:0:0:0.57:113,[866:201.83:17186554:0.28:3738
QQQ_112919P199.5,U,U,U,U,U,U,U,U,0:203.07:18408797:0.62:11,78:202.07:32364255:0.85:595,387:0:0:0.75:356,[563:201.83:17186554:0.45:1079
QQQ_112919P212,U,U,U,U,U,U,U,U,1:203.07:18408797:9.8:0,1:202.07:32364255:9.6:4,U:0:0:U:U,1:201.83:17186554:9.6:0
QQQ_120619P212,U,U,U,U,U,U,U,U,1:203.07:18408797:12.41:0,1:202.07:32364255:8.7:4,5:0:0:10.32:4,3:201.83:17186554:10.8:2
QQQ_121319P212,U,U,U,U,U,U,U,U,0:203.07:18408797:0.0:0,0:202.07:32364255:0.0:0,0:0:0:0.0:0,0:201.83:17186554:0.0:0
QQQ_122019P197.5,U,U,U,U,U,U,U,U,0:203.07:18408797:1.53:87,222:202.07:32364255:1.92:59,273:0:0:1.87:112,[357:201.83:17186554:1.88:527
QQQ_122019P198.5,U,U,U,U,U,U,U,U,0:203.07:18408797:1.88:255,U:202.07:32364255:U:U,1057:0:0:2.14:1,[1056:201.83:17186554:2.09:376
QQQ_122019P199.5,U,U,U,U,U,U,U,U,0:203.07:18408797:2.08:305,570:202.07:32364255:2.45:655,U:0:0:U:U,[1132:201.83:17186554:2.37:724
QQQ_122019P202.5,U,U,U,U,U,U,U,U,0:203.07:18408797:2.94:575,1747:202.07:32364255:3.28:599,U:0:0:U:U,[2019:201.83:17186554:3.27:177
QQQ_122019P207.5,U,U,U,U,U,U,U,U,0:203.07:18408797:0.0:0,0:202.07:32364255:6.37:2,2:0:0:6.37:0,[2:201.83:17186554:6.37:0
QQQ_122719P212,U,U,U,U,U,U,U,U,0:203.07:18408797:0.0:0,0:202.07:32364255:0.0:0,0:0:0:10.75:10,10:201.83:17186554:10.75:0
QQQ_123119P213,U,U,U,U,U,U,U,U,36:203.07:18408797:12.39:0,75:202.07:32364255:10.15:0,75:0:0:10.15:0,75:201.83:17186554:10.15:0
QQQ_122019P196.5,U,U,U,U,U,U,U,U,U,U,U,764:201.83:17186554:1.73:110
QQQ_010320P202,U,U,U,U,U,U,U,U,U,U,U,30:201.83:17186554:4.04:500
QQQ_010320P198,U,U,U,U,U,U,U,U,U,U,U,24:201.83:17186554:2.8:12
QQQ_010320P199.5,U,U,U,U,U,U,U,U,U,U,U,25:201.83:17186554:3.24:0
QQQ_010320P203,U,U,U,U,U,U,U,U,U,U,U,0:201.83:17186554:4.48:6
QQQ_010320P207,U,U,U,U,U,U,U,U,U,U,U,0:201.83:17186554:0.0:0
QQQ_010320P197.5,U,U,U,U,U,U,U,U,U,U,U,0:201.83:17186554:2.61:45
QQQ_010320P206,U,U,U,U,U,U,U,U,U,U,U,0:201.83:17186554:6.59:50
QQQ_010320P199,U,U,U,U,U,U,U,U,U,U,U,25:201.83:17186554:3.07:0
QQQ_010320P204,U,U,U,U,U,U,U,U,U,U,U,4:201.83:17186554:5.19:1
QQQ_010320P202.5,U,U,U,U,U,U,U,U,U,U,U,0:201.83:17186554:4.27:1
QQQ_010320P197,U,U,U,U,U,U,U,U,U,U,U,12:201.83:17186554:2.38:23
QQQ_010320P201,U,U,U,U,U,U,U,U,U,U,U,1:201.83:17186554:3.6:56
QQQ_010320P200,U,U,U,U,U,U,U,U,U,U,U,428:201.83:17186554:3.3:6
QQQ_010320P207.5,U,U,U,U,U,U,U,U,U,U,U,0:201.83:17186554:0.0:0
QQQ_010320P198.5,U,U,U,U,U,U,U,U,U,U,U,0:201.83:17186554:0.0:0
QQQ_010320P205,U,U,U,U,U,U,U,U,U,U,U,0:201.83:17186554:5.5:50
QQQ_112919P196.5,U,U,U,U,U,U,U,U,U,U,U,1133:201.83:17186554:0.16:118
QQQ_010320P208,U,U,U,U,U,U,U,U,U,U,U,50:201.83:17186554:7.46:2
QQQ_010320P196,U,U,U,U,U,U,U,U,U,U,U,0:201.83:17186554:2.27:26
QQQ_010320P196.5,U,U,U,U,U,U,U,U,U,U,U,0:201.83:17186554:2.38:21
QQQ_010320P209,U,U,U,U,U,U,U,U,U,U,U,40:201.83:17186554:8.53:0
