Symbol,20191023,20191024,20191025,20191028,20191030,20191031,20191101,20191104,20191105,20191106,20191107,20191108,20191111,20191112,20191113,20191114,20191115,20191118,20191120
T_112219C33,0.0,0:36.82,1:36.91,5:38.49,5:38.2,5:38.49,5.0,5:38.89,5:39.17,5:39.25,5:39.42:25540311:5.5:0,5:39.38:18596197:5.5:0,5:39.37:13524850:5.5:0,5:39.17:16527917:5.5:0,5:39.16:16478711:5.5:0,5:38.95:27453666:5.5:0,5:60.37:663970:6.4:1,6:39.63:25969683:6.4:0,5:37.18:68923743:5.1:0
T_112219C33.5,0.0,0:36.82,0:36.91,0:38.49,0:38.2,0:38.49,0.0,0:38.89,0:39.17,0:39.25,0:39.42:25540311:4.04:0,0:39.38:18596197:4.04:0,0:39.37:13524850:4.04:0,0:39.17:16527917:4.04:0,0:39.16:16478711:4.04:0,0:38.95:27453666:4.04:0,0:60.37:663970:4.04:0,0:39.63:25969683:4.04:0,0:37.18:68923743:3.3:37
T_112219C34,4.0,4:36.82,5:36.91,18:38.49,14:38.2,15:38.49,15.0,15:38.89,15:39.17,15:39.25,15:39.42:25540311:4.3:0,15:39.38:18596197:4.3:0,15:39.37:13524850:5.4:1,15:39.17:16527917:5.4:0,15:39.16:16478711:5.4:0,15:38.95:27453666:5.4:0,15:60.37:663970:5.3:4,16:39.63:25969683:5.3:0,16:37.18:68923743:3.1:393
T_112219C34.5,16.0,16:36.82,0:36.91,16:38.49,16:38.2,17:38.49,17.0,17:38.89,17:39.17,17:39.25,17:39.42:25540311:3.85:0,17:39.38:18596197:3.85:0,17:39.37:13524850:3.85:0,17:39.17:16527917:3.85:0,17:39.16:16478711:3.85:0,17:38.95:27453666:3.85:0,17:60.37:663970:4.9:1,16:39.63:25969683:4.9:0,16:37.18:68923743:2.42:2
T_112219C35,65.0,29:36.82,4:36.91,24:38.49,21:38.2,21:38.49,71.0,71:38.89,71:39.17,71:39.25,71:39.42:25540311:3.95:0,71:39.38:18596197:3.95:0,71:39.37:13524850:3.95:0,71:39.17:16527917:3.95:0,71:39.16:16478711:3.95:0,71:38.95:27453666:3.95:0,71:60.37:663970:4.52:2,71:39.63:25969683:4.52:0,80:37.18:68923743:1.92:26
T_112219C35.5,15.0,15:36.82,16:36.91,15:38.49,15:38.2,15:38.49,15.0,15:38.89,15:39.17,15:39.25,15:39.42:25540311:2.67:0,15:39.38:18596197:2.67:0,15:39.37:13524850:2.67:0,15:39.17:16527917:2.67:0,15:39.16:16478711:2.67:0,15:38.95:27453666:2.67:0,15:60.37:663970:2.67:0,15:39.63:25969683:2.67:0,15:37.18:68923743:1.31:260
T_112219C36,188.0,188:36.82,15:36.91,168:38.49,121:38.2,119:38.49,119.0,130:38.89,124:39.17,124:39.25,124:39.42:25540311:3.6:6,124:39.38:18596197:3.6:0,124:39.37:13524850:3.6:0,124:39.17:16527917:3.37:1,124:39.16:16478711:3.26:21,121:38.95:27453666:2.9:4,121:60.37:663970:3.1:2,121:39.63:25969683:3.35:2,121:37.18:68923743:1.12:1592
T_112219C36.5,268.0,268:36.82,15:36.91,199:38.49,194:38.2,194:38.49,194.0,215:38.89,215:39.17,215:39.25,215:39.42:25540311:2.7:0,215:39.38:18596197:2.85:6,215:39.37:13524850:2.9:33,234:39.17:16527917:2.93:1,233:39.16:16478711:2.93:0,233:38.95:27453666:2.38:3,230:60.37:663970:2.38:0,230:39.63:25969683:2.76:1,233:37.18:68923743:0.72:2926
T_112219C37,189.0,189:36.82,169:36.91,424:38.49,491:38.2,515:38.49,513.0,511:38.89,498:39.17,497:39.25,497:39.42:25540311:2.5:48,481:39.38:18596197:2.31:24,476:39.37:13524850:2.41:85,469:39.17:16527917:2.5:10,469:39.16:16478711:2.22:2,469:38.95:27453666:1.95:65,484:60.37:663970:2.49:9,485:39.63:25969683:2.57:23,511:37.18:68923743:0.36:7130
T_112219C37.5,259.0,278:36.82,199:36.91,359:38.49,377:38.2,378:38.49,382.0,357:38.89,352:39.17,403:39.25,357:39.42:25540311:2.09:2,356:39.38:18596197:1.94:20,363:39.37:13524850:1.85:24,378:39.17:16527917:1.67:5,380:39.16:16478711:1.68:116,433:38.95:27453666:1.57:32,440:60.37:663970:1.85:89,415:39.63:25969683:2.14:9,745:37.18:68923743:0.13:22478
T_112219C38,1035.0,1043:36.82,348:36.91,1055:38.49,1168:38.2,1190:38.49,1210.0,1236:38.89,1224:39.17,1414:39.25,1409:39.42:25540311:1.61:613,1264:39.38:18596197:1.24:41,1259:39.37:13524850:1.44:52,1247:39.17:16527917:1.23:10,1244:39.16:16478711:1.24:22,1242:38.95:27453666:0.97:307,1271:60.37:663970:1.37:519,1590:39.63:25969683:1.62:445,3538:37.18:68923743:0.03:17843
T_112219C38.5,539.0,547:36.82,333:36.91,578:38.49,569:38.2,601:38.49,639.0,838:38.89,846:39.17,854:39.25,883:39.42:25540311:1.13:104,826:39.38:18596197:0.95:84,874:39.37:13524850:0.99:77,900:39.17:16527917:0.77:80,945:39.16:16478711:0.77:162,1039:38.95:27453666:0.66:214,1094:60.37:663970:1.01:251,1177:39.63:25969683:1.13:434,4748:37.18:68923743:0.01:1753
T_112219C39,889.0,899:36.82,1042:36.91,935:38.49,1102:38.2,1139:38.49,1166.0,1334:38.89,1573:39.17,1674:39.25,1766:39.42:25540311:0.78:183,1769:39.38:18596197:0.55:139,1678:39.37:13524850:0.6:96,1721:39.17:16527917:0.47:309,1872:39.16:16478711:0.42:381,2079:38.95:27453666:0.33:3140,3173:60.37:663970:0.61:5546,3283:39.63:25969683:0.67:882,19030:37.18:68923743:0.01:1649
T_112219C39.5,431.0,443:36.82,559:36.91,468:38.49,586:38.2,736:38.49,1385.0,1509:38.89,1668:39.17,1816:39.25,1737:39.42:25540311:0.41:541,1917:39.38:18596197:0.33:342,2162:39.37:13524850:0.31:382,2445:39.17:16527917:0.21:683,2799:39.16:16478711:0.19:465,2926:38.95:27453666:0.12:1455,3371:60.37:663970:0.27:5571,6354:39.63:25969683:0.32:4240,19182:37.18:68923743:0.01:510
T_112219C40,715.0,699:36.82,936:36.91,3430:38.49,3711:38.2,3701:38.49,3707.0,3792:38.89,4065:39.17,4125:39.25,4174:39.42:25540311:0.26:435,4353:39.38:18596197:0.16:374,4484:39.37:13524850:0.14:867,5183:39.17:16527917:0.09:1004,5194:39.16:16478711:0.06:392,5285:38.95:27453666:0.04:8786,13062:60.37:663970:0.09:7457,19293:39.63:25969683:0.1:12292,27356:37.18:68923743:0.01:187
T_112219C40.5,163.0,171:36.82,428:36.91,172:38.49,256:38.2,269:38.49,273.0,282:38.89,369:39.17,370:39.25,415:39.42:25540311:0.11:281,652:39.38:18596197:0.07:245,624:39.37:13524850:0.06:52,650:39.17:16527917:0.04:395,901:39.16:16478711:0.03:14,899:38.95:27453666:0.02:712,1421:60.37:663970:0.02:159,1458:39.63:25969683:0.03:1956,2484:37.18:68923743:0.01:13
T_112219C41,147.0,155:36.82,3378:36.91,154:38.49,176:38.2,176:38.49,184.0,207:38.89,239:39.17,271:39.25,317:39.42:25540311:0.05:535,819:39.38:18596197:0.03:401,981:39.37:13524850:0.02:264,1137:39.17:16527917:0.02:203,1287:39.16:16478711:0.01:4356,4668:38.95:27453666:0.01:31,4659:60.37:663970:0.01:223,4659:39.63:25969683:0.01:107,4665:37.18:68923743:0.02:0
T_112219C41.5,79.0,79:36.82,171:36.91,79:38.49,685:38.2,685:38.49,685.0,685:38.89,685:39.17,715:39.25,758:39.42:25540311:0.03:39,758:39.38:18596197:0.03:0,758:39.37:13524850:0.01:1,759:39.17:16527917:0.01:0,759:39.16:16478711:0.01:0,759:38.95:27453666:0.01:15,744:60.37:663970:0.02:13,744:39.63:25969683:0.02:0,743:37.18:68923743:0.07:0
T_112219C42,501.0,501:36.82,155:36.91,527:38.49,650:38.2,650:38.49,650.0,652:38.89,652:39.17,692:39.25,692:39.42:25540311:0.02:0,692:39.38:18596197:0.02:0,692:39.37:13524850:0.02:0,692:39.17:16527917:0.02:0,692:39.16:16478711:0.02:0,692:38.95:27453666:0.01:10,U:60.37:663970::,682:39.63:25969683:0.01:0,682:37.18:68923743:0.01:0
T_112219C42.5,2.0,2:36.82,79:36.91,2:38.49,253:38.2,253:38.49,253.0,253:38.89,263:39.17,263:39.25,263:39.42:25540311:0.02:0,263:39.38:18596197:0.01:4,263:39.37:13524850:0.01:0,263:39.17:16527917:0.01:0,263:39.16:16478711:0.02:4,262:38.95:27453666:0.02:0,262:60.37:663970:0.02:0,262:39.63:25969683:0.02:0,262:37.18:68923743:0.02:0
T_112919C33,0.0,0:36.82,0:36.91,0:38.49,1:38.2,1:38.49,1.0,1:38.89,1:39.17,1:39.25,1:39.42:25540311:5.3:0,1:39.38:18596197:5.3:0,1:39.37:13524850:5.3:0,1:39.17:16527917:5.3:0,1:39.16:16478711:5.3:0,1:38.95:27453666:5.3:0,1:60.37:663970:5.3:0,1:39.63:25969683:5.3:0,1:37.18:68923743:5.3:0
T_112919C33.5,5.0,5:36.82,0:36.91,5:38.49,5:38.2,5:38.49,5.0,5:38.89,5:39.17,5:39.25,5:39.42:25540311:4.51:0,5:39.38:18596197:4.51:0,5:39.37:13524850:4.51:0,5:39.17:16527917:4.51:0,5:39.16:16478711:4.51:0,5:38.95:27453666:4.51:0,5:60.37:663970:4.51:0,5:39.63:25969683:4.51:0,5:37.18:68923743:4.51:0
T_112919C34,4.0,4:36.82,0:36.91,4:38.49,4:38.2,6:38.49,7.0,7:38.89,7:39.17,7:39.25,7:39.42:25540311:5.55:5,7:39.38:18596197:5.55:0,7:39.37:13524850:5.55:0,7:39.17:16527917:5.55:0,7:39.16:16478711:5.55:0,7:38.95:27453666:5.55:0,7:60.37:663970:5.55:0,7:39.63:25969683:5.55:0,7:37.18:68923743:5.55:0
T_112919C34.5,30.0,30:36.82,5:36.91,30:38.49,110:38.2,110:38.49,110.0,110:38.89,110:39.17,110:39.25,110:39.42:25540311:4.12:0,110:39.38:18596197:4.12:0,110:39.37:13524850:4.12:0,30:39.17:16527917:4.12:0,30:39.16:16478711:4.12:0,30:38.95:27453666:4.12:0,30:60.37:663970:4.12:0,30:39.63:25969683:4.12:0,30:37.18:68923743:4.12:0
T_112919C35,1.0,3:36.82,4:36.91,4:38.49,5:38.2,5:38.49,5.0,5:38.89,5:39.17,5:39.25,5:39.42:25540311:3.74:0,5:39.38:18596197:3.74:0,5:39.37:13524850:3.74:0,5:39.17:16527917:3.74:0,5:39.16:16478711:3.74:0,5:38.95:27453666:4.05:6,44:60.37:663970:4.3:5,45:39.63:25969683:4.3:0,45:37.18:68923743:2.07:67
T_112919C35.5,0.0,3:36.82,30:36.91,3:38.49,3:38.2,3:38.49,3.0,3:38.89,3:39.17,3:39.25,2:39.42:25540311:3.85:0,2:39.38:18596197:3.85:0,2:39.37:13524850:3.85:0,2:39.17:16527917:3.85:0,2:39.16:16478711:3.85:0,2:38.95:27453666:3.85:0,2:60.37:663970:3.85:0,2:39.63:25969683:3.85:0,2:37.18:68923743:1.72:199
T_112919C36,0.0,4:36.82,4:36.91,4:38.49,12:38.2,12:38.49,12.0,12:38.89,12:39.17,12:39.25,12:39.42:25540311:3.08:0,12:39.38:18596197:3.08:0,12:39.37:13524850:3.08:0,12:39.17:16527917:3.08:0,12:39.16:16478711:3.08:0,12:38.95:27453666:2.99:2,14:60.37:663970:3.3:2,16:39.63:25969683:3.3:0,19:37.18:68923743:1.27:596
T_112919C36.5,15.0,15:36.82,3:36.91,30:38.49,14:38.2,43:38.49,43.0,43:38.89,43:39.17,43:39.25,43:39.42:25540311:2.64:0,43:39.38:18596197:2.64:0,43:39.37:13524850:2.64:0,43:39.17:16527917:2.83:10,33:39.16:16478711:2.83:0,33:38.95:27453666:2.83:0,33:60.37:663970:2.83:0,33:39.63:25969683:2.83:0,53:37.18:68923743:0.85:1163
T_112919C37,108.0,105:36.82,4:36.91,127:38.49,329:38.2,230:38.49,232.0,218:38.89,218:39.17,218:39.25,218:39.42:25540311:2.4:0,218:39.38:18596197:2.4:0,218:39.37:13524850:2.4:0,218:39.17:16527917:2.19:68,254:39.16:16478711:2.2:12,264:38.95:27453666:1.84:4,260:60.37:663970:2.5:50,249:39.63:25969683:2.6:2,474:37.18:68923743:0.52:4962
T_112919C37.5,127.0,138:36.82,28:36.91,179:38.49,178:38.2,178:38.49,178.0,174:38.89,175:39.17,174:39.25,155:39.42:25540311:2.03:10,155:39.38:18596197:2.0:6,155:39.37:13524850:1.95:5,155:39.17:16527917:1.95:0,155:39.16:16478711:1.81:5,157:38.95:27453666:1.55:2,159:60.37:663970:1.55:0,159:39.63:25969683:2.11:16,514:37.18:68923743:0.27:1558
T_112919C38,482.0,484:36.82,120:36.91,574:38.49,610:38.2,626:38.49,758.0,796:38.89,815:39.17,815:39.25,815:39.42:25540311:1.65:66,820:39.38:18596197:1.46:5,820:39.37:13524850:1.44:36,812:39.17:16527917:1.33:108,812:39.16:16478711:1.29:7,819:38.95:27453666:1.15:120,819:60.37:663970:1.36:103,796:39.63:25969683:1.64:68,2032:37.18:68923743:0.13:3246
T_112919C38.5,191.0,202:36.82,173:36.91,333:38.49,450:38.2,461:38.49,494.0,518:38.89,859:39.17,859:39.25,856:39.42:25540311:1.24:98,827:39.38:18596197:0.93:26,809:39.37:13524850:1.02:2,807:39.17:16527917:0.9:278,840:39.16:16478711:0.85:113,930:38.95:27453666:0.77:308,1172:60.37:663970:1.11:688,1113:39.63:25969683:1.2:77,2057:37.18:68923743:0.06:1034
T_112919C39,2949.0,2991:36.82,505:36.91,3178:38.49,3602:38.2,3691:38.49,3767.0,3867:38.89,3883:39.17,3935:39.25,3936:39.42:25540311:0.86:511,3995:39.38:18596197:0.7:313,4001:39.37:13524850:0.71:206,4047:39.17:16527917:0.53:554,4087:39.16:16478711:0.54:242,4103:38.95:27453666:0.43:395,3842:60.37:663970:0.72:759,4270:39.63:25969683:0.79:2308,3191:37.18:68923743:0.03:977
T_112919C39.5,232.0,284:36.82,272:36.91,289:38.49,500:38.2,521:38.49,626.0,669:38.89,751:39.17,971:39.25,1309:39.42:25540311:0.57:298,1439:39.38:18596197:0.42:252,1558:39.37:13524850:0.43:89,1563:39.17:16527917:0.3:141,1488:39.16:16478711:0.3:93,1520:38.95:27453666:0.21:382,1706:60.37:663970:0.38:864,1973:39.63:25969683:0.44:927,2526:37.18:68923743:0.02:701
T_112919C40,1005.0,1058:36.82,2989:36.91,1218:38.49,1633:38.2,1744:38.49,1788.0,1909:38.89,2030:39.17,2174:39.25,2195:39.42:25540311:0.33:553,2443:39.38:18596197:0.2:354,2211:39.37:13524850:0.22:681,2125:39.17:16527917:0.13:270,2322:39.16:16478711:0.13:59,2368:38.95:27453666:0.09:258,2299:60.37:663970:0.17:546,2510:39.63:25969683:0.19:1780,5747:37.18:68923743:0.02:741
T_112919C40.5,32.0,42:36.82,287:36.91,41:38.49,112:38.2,122:38.49,107.0,181:38.89,244:39.17,335:39.25,334:39.42:25540311:0.19:348,486:39.38:18596197:0.1:57,520:39.37:13524850:0.1:34,551:39.17:16527917:0.07:41,564:39.16:16478711:0.07:0,564:38.95:27453666:0.04:855,1339:60.37:663970:0.06:372,1599:39.63:25969683:0.07:243,1557:37.18:68923743:0.02:300
T_112919C41,1272.0,1280:36.82,1085:36.91,1234:38.49,1398:38.2,1498:38.49,1488.0,1529:38.89,1529:39.17,1531:39.25,1531:39.42:25540311:0.09:22,1521:39.38:18596197:0.05:463,1653:39.37:13524850:0.05:181,1700:39.17:16527917:0.03:67,1710:39.16:16478711:0.03:40,1725:38.95:27453666:0.02:12,1725:60.37:663970:0.03:149,1859:39.63:25969683:0.02:47,1789:37.18:68923743:0.01:0
T_112919C41.5,73.0,73:36.82,41:36.91,68:38.49,79:38.2,79:38.49,79.0,79:38.89,89:39.17,95:39.25,298:39.42:25540311:0.06:202,444:39.38:18596197:0.03:76,443:39.37:13524850:0.03:1,444:39.17:16527917:0.02:1,443:39.16:16478711:0.02:205,421:38.95:27453666:0.02:0,421:60.37:663970:0.02:20,441:39.63:25969683:0.02:1,442:37.18:68923743:0.02:0
T_112919C42,52.0,52:36.82,1278:36.91,36:38.49,60:38.2,60:38.49,50.0,50:38.89,51:39.17,51:39.25,51:39.42:25540311:0.04:1,52:39.38:18596197:0.02:10,62:39.37:13524850:0.02:0,62:39.17:16527917:0.02:0,62:39.16:16478711:0.02:0,62:38.95:27453666:0.02:0,62:60.37:663970:0.02:0,62:39.63:25969683:0.03:6,58:37.18:68923743:0.01:0
T_112919C42.5,73.0,73:36.82,68:36.91,45:38.49,45:38.2,45:38.49,45.0,48:38.89,48:39.17,48:39.25,48:39.42:25540311:0.02:0,48:39.38:18596197:0.02:0,48:39.37:13524850:0.02:0,48:39.17:16527917:0.02:0,48:39.16:16478711:0.02:0,48:38.95:27453666:0.02:0,48:60.37:663970:0.02:0,48:39.63:25969683:0.02:0,48:37.18:68923743:0.02:0
T_122019C30,0.0,0:36.82,0:36.91,0:38.49,23:38.2,25:38.49,25.0,30:38.89,30:39.17,30:39.25,28:39.42:25540311:9.3:0,28:39.38:18596197:9.41:1,28:39.37:13524850:9.41:0,28:39.17:16527917:9.25:5,29:39.16:16478711:9.25:0,29:38.95:27453666:8.9:10,34:60.37:663970:8.9:0,34:39.63:25969683:8.9:0,34:37.18:68923743:8.9:0
T_122019C31,0.0,0:36.82,0:36.91,0:38.49,0:38.2,0:38.49,0.0,0:38.89,0:39.17,0:39.25,0:39.42:25540311:0.0:0,0:39.38:18596197:0.0:0,0:39.37:13524850:0.0:0,0:39.17:16527917:0.0:0,0:39.16:16478711:0.0:0,0:38.95:27453666:0.0:0,0:60.37:663970:0.0:0,0:39.63:25969683:0.0:0,0:37.18:68923743:0.0:0
T_122019C32,0.0,0:36.82,0:36.91,2:38.49,2:38.2,2:38.49,2.0,2:38.89,2:39.17,2:39.25,2:39.42:25540311:5.1:0,2:39.38:18596197:5.1:0,2:39.37:13524850:5.1:0,2:39.17:16527917:7.31:1,3:39.16:16478711:7.31:0,3:38.95:27453666:7.31:0,3:60.37:663970:7.31:0,3:39.63:25969683:7.31:0,3:37.18:68923743:5.4:2
T_122019C33,3.0,3:36.82,0:36.91,3:38.49,3:38.2,73:38.49,73.0,73:38.89,83:39.17,83:39.25,83:39.42:25540311:6.21:0,83:39.38:18596197:6.21:0,83:39.37:13524850:6.21:0,83:39.17:16527917:6.21:0,83:39.16:16478711:6.21:0,83:38.95:27453666:5.95:1,84:60.37:663970:5.95:0,84:39.63:25969683:5.95:0,84:37.18:68923743:4.0:30
T_122019C34,5.0,9:36.82,0:36.91,13:38.49,14:38.2,14:38.49,14.0,18:38.89,23:39.17,23:39.25,23:39.42:25540311:5.05:0,23:39.38:18596197:5.05:0,23:39.37:13524850:5.43:126,136:39.17:16527917:5.18:24,159:39.16:16478711:5.25:7,160:38.95:27453666:4.8:9,160:60.37:663970:5.5:450,608:39.63:25969683:5.65:14,599:37.18:68923743:3.4:96
T_122019C35,6.0,6:36.82,0:36.91,67:38.49,114:38.2,114:38.49,125.0,125:38.89,128:39.17,125:39.25,125:39.42:25540311:4.65:26,133:39.38:18596197:4.38:4,135:39.37:13524850:4.48:10,145:39.17:16527917:4.33:4,148:39.16:16478711:4.35:2,149:38.95:27453666:3.88:11,159:60.37:663970:4.46:21,175:39.63:25969683:4.33:1,196:37.18:68923743:2.43:185
T_122019C36,9.0,210:36.82,0:36.91,314:38.49,207:38.2,217:38.49,244.0,242:38.89,250:39.17,270:39.25,272:39.42:25540311:3.6:461,489:39.38:18596197:3.45:129,494:39.37:13524850:3.42:7,499:39.17:16527917:3.25:32,512:39.16:16478711:3.3:26,487:38.95:27453666:3.15:41,499:60.37:663970:3.6:40,518:39.63:25969683:3.75:5,567:37.18:68923743:1.5:575
T_122019C37,98.0,184:36.82,0:36.91,382:38.49,903:38.2,1471:38.49,1492.0,1491:38.89,1494:39.17,1472:39.25,1627:39.42:25540311:2.75:82,1653:39.38:18596197:2.6:33,1661:39.37:13524850:2.55:271,1681:39.17:16527917:2.37:1026,2664:39.16:16478711:2.34:54,2711:38.95:27453666:2.27:87,2764:60.37:663970:2.56:50,2792:39.63:25969683:2.8:40,2729:37.18:68923743:0.89:2451
T_122019C38,223.0,563:36.82,0:36.91,1369:38.49,2138:38.2,1813:38.49,1979.0,2207:38.89,2614:39.17,2580:39.25,2677:39.42:25540311:1.9:283,2695:39.38:18596197:1.75:71,2719:39.37:13524850:1.74:262,2927:39.17:16527917:1.52:214,3037:39.16:16478711:1.54:122,3070:38.95:27453666:1.43:410,3234:60.37:663970:1.75:144,3202:39.63:25969683:1.82:251,3906:37.18:68923743:0.41:1850
T_122019C39,283.0,380:36.82,1:36.91,1193:38.49,1669:38.2,3788:38.49,4608.0,4926:38.89,4176:39.17,4441:39.25,4591:39.42:25540311:1.1:1742,4895:39.38:18596197:1.03:388,5033:39.37:13524850:1.02:985,5711:39.17:16527917:0.85:197,5799:39.16:16478711:0.87:266,5913:38.95:27453666:0.77:6400,10636:60.37:663970:0.99:1554,13086:39.63:25969683:1.08:1611,15408:37.18:68923743:0.16:6400
T_122019C40,332.0,459:36.82,118:36.91,2325:38.49,5859:38.2,6278:38.49,7470.0,8283:38.89,9297:39.17,9635:39.25,9996:39.42:25540311:0.58:2552,9746:39.38:18596197:0.54:1646,9891:39.37:13524850:0.48:994,9983:39.17:16527917:0.4:1133,10560:39.16:16478711:0.39:1895,11299:38.95:27453666:0.32:1457,11441:60.37:663970:0.44:3001,12956:39.63:25969683:0.5:1979,13558:37.18:68923743:0.06:944
T_122019C41,232.0,301:36.82,14:36.91,420:38.49,787:38.2,1659:38.49,1755.0,2985:38.89,3261:39.17,3400:39.25,3554:39.42:25540311:0.27:229,3643:39.38:18596197:0.24:6688,10019:39.37:13524850:0.2:732,10230:39.17:16527917:0.15:542,10432:39.16:16478711:0.15:29,10421:38.95:27453666:0.12:344,10240:60.37:663970:0.15:342,10329:39.63:25969683:0.18:522,10294:37.18:68923743:0.03:827
T_122019C42,64.0,92:36.82,11:36.91,87:38.49,225:38.2,293:38.49,292.0,323:38.89,443:39.17,555:39.25,564:39.42:25540311:0.11:92,623:39.38:18596197:0.11:2,624:39.37:13524850:0.08:26,630:39.17:16527917:0.07:11,622:39.16:16478711:0.05:1008,1508:38.95:27453666:0.04:82,1561:60.37:663970:0.05:156,1639:39.63:25969683:0.06:140,1636:37.18:68923743:0.02:74
T_122019C43,31.0,31:36.82,11:36.91,38:38.49,74:38.2,95:38.49,95.0,104:38.89,115:39.17,141:39.25,959:39.42:25540311:0.04:27,984:39.38:18596197:0.04:13,984:39.37:13524850:0.04:13,984:39.17:16527917:0.04:0,984:39.16:16478711:0.01:1,985:38.95:27453666:0.01:19,984:60.37:663970:0.01:0,984:39.63:25969683:0.03:77,1046:37.18:68923743:0.04:0
T_122019C44,0.0,0:36.82,24:36.91,132:38.49,160:38.2,160:38.49,160.0,160:38.89,161:39.17,162:39.25,162:39.42:25540311:0.03:0,162:39.38:18596197:0.03:5,165:39.37:13524850:0.03:1,166:39.17:16527917:0.03:0,166:39.16:16478711:0.02:1,166:38.95:27453666:0.02:0,166:60.37:663970:0.02:0,166:39.63:25969683:0.01:1,167:37.18:68923743:0.01:0
T_122019C45,0.0,0:36.82,1:36.91,0:38.49,5:38.2,5:38.49,5.0,5:38.89,5:39.17,6:39.25,11:39.42:25540311:0.03:2,13:39.38:18596197:0.02:2,15:39.37:13524850:0.02:0,15:39.17:16527917:0.02:0,15:39.16:16478711:0.02:0,15:38.95:27453666:0.03:10,25:60.37:663970:0.02:20,45:39.63:25969683:0.02:0,45:37.18:68923743:0.02:0
T_122019C46,1.0,1:36.82,11:36.91,6:38.49,9:38.2,9:38.49,9.0,9:38.89,9:39.17,9:39.25,9:39.42:25540311:0.01:7,9:39.38:18596197:0.01:0,9:39.37:13524850:0.01:0,9:39.17:16527917:0.01:0,9:39.16:16478711:0.01:0,9:38.95:27453666:0.01:0,9:60.37:663970:0.01:0,9:39.63:25969683:0.01:0,9:37.18:68923743:0.01:0
T_112219C32.5,0.0,0:36.82,67:36.91,0:38.49,0:38.2,0:38.49,0.0,0:38.89,0:39.17,0:39.25,0:39.42:25540311:5.04:0,0:39.38:18596197:5.04:0,0:39.37:13524850:5.04:0,0:39.17:16527917:5.04:0,0:39.16:16478711:5.04:0,0:38.95:27453666:5.04:0,0:60.37:663970:5.04:0,0:39.63:25969683:5.04:0,0:37.18:68923743:4.15:53
T_120619C35.5,0.0,0:36.82,2191:36.91,0:38.49,1:38.2,1:38.49,1.0,1:38.89,1:39.17,1:39.25,6:39.42:25540311:3.66:0,6:39.38:18596197:3.66:0,6:39.37:13524850:3.66:0,6:39.17:16527917:3.66:0,6:39.16:16478711:3.66:0,6:38.95:27453666:3.66:0,6:60.37:663970:3.66:0,6:39.63:25969683:3.66:0,6:37.18:68923743:1.26:137
T_120619C39.5,0.0,0:36.82,3470:36.91,1:38.49,59:38.2,64:38.49,73.0,141:38.89,196:39.17,237:39.25,437:39.42:25540311:0.68:76,413:39.38:18596197:0.55:48,439:39.37:13524850:0.53:91,509:39.17:16527917:0.38:209,644:39.16:16478711:0.4:217,705:38.95:27453666:0.27:56,745:60.37:663970:0.5:119,796:39.63:25969683:0.57:301,833:37.18:68923743:0.03:179
T_120619C34,0.0,0:36.82,7089:36.91,0:38.49,0:38.2,0:38.49,0.0,0:38.89,0:39.17,0:39.25,0:39.42:25540311:0.0:0,0:39.38:18596197:0.0:0,0:39.37:13524850:0.0:0,0:39.17:16527917:0.0:0,0:39.16:16478711:0.0:0,0:38.95:27453666:0.0:0,0:60.37:663970:0.0:0,0:39.63:25969683:0.0:0,0:37.18:68923743:0.0:0
T_120619C37,0.0,0:36.82,32836:36.91,117:38.49,111:38.2,111:38.49,116.0,168:38.89,168:39.17,168:39.25,168:39.42:25540311:2.47:0,168:39.38:18596197:2.47:0,168:39.37:13524850:2.47:0,168:39.17:16527917:2.36:27,194:39.16:16478711:2.2:21,195:38.95:27453666:1.9:151,209:60.37:663970:2.46:67,146:39.63:25969683:2.46:0,258:37.18:68923743:0.65:1095
T_120619C34.5,0.0,0:36.82,33464:36.91,0:38.49,4:38.2,4:38.49,4.0,4:38.89,4:39.17,4:39.25,4:39.42:25540311:4.3:0,4:39.38:18596197:4.3:0,4:39.37:13524850:4.3:0,4:39.17:16527917:4.3:0,4:39.16:16478711:4.3:0,4:38.95:27453666:4.3:0,4:60.37:663970:4.85:4,3:39.63:25969683:4.85:0,3:37.18:68923743:4.85:0
T_120619C40,0.0,0:36.82,20800:36.91,126:38.49,308:38.2,339:38.49,345.0,494:38.89,806:39.17,857:39.25,912:39.42:25540311:0.42:84,976:39.38:18596197:0.35:149,990:39.37:13524850:0.32:36,1005:39.17:16527917:0.23:121,1067:39.16:16478711:0.22:17,1079:38.95:27453666:0.16:318,1184:60.37:663970:0.27:233,1363:39.63:25969683:0.3:466,1486:37.18:68923743:0.02:323
T_120619C37.5,0.0,0:36.82,157960:36.91,51:38.49,66:38.2,67:38.49,80.0,178:38.89,233:39.17,231:39.25,247:39.42:25540311:2.11:21,257:39.38:18596197:2.1:1,258:39.37:13524850:2.0:3,260:39.17:16527917:2.0:0,260:39.16:16478711:2.0:0,260:38.95:27453666:2.0:0,260:60.37:663970:2.0:0,260:39.63:25969683:2.17:1,299:37.18:68923743:0.37:313
T_120619C38,0.0,0:36.82,17042:36.91,292:38.49,356:38.2,360:38.49,637.0,743:38.89,730:39.17,728:39.25,728:39.42:25540311:1.64:107,805:39.38:18596197:1.52:11,810:39.37:13524850:1.58:1,810:39.17:16527917:1.35:5,814:39.16:16478711:1.35:0,814:38.95:27453666:1.29:1,814:60.37:663970:1.61:64,778:39.63:25969683:1.7:7,820:37.18:68923743:0.23:2814
T_120619C40.5,0.0,0:36.82,25279:36.91,10:38.49,43:38.2,43:38.49,43.0,67:38.89,107:39.17,215:39.25,332:39.42:25540311:0.24:104,397:39.38:18596197:0.2:51,443:39.37:13524850:0.17:36,450:39.17:16527917:0.12:69,491:39.16:16478711:0.11:24,513:38.95:27453666:0.06:18,513:60.37:663970:0.12:128,567:39.63:25969683:0.14:144,596:37.18:68923743:0.01:99
T_120619C36.5,0.0,0:36.82,5054:36.91,3:38.49,12:38.2,12:38.49,12.0,11:38.89,10:39.17,10:39.25,10:39.42:25540311:2.96:0,10:39.38:18596197:2.96:0,10:39.37:13524850:2.96:0,10:39.17:16527917:2.96:0,10:39.16:16478711:2.96:0,10:38.95:27453666:2.55:1,10:60.37:663970:2.55:0,10:39.63:25969683:2.55:0,20:37.18:68923743:0.88:339
T_120619C35,0.0,0:36.82,"20815, 0:36.91",6:38.49,6:38.2,6:38.49,6.0,6:38.89,6:39.17,6:39.25,6:39.42:25540311:2.47:0,6:39.38:18596197:2.47:0,6:39.37:13524850:2.47:0,6:39.17:16527917:2.47:0,6:39.16:16478711:2.47:0,6:38.95:27453666:2.47:0,6:60.37:663970:2.47:0,6:39.63:25969683:2.47:0,223:37.18:68923743:2.1:455
T_120619C41,0.0,0:36.82,58:36.91,0:38.49,461:38.2,461:38.49,461.0,462:38.89,503:39.17,507:39.25,540:39.42:25540311:0.15:16,541:39.38:18596197:0.09:54,594:39.37:13524850:0.09:14,595:39.17:16527917:0.06:35,621:39.16:16478711:0.05:1,621:38.95:27453666:0.04:9,622:60.37:663970:0.05:494,1070:39.63:25969683:0.08:11,996:37.18:68923743:0.01:7
T_120619C33.5,0.0,0:36.82,,0:38.49,0:38.2,0:38.49,0.0,0:38.89,0:39.17,0:39.25,0:39.42:25540311:0.0:0,0:39.38:18596197:0.0:0,0:39.37:13524850:0.0:0,0:39.17:16527917:0.0:0,0:39.16:16478711:0.0:0,0:38.95:27453666:0.0:0,0:60.37:663970:0.0:0,0:39.63:25969683:0.0:0,0:37.18:68923743:0.0:0
T_120619C36,0.0,0:36.82,,1:38.49,5:38.2,5:38.49,5.0,6:38.89,5:39.17,5:39.25,5:39.42:25540311:3.6:2,5:39.38:18596197:3.6:0,5:39.37:13524850:3.34:3,8:39.17:16527917:3.34:0,8:39.16:16478711:3.3:1,8:38.95:27453666:3.3:0,8:60.37:663970:3.55:6,7:39.63:25969683:3.55:0,7:37.18:68923743:1.25:2778
T_120619C32,0.0,0:36.82,,0:38.49,0:38.2,0:38.49,0.0,0:38.89,0:39.17,0:39.25,0:39.42:25540311:7.51:4,4:39.38:18596197:7.51:0,4:39.37:13524850:7.51:0,4:39.17:16527917:7.51:0,4:39.16:16478711:7.51:0,4:38.95:27453666:7.51:0,4:60.37:663970:7.51:0,4:39.63:25969683:7.51:0,4:37.18:68923743:7.51:0
T_120619C32.5,0.0,0:36.82,,0:38.49,0:38.2,0:38.49,0.0,0:38.89,0:39.17,1:39.25,1:39.42:25540311:6.85:0,1:39.38:18596197:6.95:1,1:39.37:13524850:6.95:0,1:39.17:16527917:6.95:0,1:39.16:16478711:6.95:0,1:38.95:27453666:6.95:0,1:60.37:663970:6.95:0,1:39.63:25969683:6.95:0,1:37.18:68923743:6.95:0
T_112919C32.5,0.0,0:36.82,,0:38.49,0:38.2,0:38.49,0.0,0:38.89,0:39.17,0:39.25,0:39.42:25540311:0.0:0,0:39.38:18596197:0.0:0,0:39.37:13524850:0.0:0,0:39.17:16527917:0.0:0,0:39.16:16478711:0.0:0,0:38.95:27453666:0.0:0,0:60.37:663970:6.84:7,7:39.63:25969683:6.84:0,7:37.18:68923743:6.84:0
T_120619C41.5,0.0,0:36.82,,20:38.49,20:38.2,20:38.49,20.0,20:38.89,20:39.17,69:39.25,69:39.42:25540311:0.08:5,72:39.38:18596197:0.08:1,73:39.37:13524850:0.04:35,86:39.17:16527917:0.04:5,86:39.16:16478711:0.02:54,78:38.95:27453666:0.02:0,78:60.37:663970:0.02:0,78:39.63:25969683:0.04:100,144:37.18:68923743:0.04:0
T_120619C38.5,0.0,0:36.82,,23:38.49,93:38.2,111:38.49,132.0,165:38.89,199:39.17,202:39.25,206:39.42:25540311:1.35:34,190:39.38:18596197:1.19:28,218:39.37:13524850:1.13:12,218:39.17:16527917:1.11:3,219:39.16:16478711:0.97:3,221:38.95:27453666:0.8:24,220:60.37:663970:1.12:13,220:39.63:25969683:1.28:50,1515:37.18:68923743:0.11:324
T_112919C32,0.0,0:36.82,,0:38.49,0:38.2,0:38.49,0.0,0:38.89,0:39.17,0:39.25,0:39.42:25540311:0.0:0,0:39.38:18596197:0.0:0,0:39.37:13524850:0.0:0,0:39.17:16527917:0.0:0,0:39.16:16478711:0.0:0,0:38.95:27453666:0.0:0,0:60.37:663970:0.0:0,0:39.63:25969683:0.0:0,0:37.18:68923743:0.0:0
T_120619C39,0.0,0:36.82,,40:38.49,212:38.2,422:38.49,516.0,591:38.89,637:39.17,656:39.25,549:39.42:25540311:0.97:79,548:39.38:18596197:0.75:45,581:39.37:13524850:0.82:22,600:39.17:16527917:0.63:24,603:39.16:16478711:0.65:5,606:38.95:27453666:0.56:239,791:60.37:663970:0.72:244,839:39.63:25969683:0.87:45,798:37.18:68923743:0.06:552
T_120619C33,0.0,0:36.82,,2:38.49,2:38.2,2:38.49,2.0,2:38.89,2:39.17,2:39.25,2:39.42:25540311:4.16:0,2:39.38:18596197:4.16:0,2:39.37:13524850:4.16:0,2:39.17:16527917:4.16:0,2:39.16:16478711:4.16:0,2:38.95:27453666:4.16:0,2:60.37:663970:4.16:0,2:39.63:25969683:4.16:0,102:37.18:68923743:5.15:0
T_112219C32,0.0,1:36.82,,1:38.49,1:38.2,1:38.49,1.0,1:38.89,1:39.17,1:39.25,1:39.42:25540311:5.82:0,1:39.38:18596197:5.82:0,1:39.37:13524850:5.82:0,1:39.17:16527917:5.82:0,1:39.16:16478711:5.82:0,1:38.95:27453666:5.82:0,1:60.37:663970:5.82:0,1:39.63:25969683:5.82:0,1:37.18:68923743:5.82:0
T_112919C43,0.0,0,0,251:38.49,251:38.2,251:38.49,251.0,251:38.89,251:39.17,251:39.25,251:39.42:25540311:0.13:0,251:39.38:18596197:0.13:0,251:39.37:13524850:0.13:0,251:39.17:16527917:0.13:0,251:39.16:16478711:0.13:0,251:38.95:27453666:0.13:0,251:60.37:663970:0.13:0,251:39.63:25969683:0.13:0,251:37.18:68923743:0.13:0
T_120619C43,0.0,0,0,0:38.49,5:38.2,5:38.49,5.0,5:38.89,5:39.17,5:39.25,5:39.42:25540311:0.04:0,5:39.38:18596197:0.04:0,5:39.37:13524850:0.04:0,5:39.17:16527917:0.04:0,5:39.16:16478711:0.04:0,5:38.95:27453666:0.04:0,5:60.37:663970:0.04:0,5:39.63:25969683:0.04:0,5:37.18:68923743:0.04:0
T_112219C43,0.0,0,0,191:38.49,191:38.2,191:38.49,191.0,191:38.89,191:39.17,191:39.25,191:39.42:25540311:0.03:0,191:39.38:18596197:0.03:0,191:39.37:13524850:0.03:0,191:39.17:16527917:0.03:0,191:39.16:16478711:0.03:0,191:38.95:27453666:0.03:0,191:60.37:663970:0.03:0,191:39.63:25969683:0.03:0,191:37.18:68923743:0.03:0
T_120619C42.5,0.0,0,0,0:38.49,0:38.2,0:38.49,0.0,0:38.89,0:39.17,0:39.25,0:39.42:25540311:0.0:0,0:39.38:18596197:0.0:0,0:39.37:13524850:0.0:0,0:39.17:16527917:0.0:0,0:39.16:16478711:0.0:0,0:38.95:27453666:0.0:0,0:60.37:663970:0.0:0,0:39.63:25969683:0.0:0,0:37.18:68923743:0.0:0
T_120619C42,0.0,0,0,1:38.49,31:38.2,32:38.49,32.0,32:38.89,32:39.17,32:39.25,103:39.42:25540311:0.07:7,110:39.38:18596197:0.04:1,109:39.37:13524850:0.02:1,110:39.17:16527917:0.02:0,110:39.16:16478711:0.02:234,344:38.95:27453666:0.02:0,344:60.37:663970:0.02:0,344:39.63:25969683:0.02:252,595:37.18:68923743:0.01:5
T_121319C42,0.0,0,0,0,0,0:38.49,0.0,0:38.89,0:39.17,0:39.25,0:39.42:25540311:0.08:1,1:39.38:18596197:0.08:0,1:39.37:13524850:0.05:1,1:39.17:16527917:0.05:0,1:39.16:16478711:0.02:3,4:38.95:27453666:0.02:0,4:60.37:663970:0.02:0,4:39.63:25969683:0.04:1,4:37.18:68923743:0.01:1
T_121319C35,0.0,0,0,0,0,0:38.49,0.0,0:38.89,0:39.17,0:39.25,0:39.42:25540311:0.0:0,0:39.38:18596197:0.0:0,0:39.37:13524850:0.0:0,0:39.17:16527917:0.0:0,0:39.16:16478711:0.0:0,0:38.95:27453666:0.0:0,U:60.37:663970::,0:39.63:25969683:0.0:0,0:37.18:68923743:0.0:0
T_121319C41,0.0,0,0,0,0,0:38.49,0.0,1:38.89,1:39.17,16:39.25,53:39.42:25540311:0.21:86,109:39.38:18596197:0.16:12,111:39.37:13524850:0.15:32,143:39.17:16527917:0.13:3,144:39.16:16478711:0.13:0,144:38.95:27453666:0.08:12,156:60.37:663970:0.12:63,193:39.63:25969683:0.12:13,183:37.18:68923743:0.01:24
T_121319C34,0.0,0,0,0,0,0:38.49,0.0,0:38.89,0:39.17,0:39.25,0:39.42:25540311:0.0:0,0:39.38:18596197:0.0:0,0:39.37:13524850:5.45:1,1:39.17:16527917:5.45:0,1:39.16:16478711:5.45:0,1:38.95:27453666:4.97:2,3:60.37:663970:4.97:0,3:39.63:25969683:4.97:0,3:37.18:68923743:4.6:0
T_121319C37.5,0.0,0,0,0,0,0:38.49,2.0,18:38.89,22:39.17,23:39.25,23:39.42:25540311:2.27:4,25:39.38:18596197:2.09:4,27:39.37:13524850:2.09:0,27:39.17:16527917:2.09:0,27:39.16:16478711:2.09:0,27:38.95:27453666:1.65:6,33:60.37:663970:1.65:0,33:39.63:25969683:2.21:3,210:37.18:68923743:0.44:163
T_121319C37,0.0,0,0,0,0,0:38.49,0.0,0:38.89,0:39.17,0:39.25,0:39.42:25540311:0.0:0,0:39.38:18596197:0.0:0,0:39.37:13524850:2.51:1,1:39.17:16527917:2.51:0,1:39.16:16478711:2.51:0,1:38.95:27453666:1.97:4,4:60.37:663970:2.48:2,6:39.63:25969683:2.48:0,40:37.18:68923743:0.78:152
T_121319C36.5,0.0,0,0,0,0,0:38.49,0.0,2:38.89,2:39.17,6:39.25,21:39.42:25540311:3.0:0,21:39.38:18596197:3.0:0,21:39.37:13524850:3.0:0,21:39.17:16527917:3.0:0,21:39.16:16478711:3.0:0,21:38.95:27453666:3.0:0,21:60.37:663970:3.0:0,21:39.63:25969683:3.0:0,36:37.18:68923743:0.96:99
T_121319C38,0.0,0,0,0,0,0:38.49,10.0,22:38.89,26:39.17,26:39.25,30:39.42:25540311:1.83:2,32:39.38:18596197:1.58:13,39:39.37:13524850:1.58:0,39:39.17:16527917:1.6:8,41:39.16:16478711:1.6:0,41:38.95:27453666:1.36:26,54:60.37:663970:1.36:0,54:39.63:25969683:1.55:11,417:37.18:68923743:0.3:413
T_112219C43.5,U,U,U,U,U,U,266.0,266:38.89,266:39.17,266:39.25,266:39.42:25540311:0.06:0,266:39.38:18596197:0.06:0,266:39.37:13524850:0.06:0,266:39.17:16527917:0.06:0,266:39.16:16478711:0.06:0,266:38.95:27453666:0.06:0,266:60.37:663970:0.06:0,266:39.63:25969683:0.06:0,266:37.18:68923743:0.06:0
T_112919C43.5,U,U,U,U,U,U,14.0,14:38.89,14:39.17,14:39.25,14:39.42:25540311:0.06:0,14:39.38:18596197:0.06:0,14:39.37:13524850:0.06:0,14:39.17:16527917:0.06:0,14:39.16:16478711:0.06:0,14:38.95:27453666:0.06:0,14:60.37:663970:0.06:0,14:39.63:25969683:0.06:0,14:37.18:68923743:0.06:0
T_120619C43.5,U,U,U,U,U,U,0.0,0:38.89,0:39.17,0:39.25,0:39.42:25540311:0.0:0,0:39.38:18596197:0.0:0,0:39.37:13524850:0.0:0,0:39.17:16527917:0.0:0,0:39.16:16478711:0.0:0,0:38.95:27453666:0.0:0,0:60.37:663970:0.0:0,0:39.63:25969683:0.0:0,0:37.18:68923743:0.0:0
T_121319C34.5,U,U,U,U,U,U,0.0,0:38.89,0:39.17,0:39.25,0:39.42:25540311:0.0:0,0:39.38:18596197:0.0:0,0:39.37:13524850:0.0:0,0:39.17:16527917:0.0:0,0:39.16:16478711:0.0:0,0:38.95:27453666:0.0:0,0:60.37:663970:::60.37:663970:0.0:0,0:39.63:25969683:0.0:0,0:37.18:68923743:3.2:35
T_121319C35.5,U,U,U,U,U,U,0.0,0:38.89,0:39.17,0:39.25,0:39.42:25540311:0.0:0,0:39.38:18596197:3.83:18,18:39.37:13524850:3.83:0,18:39.17:16527917:3.83:0,18:39.16:16478711:3.83:0,18:38.95:27453666:3.83:0,18:60.37:663970:3.95:1,19:39.63:25969683:3.95:0,19:37.18:68923743:1.58:32
T_121319C36,U,U,U,U,U,U,0.0,0:38.89,0:39.17,0:39.25,1:39.42:25540311:3.4:0,1:39.38:18596197:3.4:0,1:39.37:13524850:3.4:0,1:39.17:16527917:3.4:0,1:39.16:16478711:3.4:0,1:38.95:27453666:3.4:0,1:60.37:663970:3.38:1,2:39.63:25969683:3.38:0,2:37.18:68923743:1.39:66
T_121319C38.5,U,U,U,U,U,U,79.0,87:38.89,101:39.17,118:39.25,121:39.42:25540311:1.4:54,153:39.38:18596197:1.16:1,154:39.37:13524850:1.23:17,171:39.17:16527917:1.3:10,181:39.16:16478711:1.3:0,181:38.95:27453666:0.9:14,195:60.37:663970:1.17:26,209:39.63:25969683:1.17:0,202:37.18:68923743:0.19:149
T_121319C39,U,U,U,U,U,U,6.0,177:38.89,229:39.17,308:39.25,308:39.42:25540311:1.06:25,310:39.38:18596197:0.96:15,323:39.37:13524850:0.94:19,341:39.17:16527917:0.74:104,335:39.16:16478711:0.78:12,352:38.95:27453666:0.63:123,464:60.37:663970:0.9:186,478:39.63:25969683:1.0:62,680:37.18:68923743:0.09:199
T_121319C39.5,U,U,U,U,U,U,11.0,105:38.89,311:39.17,387:39.25,419:39.42:25540311:0.76:93,468:39.38:18596197:0.61:15,475:39.37:13524850:0.62:15,490:39.17:16527917:0.54:39,487:39.16:16478711:0.52:88,531:38.95:27453666:0.43:124,635:60.37:663970:0.62:440,871:39.63:25969683:0.66:38,853:37.18:68923743:0.05:61
T_121319C40,U,U,U,U,U,U,1.0,36:38.89,98:39.17,247:39.25,299:39.42:25540311:0.5:19,304:39.38:18596197:0.45:138,358:39.37:13524850:0.41:38,378:39.17:16527917:0.32:109,447:39.16:16478711:0.32:19,461:38.95:27453666:0.28:143,547:60.37:663970:0.35:126,626:39.63:25969683:0.41:268,682:37.18:68923743:0.03:85
T_121319C40.5,U,U,U,U,U,U,0.0,1:38.89,54:39.17,66:39.25,66:39.42:25540311:0.36:4,66:39.38:18596197:0.29:132,198:39.37:13524850:0.26:31,219:39.17:16527917:0.19:71,266:39.16:16478711:0.18:27,291:38.95:27453666:0.15:11,290:60.37:663970:0.22:118,405:39.63:25969683:0.23:59,391:37.18:68923743:0.02:10
T_121319C41.5,U,U,U,U,U,U,0.0,0:38.89,10:39.17,17:39.25,17:39.42:25540311:0.14:0,17:39.38:18596197:0.11:1,18:39.37:13524850:0.11:0,18:39.17:16527917:0.05:1,19:39.16:16478711:0.05:0,19:38.95:27453666:0.05:0,19:60.37:663970:0.05:0,19:39.63:25969683:0.06:10,20:37.18:68923743:0.06:0
T_121319C42.5,U,U,U,U,U,U,0.0,0:38.89,0:39.17,0:39.25,0:39.42:25540311:0.04:40,30:39.38:18596197:0.04:0,30:39.37:13524850:0.04:0,30:39.17:16527917:0.04:0,30:39.16:16478711:0.04:0,30:38.95:27453666:0.04:0,30:60.37:663970:0.04:0,30:39.63:25969683:0.04:0,30:37.18:68923743:0.01:1
T_121319C43,U,U,U,U,U,U,0.0,0:38.89,3:39.17,3:39.25,3:39.42:25540311:0.04:1,4:39.38:18596197:0.04:0,4:39.37:13524850:0.04:0,4:39.17:16527917:0.04:0,4:39.16:16478711:0.04:0,4:38.95:27453666:0.04:0,4:60.37:663970:0.04:0,4:39.63:25969683:0.02:1,3:37.18:68923743:0.02:0
T_121319C43.5,U,U,U,U,U,U,0.0,0:38.89,0:39.17,0:39.25,0:39.42:25540311:0.0:0,0:39.38:18596197:0.0:0,0:39.37:13524850:0.0:0,0:39.17:16527917:0.0:0,0:39.16:16478711:0.0:0,0:38.95:27453666:0.0:0,0:60.37:663970:0.0:0,0:39.63:25969683:0.0:0,0:37.18:68923743:0.0:0
T_112219C44,U,U,U,U,U,U,U,U,2954:39.17,2954:39.25,2954:39.42:25540311:0.04:0,2954:39.38:18596197:0.04:0,2954:39.37:13524850:0.04:0,2954:39.17:16527917:0.04:0,2954:39.16:16478711:0.04:0,2954:38.95:27453666:0.04:0,2954:60.37:663970:0.01:5,2954:39.63:25969683:0.01:0,2954:37.18:68923743:0.01:0
T_112919C44,U,U,U,U,U,U,U,U,92:39.17,92:39.25,92:39.42:25540311:0.02:1,93:39.38:18596197:0.02:0,93:39.37:13524850:0.02:0,93:39.17:16527917:0.02:0,93:39.16:16478711:0.02:0,93:38.95:27453666:0.02:0,93:60.37:663970:0.02:4,97:39.63:25969683:0.02:0,97:37.18:68923743:0.02:0
T_120619C44,U,U,U,U,U,U,U,U,0:39.17,0:39.25,0:39.42:25540311:0.0:0,0:39.38:18596197:0.0:0,0:39.37:13524850:0.0:0,0:39.17:16527917:0.0:0,0:39.16:16478711:0.0:0,0:38.95:27453666:0.0:0,0:60.37:663970:0.0:0,0:39.63:25969683:0.0:0,0:37.18:68923743:0.0:0
T_121319C44,U,U,U,U,U,U,U,U,0:39.17,0:39.25,0:39.42:25540311:0.0:0,0:39.38:18596197:0.0:0,0:39.37:13524850:0.0:0,0:39.17:16527917:0.0:0,0:39.16:16478711:0.0:0,0:38.95:27453666:0.0:0,0:60.37:663970:0.0:0,0:39.63:25969683:0.0:0,0:37.18:68923743:0.0:0
T_122719C34.5,U,U,U,U,U,U,U,U,U,U,0:39.42:25540311:0.0:0,0:39.38:18596197:0.0:0,0:39.37:13524850:0.0:0,0:39.17:16527917:0.0:0,0:39.16:16478711:0.0:0,0:38.95:27453666:0.0:0,0:60.37:663970:4.9:4,4:39.63:25969683:4.9:0,4:37.18:68923743:2.35:5
T_122719C35,U,U,U,U,U,U,U,U,U,U,0:39.42:25540311:0.0:0,0:39.38:18596197:0.0:0,0:39.37:13524850:0.0:0,0:39.17:16527917:0.0:0,0:39.16:16478711:0.0:0,0:38.95:27453666:3.93:32,32:60.37:663970:3.93:0,32:39.63:25969683:3.93:0,34:37.18:68923743:2.15:62
T_122719C35.5,U,U,U,U,U,U,U,U,U,U,0:39.42:25540311:0.0:0,0:39.38:18596197:0.0:0,0:39.37:13524850:0.0:0,0:39.17:16527917:0.0:0,0:39.16:16478711:0.0:0,0:38.95:27453666:0.0:0,0:60.37:663970:4.13:1,1:39.63:25969683:4.13:0,2:37.18:68923743:3.55:0
T_122719C36,U,U,U,U,U,U,U,U,U,U,0:39.42:25540311:0.0:0,0:39.38:18596197:0.0:0,0:39.37:13524850:0.0:0,0:39.17:16527917:0.0:0,0:39.16:16478711:0.0:0,0:38.95:27453666:3.1:5,5:60.37:663970:3.45:4,9:39.63:25969683:3.45:0,9:37.18:68923743:1.25:116
T_122719C36.5,U,U,U,U,U,U,U,U,U,U,0:39.42:25540311:0.0:0,0:39.38:18596197:0.0:0,0:39.37:13524850:0.0:0,0:39.17:16527917:0.0:0,0:39.16:16478711:0.0:0,0:38.95:27453666:0.0:0,0:60.37:663970:0.0:0,0:39.63:25969683:0.0:0,31:37.18:68923743:0.91:20
T_122719C37,U,U,U,U,U,U,U,U,U,U,0:39.42:25540311:0.0:0,0:39.38:18596197:0.0:0,0:39.37:13524850:0.0:0,0:39.17:16527917:2.44:43,43:39.16:16478711:2.47:17,60:38.95:27453666:2.47:0,60:60.37:663970:2.33:35,95:39.63:25969683:2.33:0,104:37.18:68923743:0.89:911
T_122719C37.5,U,U,U,U,U,U,U,U,U,U,0:39.42:25540311:2.46:1,1:39.38:18596197:2.46:0,1:39.37:13524850:2.46:0,1:39.17:16527917:2.46:0,1:39.16:16478711:2.01:6,7:38.95:27453666:1.75:8,15:60.37:663970:1.75:0,15:39.63:25969683:1.75:0,26:37.18:68923743:0.67:151
T_122719C38,U,U,U,U,U,U,U,U,U,U,0:39.42:25540311:0.0:0,0:39.38:18596197:0.0:0,0:39.37:13524850:0.0:0,0:39.17:16527917:1.59:2,1:39.16:16478711:1.59:8,9:38.95:27453666:1.33:74,73:60.37:663970:1.62:60,73:39.63:25969683:1.78:2,121:37.18:68923743:0.47:529
T_122719C38.5,U,U,U,U,U,U,U,U,U,U,0:39.42:25540311:0.0:0,0:39.38:18596197:1.33:35,35:39.37:13524850:1.4:15,50:39.17:16527917:1.34:32,82:39.16:16478711:1.26:19,121:38.95:27453666:1.13:42,145:60.37:663970:1.33:10,155:39.63:25969683:1.33:0,170:37.18:68923743:0.32:204
T_122719C39,U,U,U,U,U,U,U,U,U,U,0:39.42:25540311:1.2:6,5:39.38:18596197:1.12:36,40:39.37:13524850:1.07:8,47:39.17:16527917:0.9:56,97:39.16:16478711:0.89:60,128:38.95:27453666:0.81:84,185:60.37:663970:1.01:38,217:39.63:25969683:1.11:82,344:37.18:68923743:0.2:257
T_122719C39.5,U,U,U,U,U,U,U,U,U,U,0:39.42:25540311:0.91:195,194:39.38:18596197:0.78:6,199:39.37:13524850:0.77:16,200:39.17:16527917:0.68:7,205:39.16:16478711:0.65:15,297:38.95:27453666:0.58:48,323:60.37:663970:0.74:116,397:39.63:25969683:0.79:91,627:37.18:68923743:0.11:235
T_122719C40,U,U,U,U,U,U,U,U,U,U,0:39.42:25540311:0.7:16,15:39.38:18596197:0.6:17,31:39.37:13524850:0.55:3,34:39.17:16527917:0.45:21,43:39.16:16478711:0.44:156,187:38.95:27453666:0.4:213,395:60.37:663970:0.5:317,708:39.63:25969683:0.57:370,858:37.18:68923743:0.07:255
T_122719C40.5,U,U,U,U,U,U,U,U,U,U,0:39.42:25540311:0.47:215,184:39.38:18596197:0.44:11,192:39.37:13524850:0.39:10,196:39.17:16527917:0.33:302,471:39.16:16478711:0.34:38,471:38.95:27453666:0.25:7,477:60.37:663970:0.35:69,544:39.63:25969683:0.37:162,435:37.18:68923743:0.06:18
T_122719C41,U,U,U,U,U,U,U,U,U,U,0:39.42:25540311:0.34:169,169:39.38:18596197:0.25:3,171:39.37:13524850:0.25:70,241:39.17:16527917:0.2:31,257:39.16:16478711:0.2:0,257:38.95:27453666:0.13:13,265:60.37:663970:0.23:25,287:39.63:25969683:0.23:120,363:37.18:68923743:0.03:43
T_122719C41.5,U,U,U,U,U,U,U,U,U,U,0:39.42:25540311:0.23:132,132:39.38:18596197:0.19:4,135:39.37:13524850:0.15:7,139:39.17:16527917:0.15:10,149:39.16:16478711:0.13:1,149:38.95:27453666:0.1:20,152:60.37:663970:0.11:3,150:39.63:25969683:0.13:41,191:37.18:68923743:0.05:0
T_122719C42,U,U,U,U,U,U,U,U,U,U,0:39.42:25540311:0.13:30,30:39.38:18596197:0.13:0,30:39.37:13524850:0.1:1,31:39.17:16527917:0.1:0,31:39.16:16478711:0.1:0,31:38.95:27453666:0.1:0,31:60.37:663970:0.1:0,31:39.63:25969683:0.08:12,95:37.18:68923743:0.03:22
T_122719C42.5,U,U,U,U,U,U,U,U,U,U,0:39.42:25540311:0.11:1,1:39.38:18596197:0.07:2,2:39.37:13524850:0.07:0,2:39.17:16527917:0.07:0,2:39.16:16478711:0.06:5,7:38.95:27453666:0.06:0,7:60.37:663970:0.06:0,7:39.63:25969683:0.06:4,11:37.18:68923743:0.06:0
T_122719C43,U,U,U,U,U,U,U,U,U,U,0:39.42:25540311:0.0:0,0:39.38:18596197:0.0:0,0:39.37:13524850:0.0:0,0:39.17:16527917:0.0:0,0:39.16:16478711:0.0:0,0:38.95:27453666:0.0:0,0:60.37:663970:0.0:0,0:39.63:25969683:0.0:0,0:37.18:68923743:0.0:0
T_122719C43.5,U,U,U,U,U,U,U,U,U,U,0:39.42:25540311:0.0:0,0:39.38:18596197:0.0:0,0:39.37:13524850:0.0:0,0:39.17:16527917:0.0:0,0:39.16:16478711:0.0:0,0:38.95:27453666:0.0:0,0:60.37:663970:0.0:0,0:39.63:25969683:0.0:0,0:37.18:68923743:0.0:0
T_122719C44,U,U,U,U,U,U,U,U,U,U,0:39.42:25540311:0.0:0,0:39.38:18596197:0.0:0,0:39.37:13524850:0.0:0,0:39.17:16527917:0.0:0,0:39.16:16478711:0.0:0,0:38.95:27453666:0.0:0,0:60.37:663970:0.0:0,0:39.63:25969683:0.0:0,0:37.18:68923743:0.02:4
T_011720C29,U,U,U,U,U,U,U,U,U,U,U,U,U,U,U,22:38.95:27453666:9.75:0,22:60.37:663970:9.75:0,22:39.63:25969683:9.75:0,22:37.18:68923743:8.3:1
T_011720C30,U,U,U,U,U,U,U,U,U,U,U,U,U,U,U,3183:38.95:27453666:8.9:3,3182:60.37:663970:9.5:2,3181:39.63:25969683:9.67:22,3143:37.18:68923743:7.15:36
T_011720C31,U,U,U,U,U,U,U,U,U,U,U,U,U,U,U,560:38.95:27453666:7.9:154,488:60.37:663970:8.2:4,488:39.63:25969683:8.2:0,488:37.18:68923743:5.75:4
T_011720C32,U,U,U,U,U,U,U,U,U,U,U,U,U,U,U,6995:38.95:27453666:7.0:2,6995:60.37:663970:7.37:1,6994:39.63:25969683:7.7:1,6987:37.18:68923743:5.08:10
T_011720C33,U,U,U,U,U,U,U,U,U,U,U,U,U,U,U,29935:38.95:27453666:6.0:67,29927:60.37:663970:6.6:62,29930:39.63:25969683:6.7:173,29824:37.18:68923743:4.17:1760
T_011720C34,U,U,U,U,U,U,U,U,U,U,U,U,U,U,U,18223:38.95:27453666:5.05:1513,17186:60.37:663970:5.65:1652,16144:39.63:25969683:5.75:601,15929:37.18:68923743:3.4:1054
T_011720C35,U,U,U,U,U,U,U,U,U,U,U,U,U,U,U,75332:38.95:27453666:4.2:487,75130:60.37:663970:4.47:355,75051:39.63:25969683:4.75:106,74734:37.18:68923743:2.56:1514
T_011720C36,U,U,U,U,U,U,U,U,U,U,U,U,U,U,U,16297:38.95:27453666:3.18:100,16278:60.37:663970:3.65:61,16290:39.63:25969683:3.8:232,15852:37.18:68923743:1.76:1208
T_011720C37,U,U,U,U,U,U,U,U,U,U,U,U,U,U,U,33417:38.95:27453666:2.38:912,33405:60.37:663970:2.79:766,33391:39.63:25969683:2.89:308,33765:37.18:68923743:1.14:3990
T_011720C38,U,U,U,U,U,U,U,U,U,U,U,U,U,U,U,20977:38.95:27453666:1.66:1029,21148:60.37:663970:1.95:1354,21455:39.63:25969683:2.03:385,22657:37.18:68923743:0.65:3131
T_011720C39,U,U,U,U,U,U,U,U,U,U,U,U,U,U,U,82791:38.95:27453666:1.04:2551,82596:60.37:663970:1.25:1157,82844:39.63:25969683:1.32:901,83009:37.18:68923743:0.34:1330
T_011720C40,U,U,U,U,U,U,U,U,U,U,U,U,U,U,U,156544:38.95:27453666:0.58:1173,157068:60.37:663970:0.73:5624,157697:39.63:25969683:0.77:4401,161069:37.18:68923743:0.18:6979
T_011720C41,U,U,U,U,U,U,U,U,U,U,U,U,U,U,U,98936:38.95:27453666:0.3:4588,102244:60.37:663970:0.38:7464,107568:39.63:25969683:0.4:18301,106556:37.18:68923743:0.09:2551
T_011720C42,U,U,U,U,U,U,U,U,U,U,U,U,U,U,U,27544:38.95:27453666:0.15:356,27641:60.37:663970:0.19:432,27893:39.63:25969683:0.19:1100,30141:37.18:68923743:0.05:658
T_011720C43,U,U,U,U,U,U,U,U,U,U,U,U,U,U,U,5533:38.95:27453666:0.08:442,5653:60.37:663970:0.09:21,5643:39.63:25969683:0.09:97,5732:37.18:68923743:0.02:111
T_011720C44,U,U,U,U,U,U,U,U,U,U,U,U,U,U,U,15732:38.95:27453666:0.04:10,15722:60.37:663970:0.04:0,15722:39.63:25969683:0.05:11,15721:37.18:68923743:0.02:271
T_011720C45,U,U,U,U,U,U,U,U,U,U,U,U,U,U,U,20346:38.95:27453666:0.03:58,"20352, 42:60.37:663970:0.03, 62.5:1, 0",20353:39.63:25969683:0.04:10,20416:37.18:68923743:0.01:16
T_011720C46,U,U,U,U,U,U,U,U,U,U,U,U,U,U,U,159:38.95:27453666:0.03:0,159:60.37:663970:0.03:0,159:39.63:25969683:0.03:0,159:37.18:68923743:0.03:0
T_011720C47,U,U,U,U,U,U,U,U,U,U,U,U,U,U,U,1796:38.95:27453666:0.02:20,1796:60.37:663970:0.02:0,1796:39.63:25969683:0.02:1,1663:37.18:68923743:0.01:0
T_011720C50,U,U,U,U,U,U,U,U,U,U,U,U,U,U,U,5443:38.95:27453666:0.01:0,"5443, 0:60.37:663970:0.01, 57.65:0, 0",5443:39.63:25969683:0.01:3,"5443, 0:37.18:68923743:0.01, 57.65:3, 0"
T_122719C34,U,U,U,U,U,U,U,U,U,U,U,U,U,U,U,0:38.95:27453666:0.0:0,0:60.37:663970:0.0:0,0:39.63:25969683:0.0:0,3:37.18:68923743:4.25:0
T_011720C55,U,U,U,U,U,U,U,U,U,U,U,U,U,U,U,U,U,4406:39.63:25969683:0.01:3,"4409, 0:37.18:68923743:0.01, 47.74:0, 0"
T_112219C45,U,U,U,U,U,U,U,U,U,U,U,U,U,U,U,U,U,5:39.63:25969683:0.02:0,5:37.18:68923743:0.02:0
T_112919C45,U,U,U,U,U,U,U,U,U,U,U,U,U,U,U,U,U,34:39.63:25969683:0.01:20,34:37.18:68923743:0.01:0
T_120619C44.5,U,U,U,U,U,U,U,U,U,U,U,U,U,U,U,U,U,0:39.63:25969683:0.0:0,0:37.18:68923743:0.0:0
T_121319C44.5,U,U,U,U,U,U,U,U,U,U,U,U,U,U,U,U,U,0:39.63:25969683:0.0:0,0:37.18:68923743:0.0:0
T_122019C35.5,U,U,U,U,U,U,U,U,U,U,U,U,U,U,U,U,U,0:39.63:25969683:0.0:0,0:37.18:68923743:1.64:84
T_122019C36.5,U,U,U,U,U,U,U,U,U,U,U,U,U,U,U,U,U,0:39.63:25969683:0.0:0,3:37.18:68923743:1.18:1101
T_122019C37.5,U,U,U,U,U,U,U,U,U,U,U,U,U,U,U,U,U,0:39.63:25969683:2.29:37,341:37.18:68923743:0.61:903
T_122019C38.5,U,U,U,U,U,U,U,U,U,U,U,U,U,U,U,U,U,0:39.63:25969683:1.43:50,1098:37.18:68923743:0.26:781
T_122019C39.5,U,U,U,U,U,U,U,U,U,U,U,U,U,U,U,U,U,0:39.63:25969683:0.75:866,903:37.18:68923743:0.09:109
T_122019C40.5,U,U,U,U,U,U,U,U,U,U,U,U,U,U,U,U,U,0:39.63:25969683:0.31:373,386:37.18:68923743:0.04:87
T_122019C41.5,U,U,U,U,U,U,U,U,U,U,U,U,U,U,U,U,U,0:39.63:25969683:0.09:18,48:37.18:68923743:0.02:1
T_122019C42.5,U,U,U,U,U,U,U,U,U,U,U,U,U,U,U,U,U,0:39.63:25969683:0.04:752,752:37.18:68923743:0.04:0
T_122019C43.5,U,U,U,U,U,U,U,U,U,U,U,U,U,U,U,U,U,0:39.63:25969683:0.0:0,1:37.18:68923743:0.02:0
T_122019C44.5,U,U,U,U,U,U,U,U,U,U,U,U,U,U,U,U,U,0:39.63:25969683:0.0:0,0:37.18:68923743:0.0:0
T_122719C44.5,U,U,U,U,U,U,U,U,U,U,U,U,U,U,U,U,U,0:39.63:25969683:0.0:0,0:37.18:68923743:0.0:0
T_122019C33.5,U,U,U,U,U,U,U,U,U,U,U,U,U,U,U,U,U,U,0:37.18:68923743:0.0:0
T_122719C33,U,U,U,U,U,U,U,U,U,U,U,U,U,U,U,U,U,U,0:37.18:68923743:0.0:0
T_122719C32.5,U,U,U,U,U,U,U,U,U,U,U,U,U,U,U,U,U,U,0:37.18:68923743:0.0:0
T_121319C33,U,U,U,U,U,U,U,U,U,U,U,U,U,U,U,U,U,U,0:37.18:68923743:0.0:0
T_121319C33.5,U,U,U,U,U,U,U,U,U,U,U,U,U,U,U,U,U,U,0:37.18:68923743:0.0:0
T_122019C34.5,U,U,U,U,U,U,U,U,U,U,U,U,U,U,U,U,U,U,0:37.18:68923743:2.62:10
T_121319C32.5,U,U,U,U,U,U,U,U,U,U,U,U,U,U,U,U,U,U,0:37.18:68923743:0.0:0
T_122719C33.5,U,U,U,U,U,U,U,U,U,U,U,U,U,U,U,U,U,U,0:37.18:68923743:0.0:0
T_011720C28,U,U,U,U,U,U,U,U,U,U,U,U,U,U,U,U,U,U,2180:37.18:68923743:10.45:0
