Symbol,20191024,20191025,20191028,20191030,20191101,20191104,20191105,20191106,20191107,20191108,20191111,20191112,20191113,20191114,20191115,20191118,20191120
T_112219P33,190.0,198:36.91,201:38.49,194:38.2,194.0,194:38.89,194:39.17,194:39.25,194:39.42:25540311:0.03:0,194:39.38:18596197:0.03:0,194:39.37:13524850:0.03:0,194:39.17:16527917:0.01:5,194:39.16:16478711:0.01:0,194:38.95:27453666:0.01:0,194:60.37:663970:0.01:0,194:39.63:25969683:0.01:0,194:37.18:68940943:0.01:0
T_112219P33.5,308.0,308:36.91,308:38.49,307:38.2,307.0,297:38.89,292:39.17,292:39.25,292:39.42:25540311:0.01:0,292:39.38:18596197:0.02:4,294:39.37:13524850:0.02:0,294:39.17:16527917:0.02:0,294:39.16:16478711:0.02:0,294:38.95:27453666:0.02:0,294:60.37:663970:0.02:0,294:39.63:25969683:0.02:0,294:37.18:68940943:0.02:1
T_112219P34,545.0,542:36.91,550:38.49,550:38.2,550.0,550:38.89,550:39.17,549:39.25,529:39.42:25540311:0.02:0,529:39.38:18596197:0.02:0,529:39.37:13524850:0.02:0,529:39.17:16527917:0.02:11,518:39.16:16478711:0.02:5,518:38.95:27453666:0.02:12,518:60.37:663970:0.02:0,518:39.63:25969683:0.02:0,518:37.18:68940943:0.02:0
T_112219P34.5,202.0,204:36.91,207:38.49,202:38.2,202.0,202:38.89,199:39.17,199:39.25,199:39.42:25540311:0.01:20,197:39.38:18596197:0.01:0,197:39.37:13524850:0.01:0,197:39.17:16527917:0.03:16,202:39.16:16478711:0.03:0,202:38.95:27453666:0.03:0,202:60.37:663970:0.03:0,202:39.63:25969683:0.03:0,202:37.18:68940943:0.01:1
T_112219P35,545.0,657:36.91,770:38.49,681:38.2,679.0,655:38.89,645:39.17,645:39.25,645:39.42:25540311:0.03:40,648:39.38:18596197:0.03:1,647:39.37:13524850:0.03:0,647:39.17:16527917:0.02:75,616:39.16:16478711:0.02:0,616:38.95:27453666:0.02:0,616:60.37:663970:0.02:20,616:39.63:25969683:0.02:0,681:37.18:68940943:0.02:5196
T_112219P35.5,228.0,291:36.91,301:38.49,376:38.2,364.0,354:38.89,353:39.17,350:39.25,350:39.42:25540311:0.03:20,350:39.38:18596197:0.03:0,350:39.37:13524850:0.03:0,350:39.17:16527917:0.03:0,350:39.16:16478711:0.03:0,350:38.95:27453666:0.03:0,350:60.37:663970:0.03:0,350:39.63:25969683:0.03:0,451:37.18:68940943:0.02:1512
T_112219P36,287.0,304:36.91,323:38.49,510:38.2,549.0,519:38.89,525:39.17,527:39.25,484:39.42:25540311:0.03:114,558:39.38:18596197:0.01:44,578:39.37:13524850:0.01:7,575:39.17:16527917:0.02:7,570:39.16:16478711:0.02:0,570:38.95:27453666:0.02:0,570:60.37:663970:0.02:100,471:39.63:25969683:0.01:11,627:37.18:68940943:0.04:5394
T_112219P36.5,240.0,251:36.91,271:38.49,324:38.2,346.0,339:38.89,437:39.17,439:39.25,437:39.42:25540311:0.04:24,413:39.38:18596197:0.03:3,416:39.37:13524850:0.03:0,416:39.17:16527917:0.03:0,416:39.16:16478711:0.03:0,416:38.95:27453666:0.02:32,420:60.37:663970:0.01:99,516:39.63:25969683:0.02:140,680:37.18:68940943:0.08:4546
T_112219P37,145.0,164:36.91,178:38.49,319:38.2,359.0,514:38.89,506:39.17,466:39.25,464:39.42:25540311:0.04:10,465:39.38:18596197:0.05:10,469:39.37:13524850:0.05:0,469:39.17:16527917:0.04:15,456:39.16:16478711:0.02:4,456:38.95:27453666:0.02:181,605:60.37:663970:0.02:54,609:39.63:25969683:0.06:3,1600:37.18:68940943:0.19:3086
T_112219P37.5,604.0,603:36.91,603:38.49,737:38.2,931.0,1136:38.89,1171:39.17,1184:39.25,1104:39.42:25540311:0.07:13,1101:39.38:18596197:0.06:36,1099:39.37:13524850:0.05:220,1284:39.17:16527917:0.04:31,1264:39.16:16478711:0.04:87,1247:38.95:27453666:0.04:65,1298:60.37:663970:0.03:112,1373:39.63:25969683:0.01:401,U:37.18:68940943:U:U
T_112219P38,95.0,97:36.91,107:38.49,205:38.2,235.0,527:38.89,601:39.17,735:39.25,744:39.42:25540311:0.1:163,757:39.38:18596197:0.1:215,943:39.37:13524850:0.08:328,1238:39.17:16527917:0.08:77,1199:39.16:16478711:0.06:54,1216:38.95:27453666:0.08:447,1375:60.37:663970:0.04:256,1468:39.63:25969683:0.01:409,3157:37.18:68940943:0.93:1265
T_112219P38.5,57.0,57:36.91,67:38.49,81:38.2,104.0,253:38.89,302:39.17,311:39.25,302:39.42:25540311:0.18:352,612:39.38:18596197:0.16:408,968:39.37:13524850:0.14:558,1299:39.17:16527917:0.17:324,1477:39.16:16478711:0.15:220,1551:38.95:27453666:0.16:879,1680:60.37:663970:0.05:651,1909:39.63:25969683:0.03:796,2529:37.18:68940943:1.34:585
T_112219P39,8.0,8:36.91,12:38.49,31:38.2,58.0,79:38.89,199:39.17,230:39.25,238:39.42:25540311:0.3:298,398:39.38:18596197:0.28:156,445:39.37:13524850:0.25:103,487:39.17:16527917:0.28:996,855:39.16:16478711:0.26:1319,1003:38.95:27453666:0.3:387,1188:60.37:663970:0.11:3866,3206:39.63:25969683:0.06:3597,U:37.18:68940943:U:U
T_112219P39.5,10.0,10:36.91,10:38.49,37:38.2,59.0,125:38.89,139:39.17,166:39.25,162:39.42:25540311:0.45:122,253:39.38:18596197:0.61:145,293:39.37:13524850:0.49:36,294:39.17:16527917:0.53:265,434:39.16:16478711:0.58:25,432:38.95:27453666:0.57:112,475:60.37:663970:0.28:214,631:39.63:25969683:0.18:4431,2662:37.18:68940943:2.41:2339
T_112219P40,23.0,23:36.91,23:38.49,25:38.2,36.0,72:38.89,152:39.17,152:39.25,145:39.42:25540311:0.8:112,233:39.38:18596197:0.94:80,238:39.37:13524850:0.79:51,267:39.17:16527917:0.89:121,295:39.16:16478711:0.9:74,301:38.95:27453666:1.03:49,285:60.37:663970:0.59:137,350:39.63:25969683:0.49:231,466:37.18:68940943:2.81:474
T_112219P40.5,0.0,0:36.91,0:38.49,0:38.2,0.0,0:38.89,0:39.17,0:39.25,30:39.42:25540311:1.11:163,113:39.38:18596197:1.31:49,155:39.37:13524850:1.22:67,203:39.17:16527917:1.22:0,203:39.16:16478711:1.22:0,203:38.95:27453666:1.53:10,196:60.37:663970:1.07:165,211:39.63:25969683:0.94:92,250:37.18:68940943:3.9:203
T_112219P41,1.0,6:36.91,6:38.49,6:38.2,35.0,35:38.89,35:39.17,35:39.25,35:39.42:25540311:2.74:0,35:39.38:18596197:2.74:0,35:39.37:13524850:1.79:1,36:39.17:16527917:1.85:1,35:39.16:16478711:1.85:0,30:38.95:27453666:2.27:20,30:60.37:663970:1.91:1,31:39.63:25969683:1.45:11,40:37.18:68940943:2.28:0
T_112219P41.5,0.0,0:36.91,0:38.49,0:38.2,0.0,0:38.89,0:39.17,0:39.25,0:39.42:25540311:2.02:1,1:39.38:18596197:2.26:1,1:39.37:13524850:2.26:0,1:39.17:16527917:2.26:0,1:39.16:16478711:2.26:0,1:38.95:27453666:2.26:0,1:60.37:663970:2.26:0,1:39.63:25969683:2.26:0,2:37.18:68940943:4.0:0
T_112219P42,1.0,1:36.91,1:38.49,0:38.2,0.0,0:38.89,0:39.17,0:39.25,0:39.42:25540311:4.45:0,0:39.38:18596197:4.45:0,0:39.37:13524850:4.45:0,0:39.17:16527917:2.63:1,1:39.16:16478711:2.63:0,0:38.95:27453666:2.63:0,0:60.37:663970:2.9:1,0:39.63:25969683:2.9:0,0:37.18:68940943:2.9:0
T_112219P42.5,0.0,0:36.91,0:38.49,0:38.2,0.0,0:38.89,0:39.17,0:39.25,0:39.42:25540311:0.0:0,0:39.38:18596197:0.0:0,0:39.37:13524850:0.0:0,0:39.17:16527917:0.0:0,0:39.16:16478711:0.0:0,0:38.95:27453666:0.0:0,0:60.37:663970:0.0:0,0:39.63:25969683:0.0:0,0:37.18:68940943:0.0:0
T_112919P33,59.0,62:36.91,62:38.49,62:38.2,62.0,62:38.89,62:39.17,62:39.25,62:39.42:25540311:0.03:0,62:39.38:18596197:0.03:0,62:39.37:13524850:0.01:5,62:39.17:16527917:0.01:0,62:39.16:16478711:0.01:0,62:38.95:27453666:0.01:0,62:60.37:663970:0.01:1,62:39.63:25969683:0.01:0,62:37.18:68940943:0.01:0
T_112919P33.5,62.0,97:36.91,97:38.49,97:38.2,97.0,97:38.89,96:39.17,96:39.25,96:39.42:25540311:0.01:15,101:39.38:18596197:0.01:0,101:39.37:13524850:0.01:0,101:39.17:16527917:0.01:0,101:39.16:16478711:0.01:4,105:38.95:27453666:0.01:0,105:60.37:663970:0.01:0,105:39.63:25969683:0.01:0,105:37.18:68940943:0.03:1
T_112919P34,23.0,29:36.91,76:38.49,39:38.2,38.0,38:38.89,38:39.17,38:39.25,38:39.42:25540311:0.02:0,38:39.38:18596197:0.02:0,38:39.37:13524850:0.02:0,38:39.17:16527917:0.02:2,39:39.16:16478711:0.02:0,39:38.95:27453666:0.04:2,40:60.37:663970:0.04:0,40:39.63:25969683:0.01:101,U:37.18:68940943:U:U
T_112919P34.5,67.0,83:36.91,85:38.49,82:38.2,82.0,81:38.89,81:39.17,81:39.25,81:39.42:25540311:0.05:0,81:39.38:18596197:0.05:0,81:39.37:13524850:0.05:0,81:39.17:16527917:0.02:2,81:39.16:16478711:0.02:0,81:38.95:27453666:0.02:23,62:60.37:663970:0.02:0,62:39.63:25969683:0.02:0,62:37.18:68940943:0.03:46
T_112919P35,248.0,291:36.91,323:38.49,311:38.2,300.0,297:38.89,297:39.17,437:39.25,437:39.42:25540311:0.03:14,424:39.38:18596197:0.03:0,424:39.37:13524850:0.03:0,424:39.17:16527917:0.03:0,424:39.16:16478711:0.03:0,424:38.95:27453666:0.03:0,424:60.37:663970:0.03:0,424:39.63:25969683:0.03:3,421:37.18:68940943:0.06:262
T_112919P35.5,596.0,603:36.91,609:38.49,612:38.2,621.0,623:38.89,622:39.17,622:39.25,622:39.42:25540311:0.03:7,615:39.38:18596197:0.03:0,615:39.37:13524850:0.03:0,615:39.17:16527917:0.03:5,618:39.16:16478711:0.02:1,619:38.95:27453666:0.02:0,619:60.37:663970:0.02:1,619:39.63:25969683:0.01:2,636:37.18:68940943:0.06:182
T_112919P36,361.0,383:36.91,409:38.49,515:38.2,517.0,517:38.89,512:39.17,512:39.25,510:39.42:25540311:0.06:0,510:39.38:18596197:0.05:7,509:39.37:13524850:0.04:141,411:39.17:16527917:0.03:2,409:39.16:16478711:0.03:0,409:38.95:27453666:0.03:1,408:60.37:663970:0.03:0,408:39.63:25969683:0.03:0,501:37.18:68940943:0.1:934
T_112919P36.5,175.0,152:36.91,182:38.49,185:38.2,258.0,247:38.89,246:39.17,246:39.25,245:39.42:25540311:0.06:1,245:39.38:18596197:0.06:0,245:39.37:13524850:0.04:5,242:39.17:16527917:0.04:7,242:39.16:16478711:0.04:4,241:38.95:27453666:0.04:10,251:60.37:663970:0.02:15,251:39.63:25969683:0.01:102,236:37.18:68940943:0.17:2818
T_112919P37,174.0,193:36.91,190:38.49,300:38.2,378.0,417:38.89,445:39.17,443:39.25,441:39.42:25540311:0.07:13,430:39.38:18596197:0.07:0,430:39.37:13524850:0.06:28,426:39.17:16527917:0.05:8,419:39.16:16478711:0.05:2,420:38.95:27453666:0.06:91,442:60.37:663970:0.03:16,432:39.63:25969683:0.03:21,811:37.18:68940943:0.32:1310
T_112919P37.5,1639.0,1641:36.91,1635:38.49,1656:38.2,1722.0,1737:38.89,1759:39.17,1759:39.25,1845:39.42:25540311:0.1:1,1845:39.38:18596197:0.11:6,1844:39.37:13524850:0.08:27,1838:39.17:16527917:0.07:182,2018:39.16:16478711:0.07:26,2032:38.95:27453666:0.1:69,2011:60.37:663970:0.1:0,2011:39.63:25969683:0.03:15,2300:37.18:68940943:0.58:606
T_112919P38,1122.0,1134:36.91,1134:38.49,1203:38.2,1270.0,1792:38.89,1810:39.17,1830:39.25,1840:39.42:25540311:0.15:7,1838:39.38:18596197:0.15:83,1912:39.37:13524850:0.12:44,1934:39.17:16527917:0.13:551,2380:39.16:16478711:0.11:170,2525:38.95:27453666:0.12:80,2578:60.37:663970:0.07:51,2594:39.63:25969683:0.05:227,3325:37.18:68940943:1.02:4447
T_112919P38.5,5.0,7:36.91,7:38.49,2039:38.2,2068.0,2089:38.89,2194:39.17,2183:39.25,2185:39.42:25540311:0.22:102,2191:39.38:18596197:0.23:120,2194:39.37:13524850:0.19:446,2521:39.17:16527917:0.23:667,2972:39.16:16478711:0.2:110,3079:38.95:27453666:0.23:63,3127:60.37:663970:0.12:569,3437:39.63:25969683:0.07:664,4508:37.18:68940943:1.34:271
T_112919P39,17.0,17:36.91,17:38.49,67:38.2,77.0,79:38.89,134:39.17,150:39.25,372:39.42:25540311:0.34:284,377:39.38:18596197:0.4:108,445:39.37:13524850:0.34:65,471:39.17:16527917:0.34:99,546:39.16:16478711:0.36:191,598:38.95:27453666:0.41:34,625:60.37:663970:0.19:208,703:39.63:25969683:0.15:397,917:37.18:68940943:1.91:410
T_112919P39.5,0.0,0:36.91,0:38.49,9:38.2,9.0,10:38.89,30:39.17,29:39.25,36:39.42:25540311:0.54:99,134:39.38:18596197:0.57:125,82:39.37:13524850:0.53:10,85:39.17:16527917:0.66:47,95:39.16:16478711:0.61:32,120:38.95:27453666:0.88:18,132:60.37:663970:0.37:38,148:39.63:25969683:0.29:582,759:37.18:68940943:2.59:188
T_112919P40,4.0,4:36.91,4:38.49,12:38.2,12.0,12:38.89,91:39.17,91:39.25,108:39.42:25540311:0.8:3,111:39.38:18596197:0.96:13,122:39.37:13524850:0.84:2,123:39.17:16527917:0.95:14,113:39.16:16478711:0.95:62,160:38.95:27453666:1.31:16,159:60.37:663970:0.73:68,161:39.63:25969683:0.59:33,150:37.18:68940943:3.57:90
T_112919P40.5,0.0,0:36.91,0:38.49,0:38.2,5.0,7:38.89,81:39.17,81:39.25,77:39.42:25540311:1.15:60,120:39.38:18596197:1.15:0,120:39.37:13524850:1.15:0,120:39.17:16527917:1.18:16,119:39.16:16478711:1.24:23,132:38.95:27453666:1.24:0,132:60.37:663970:1.2:2,134:39.63:25969683:0.97:127,216:37.18:68940943:3.55:3
T_112919P41,0.0,0:36.91,0:38.49,0:38.2,0.0,0:38.89,0:39.17,1:39.25,1:39.42:25540311:1.52:23,24:39.38:18596197:1.52:0,24:39.37:13524850:1.52:0,24:39.17:16527917:1.52:0,24:39.16:16478711:1.52:0,24:38.95:27453666:2.26:1,24:60.37:663970:2.26:0,24:39.63:25969683:2.26:0,1:37.18:68940943:2.26:0
T_112919P41.5,0.0,0:36.91,0:38.49,0:38.2,0.0,0:38.89,0:39.17,0:39.25,0:39.42:25540311:0.0:0,0:39.38:18596197:0.0:0,0:39.37:13524850:0.0:0,0:39.17:16527917:0.0:0,0:39.16:16478711:0.0:0,0:38.95:27453666:0.0:0,0:60.37:663970:0.0:0,0:39.63:25969683:0.0:0,0:37.18:68940943:4.95:3
T_112919P42,0.0,0:36.91,0:38.49,0:38.2,0.0,0:38.89,0:39.17,0:39.25,0:39.42:25540311:0.0:0,0:39.38:18596197:0.0:0,0:39.37:13524850:0.0:0,0:39.17:16527917:0.0:0,0:39.16:16478711:0.0:0,0:38.95:27453666:0.0:0,0:60.37:663970:0.0:0,0:39.63:25969683:0.0:0,0:37.18:68940943:0.0:0
T_112919P42.5,0.0,0:36.91,0:38.49,0:38.2,0.0,0:38.89,0:39.17,0:39.25,0:39.42:25540311:0.0:0,0:39.38:18596197:0.0:0,0:39.37:13524850:0.0:0,0:39.17:16527917:0.0:0,0:39.16:16478711:0.0:0,0:38.95:27453666:0.0:0,0:60.37:663970:0.0:0,0:39.63:25969683:0.0:0,0:37.18:68940943:0.0:0
T_122019P30,3.0,8:36.91,15:38.49,15:38.2,15.0,15:38.89,15:39.17,24:39.25,24:39.42:25540311:0.02:2,22:39.38:18596197:0.02:0,22:39.37:13524850:0.02:0,22:39.17:16527917:0.01:2,20:39.16:16478711:0.01:0,20:38.95:27453666:0.01:0,20:60.37:663970:0.01:0,20:39.63:25969683:0.01:0,U:37.18:68940943:U:U
T_122019P31,21.0,176:36.91,182:38.49,197:38.2,198.0,198:38.89,199:39.17,205:39.25,205:39.42:25540311:0.01:0,205:39.38:18596197:0.01:0,205:39.37:13524850:0.01:0,205:39.17:16527917:0.01:0,205:39.16:16478711:0.01:0,205:38.95:27453666:0.01:0,205:60.37:663970:0.01:0,205:39.63:25969683:0.01:60,201:37.18:68940943:0.02:3
T_122019P32,56.0,267:36.91,368:38.49,368:38.2,363.0,363:38.89,364:39.17,365:39.25,365:39.42:25540311:0.01:5,365:39.38:18596197:0.04:2,365:39.37:13524850:0.04:0,365:39.17:16527917:0.04:0,365:39.16:16478711:0.04:0,365:38.95:27453666:0.04:0,365:60.37:663970:0.04:0,365:39.63:25969683:0.04:0,369:37.18:68940943:0.04:22
T_122019P33,58.0,501:36.91,515:38.49,525:38.2,580.0,580:38.89,580:39.17,580:39.25,580:39.42:25540311:0.03:66,645:39.38:18596197:0.03:0,645:39.37:13524850:0.04:3,645:39.17:16527917:0.03:12,639:39.16:16478711:0.02:15,654:38.95:27453666:0.02:0,654:60.37:663970:0.01:70,708:39.63:25969683:0.02:4,814:37.18:68940943:0.08:77
T_122019P34,734.0,829:36.91,1061:38.49,1014:38.2,1026.0,946:38.89,946:39.17,946:39.25,945:39.42:25540311:0.04:2,945:39.38:18596197:0.04:9,945:39.37:13524850:0.03:80,945:39.17:16527917:0.03:0,945:39.16:16478711:0.03:0,945:38.95:27453666:0.05:22,945:60.37:663970:0.04:10,936:39.63:25969683:0.01:2,927:37.18:68940943:0.16:177
T_122019P35,372.0,2005:36.91,2219:38.49,2276:38.2,2236.0,2240:38.89,2219:39.17,2132:39.25,2126:39.42:25540311:0.07:10,2122:39.38:18596197:0.06:54,2087:39.37:13524850:0.06:9,2087:39.17:16527917:0.06:6,2082:39.16:16478711:0.06:0,2082:38.95:27453666:0.06:41,2064:60.37:663970:0.05:114,1994:39.63:25969683:0.05:61,2855:37.18:68940943:0.18:1090
T_122019P36,684.0,891:36.91,2278:38.49,2606:38.2,2657.0,2732:38.89,2769:39.17,2772:39.25,2740:39.42:25540311:0.12:197,2719:39.38:18596197:0.14:136,2719:39.37:13524850:0.1:17,2703:39.17:16527917:0.09:33,2734:39.16:16478711:0.11:997,2766:38.95:27453666:0.1:148,2909:60.37:663970:0.06:101,2962:39.63:25969683:0.05:95,U:37.18:68940943:U:U
T_122019P37,3192.0,4785:36.91,5077:38.49,3766:38.2,4231.0,4626:38.89,4907:39.17,5075:39.25,5060:39.42:25540311:0.18:200,5153:39.38:18596197:0.19:172,5243:39.37:13524850:0.15:103,5236:39.17:16527917:0.18:31,5248:39.16:16478711:0.19:32,5271:38.95:27453666:0.21:82,5317:60.37:663970:0.12:113,5269:39.63:25969683:0.09:904,U:37.18:68940943:U:U
T_122019P38,1478.0,1711:36.91,1808:38.49,9960:38.2,10004.0,10431:38.89,10476:39.17,10586:39.25,10641:39.42:25540311:0.34:477,10729:39.38:18596197:0.34:977,10623:39.37:13524850:0.31:241,10800:39.17:16527917:0.33:2205,10117:39.16:16478711:0.35:330,10387:38.95:27453666:0.47:3552,10078:60.37:663970:0.21:272,10089:39.63:25969683:0.19:875,17836:37.18:68940943:1.18:14091
T_122019P39,503.0,602:36.91,614:38.49,1045:38.2,1513.0,1814:38.89,2197:39.17,2262:39.25,2322:39.42:25540311:0.62:2262,4218:39.38:18596197:0.61:1183,4582:39.37:13524850:0.59:13424,16163:39.17:16527917:0.64:2545,16096:39.16:16478711:0.65:331,16259:38.95:27453666:0.69:5807,17016:60.37:663970:0.46:2504,17658:39.63:25969683:0.42:1801,15878:37.18:68940943:2.0:2369
T_122019P40,271.0,279:36.91,279:38.49,279:38.2,293.0,430:38.89,723:39.17,777:39.25,891:39.42:25540311:1.04:441,927:39.38:18596197:1.11:236,1098:39.37:13524850:1.1:71,1071:39.17:16527917:1.2:36,1073:39.16:16478711:1.17:148,1144:38.95:27453666:1.45:332,1251:60.37:663970:0.93:117,1279:39.63:25969683:0.87:566,1758:37.18:68940943:2.86:127
T_122019P41,10.0,12:36.91,12:38.49,22:38.2,180.0,184:38.89,246:39.17,250:39.25,252:39.42:25540311:1.7:101,263:39.38:18596197:1.7:0,263:39.37:13524850:1.87:10,273:39.17:16527917:1.96:1,274:39.16:16478711:1.97:2,275:38.95:27453666:2.11:78,306:60.37:663970:1.81:56,314:39.63:25969683:1.82:7,311:37.18:68940943:4.35:8
T_122019P42,0.0,0:36.91,0:38.49,0:38.2,0.0,4:38.89,5:39.17,5:39.25,5:39.42:25540311:2.73:0,5:39.38:18596197:2.73:1,6:39.37:13524850:2.73:0,6:39.17:16527917:2.73:0,6:39.16:16478711:2.73:1,6:38.95:27453666:2.73:0,6:60.37:663970:2.68:8,14:39.63:25969683:2.68:0,14:37.18:68940943:5.2:5
T_122019P43,0.0,0:36.91,0:38.49,0:38.2,0.0,0:38.89,2:39.17,4:39.25,3:39.42:25540311:3.9:0,3:39.38:18596197:3.9:0,3:39.37:13524850:3.9:0,3:39.17:16527917:3.9:0,3:39.16:16478711:3.9:0,3:38.95:27453666:3.9:0,3:60.37:663970:3.9:0,3:39.63:25969683:3.9:0,1:37.18:68940943:4.4:0
T_122019P44,18.0,18:36.91,9:38.49,8:38.2,8.0,8:38.89,8:39.17,8:39.25,8:39.42:25540311:4.73:0,8:39.38:18596197:4.73:0,8:39.37:13524850:4.73:0,8:39.17:16527917:4.73:0,8:39.16:16478711:4.73:0,8:38.95:27453666:4.73:0,8:60.37:663970:4.73:0,8:39.63:25969683:4.73:0,8:37.18:68940943:4.73:0
T_122019P45,0.0,0:36.91,0:38.49,0:38.2,0.0,0:38.89,0:39.17,0:39.25,0:39.42:25540311:0.0:0,0:39.38:18596197:0.0:0,0:39.37:13524850:5.72:2,0:39.17:16527917:5.72:0,0:39.16:16478711:5.72:0,0:38.95:27453666:5.72:0,0:60.37:663970:5.72:0,0:39.63:25969683:5.72:0,0:37.18:68940943:5.72:0
T_122019P46,0.0,0:36.91,0:38.49,0:38.2,0.0,0:38.89,0:39.17,0:39.25,0:39.42:25540311:0.0:0,0:39.38:18596197:0.0:0,0:39.37:13524850:0.0:0,0:39.17:16527917:0.0:0,0:39.16:16478711:0.0:0,0:38.95:27453666:0.0:0,0:60.37:663970:0.0:0,0:39.63:25969683:0.0:0,0:37.18:68940943:0.0:0
T_120619P33.5,0.0,2320:36.91,2320:38.49,2320:38.2,1170.0,1170:38.89,1170:39.17,1170:39.25,1170:39.42:25540311:0.05:0,1170:39.38:18596197:0.05:0,1170:39.37:13524850:0.05:0,1170:39.17:16527917:0.05:0,1170:39.16:16478711:0.05:0,1170:38.95:27453666:0.05:0,1170:60.37:663970:0.05:0,1170:39.63:25969683:0.05:0,1170:37.18:68940943:0.05:25
T_120619P35,0.0,42:36.91,52:38.49,52:38.2,52.0,52:38.89,52:39.17,52:39.25,52:39.42:25540311:0.05:0,52:39.38:18596197:0.03:12,45:39.37:13524850:0.03:6,51:39.17:16527917:0.03:2,49:39.16:16478711:0.03:0,49:38.95:27453666:0.04:7,51:60.37:663970:0.04:10,51:39.63:25969683:0.04:0,51:37.18:68940943:0.09:1484
T_112219P32,0.0,5:36.91,5:38.49,5:38.2,5.0,5:38.89,5:39.17,5:39.25,5:39.42:25540311:0.06:0,5:39.38:18596197:0.06:0,5:39.37:13524850:0.06:0,5:39.17:16527917:0.01:2,5:39.16:16478711:0.01:0,5:38.95:27453666:0.01:0,5:60.37:663970:0.01:0,5:39.63:25969683:0.01:0,5:37.18:68940943:0.01:1
T_120619P41.5,0.0,0:36.91,0:38.49,0:38.2,0.0,0:38.89,0:39.17,0:39.25,0:39.42:25540311:0.0:0,0:39.38:18596197:0.0:0,0:39.37:13524850:0.0:0,0:39.17:16527917:0.0:0,0:39.16:16478711:0.0:0,0:38.95:27453666:0.0:0,0:60.37:663970:0.0:0,0:39.63:25969683:0.0:0,6:37.18:68940943:3.05:0
T_112219P32.5,0.0,4:36.91,4:38.49,4:38.2,4.0,4:38.89,4:39.17,4:39.25,4:39.42:25540311:0.1:0,4:39.38:18596197:0.1:0,4:39.37:13524850:0.1:0,4:39.17:16527917:0.1:0,4:39.16:16478711:0.1:0,4:38.95:27453666:0.1:0,4:60.37:663970:0.1:0,4:39.63:25969683:0.1:0,4:37.18:68940943:0.1:0
T_120619P38.5,0.0,0:36.91,0:38.49,17:38.2,106.0,108:38.89,184:39.17,195:39.25,220:39.42:25540311:0.3:40,217:39.38:18596197:0.36:42,215:39.37:13524850:0.29:38,250:39.17:16527917:0.29:17,246:39.16:16478711:0.29:11,257:38.95:27453666:0.34:45,291:60.37:663970:0.22:316,602:39.63:25969683:0.14:672,1349:37.18:68940943:1.58:134
T_112919P32,0.0,28:36.91,28:38.49,34:38.2,34.0,34:38.89,34:39.17,34:39.25,34:39.42:25540311:0.03:0,34:39.38:18596197:0.03:0,34:39.37:13524850:0.03:0,34:39.17:16527917:0.03:0,34:39.16:16478711:0.03:0,34:38.95:27453666:0.03:0,34:60.37:663970:0.03:0,34:39.63:25969683:0.01:20,U:37.18:68923743:10.45:0:37.18:68940943:0.4:U
T_120619P39.5,0.0,0:36.91,0:38.49,0:38.2,0.0,0:38.89,0:39.17,3:39.25,3:39.42:25540311:0.63:27,22:39.38:18596197:0.81:17,34:39.37:13524850:0.81:0,34:39.17:16527917:0.67:10,34:39.16:16478711:0.67:0,34:38.95:27453666:0.77:34,43:60.37:663970:0.58:4,45:39.63:25969683:0.42:41,101:37.18:68940943:2.44:86
T_120619P38,0.0,0:36.91,0:38.49,24:38.2,29.0,46:38.89,116:39.17,117:39.25,127:39.42:25540311:0.2:21,146:39.38:18596197:0.21:94,236:39.37:13524850:0.19:29,260:39.17:16527917:0.19:0,260:39.16:16478711:0.21:10,270:38.95:27453666:0.22:24,292:60.37:663970:0.1:114,231:39.63:25969683:0.09:16,U:37.18:68940943:U:U
T_120619P35.5,0.0,23:36.91,40:38.49,34:38.2,34.0,34:38.89,34:39.17,34:39.25,34:39.42:25540311:0.14:0,34:39.38:18596197:0.14:0,34:39.37:13524850:0.14:0,34:39.17:16527917:0.04:2,34:39.16:16478711:0.04:0,34:38.95:27453666:0.03:6,34:60.37:663970:0.03:0,34:39.63:25969683:0.03:0,55:37.18:68940943:0.2:74
T_120619P40.5,0.0,0:36.91,0:38.49,1:38.2,1.0,1:38.89,52:39.17,52:39.25,52:39.42:25540311:1.51:0,52:39.38:18596197:1.51:0,52:39.37:13524850:1.51:0,52:39.17:16527917:1.51:0,52:39.16:16478711:1.51:0,52:38.95:27453666:1.51:0,52:60.37:663970:1.31:10,62:39.63:25969683:1.03:98,U:37.18:68940943:U:U
T_120619P37.5,0.0,20:36.91,20:38.49,129:38.2,143.0,147:38.89,251:39.17,261:39.25,276:39.42:25540311:0.14:127,344:39.38:18596197:0.15:11,339:39.37:13524850:0.13:130,274:39.17:16527917:0.12:14,268:39.16:16478711:0.12:3,268:38.95:27453666:0.15:100,268:60.37:663970:0.08:23,287:39.63:25969683:0.08:0,U:37.18:68940943:U:U
T_120619P37,0.0,13:36.91,49:38.49,118:38.2,215.0,523:38.89,550:39.17,554:39.25,539:39.42:25540311:0.1:5,539:39.38:18596197:0.11:41,562:39.37:13524850:0.08:799,1296:39.17:16527917:0.09:8,1297:39.16:16478711:0.08:1,1297:38.95:27453666:0.1:11,1290:60.37:663970:0.06:17,1273:39.63:25969683:0.05:22,U:37.18:68940943:U:U
T_120619P34,0.0,1:36.91,2:38.49,2:38.2,2.0,2:38.89,2:39.17,2:39.25,2:39.42:25540311:0.05:0,2:39.38:18596197:0.05:0,2:39.37:13524850:0.05:0,2:39.17:16527917:0.05:0,2:39.16:16478711:0.05:0,2:38.95:27453666:0.05:0,2:60.37:663970:0.05:0,2:39.63:25969683:0.03:6,U:37.18:68940943:U:U
T_120619P32.5,0.0,8:36.91,18:38.49,18:38.2,18.0,18:38.89,18:39.17,18:39.25,13:39.42:25540311:0.03:0,13:39.38:18596197:0.03:0,13:39.37:13524850:0.03:0,13:39.17:16527917:0.03:0,13:39.16:16478711:0.03:0,13:38.95:27453666:0.03:0,13:60.37:663970:0.01:10,13:39.63:25969683:0.01:0,13:37.18:68940943:0.01:0
T_120619P39,0.0,0:36.91,0:38.49,11:38.2,12.0,26:38.89,31:39.17,135:39.25,188:39.42:25540311:0.45:152,317:39.38:18596197:0.48:161,476:39.37:13524850:0.43:126,601:39.17:16527917:0.51:59,580:39.16:16478711:0.48:15,593:38.95:27453666:0.52:82,659:60.37:663970:0.3:36,672:39.63:25969683:0.24:2851,U:37.18:68940943:U:U
T_120619P41,0.0,1:36.91,1:38.49,1:38.2,1.0,1:38.89,4:39.17,4:39.25,4:39.42:25540311:1.59:1,4:39.38:18596197:1.59:0,4:39.37:13524850:1.59:0,4:39.17:16527917:1.59:0,4:39.16:16478711:1.59:0,4:38.95:27453666:1.59:0,4:60.37:663970:1.59:0,4:39.63:25969683:1.59:0,4:37.18:68940943:4.15:2
T_112919P32.5,0.0,29:36.91,29:38.49,21:38.2,21.0,21:38.89,13:39.17,13:39.25,13:39.42:25540311:0.02:0,13:39.38:18596197:0.02:0,13:39.37:13524850:0.02:0,13:39.17:16527917:0.02:0,13:39.16:16478711:0.02:0,13:38.95:27453666:0.02:0,13:60.37:663970:0.02:0,13:39.63:25969683:0.02:0,13:37.18:68940943:0.02:0
T_120619P36.5,0.0,2:36.91,10:38.49,61:38.2,77.0,77:38.89,77:39.17,77:39.25,77:39.42:25540311:0.09:2,77:39.38:18596197:0.09:2,77:39.37:13524850:0.06:3,77:39.17:16527917:0.06:0,77:39.16:16478711:0.06:0,77:38.95:27453666:0.08:18,91:60.37:663970:0.04:130,216:39.63:25969683:0.04:0,237:37.18:68940943:0.3:796
T_120619P36,0.0,13:36.91,29:38.49,62:38.2,62.0,62:38.89,62:39.17,71:39.25,71:39.42:25540311:0.07:0,71:39.38:18596197:0.08:1,71:39.37:13524850:0.08:0,71:39.17:16527917:0.03:5,72:39.16:16478711:0.03:1,72:38.95:27453666:0.05:12,74:60.37:663970:0.05:0,74:39.63:25969683:0.05:0,78:37.18:68940943:0.2:332
T_120619P40,0.0,0:36.91,0:38.49,1:38.2,13.0,23:38.89,29:39.17,29:39.25,54:39.42:25540311:0.87:6,59:39.38:18596197:0.87:0,59:39.37:13524850:0.92:36,87:39.17:16527917:0.92:0,87:39.16:16478711:1.01:1,88:38.95:27453666:1.12:18,98:60.37:663970:1.12:0,98:39.63:25969683:0.71:13,99:37.18:68940943:2.5:6
T_120619P33,0.0,8:36.91,8:38.49,8:38.2,8.0,8:38.89,8:39.17,8:39.25,12:39.42:25540311:0.03:0,12:39.38:18596197:0.03:0,12:39.37:13524850:0.03:0,12:39.17:16527917:0.03:0,12:39.16:16478711:0.03:0,12:38.95:27453666:0.03:0,12:60.37:663970:0.03:0,12:39.63:25969683:0.03:0,12:37.18:68940943:0.05:1
T_120619P34.5,0.0,35:36.91,36:38.49,37:38.2,34.0,34:38.89,34:39.17,34:39.25,34:39.42:25540311:0.08:0,34:39.38:18596197:0.08:0,34:39.37:13524850:0.03:1,33:39.17:16527917:0.03:0,33:39.16:16478711:0.03:0,33:38.95:27453666:0.03:0,33:60.37:663970:0.03:0,33:39.63:25969683:0.03:0,34:37.18:68940943:0.09:10
T_120619P32,0.0,3:36.91,3:38.49,3:38.2,3.0,3:38.89,3:39.17,3:39.25,3:39.42:25540311:0.12:0,3:39.38:18596197:0.12:0,3:39.37:13524850:0.12:0,3:39.17:16527917:0.12:0,3:39.16:16478711:0.12:0,3:38.95:27453666:0.12:0,3:60.37:663970:0.12:0,3:39.63:25969683:0.12:0,3:37.18:68940943:0.12:0
T_112919P43,0.0,0,0:38.49,0:38.2,0.0,0:38.89,0:39.17,0:39.25,0:39.42:25540311:0.0:0,0:39.38:18596197:0.0:0,0:39.37:13524850:0.0:0,0:39.17:16527917:0.0:0,0:39.16:16478711:0.0:0,0:38.95:27453666:0.0:0,0:60.37:663970:0.0:0,0:39.63:25969683:0.0:0,U:37.18:68940943:U:U
T_120619P43,0.0,0,0:38.49,0:38.2,0.0,0:38.89,0:39.17,0:39.25,0:39.42:25540311:0.0:0,0:39.38:18596197:0.0:0,0:39.37:13524850:0.0:0,0:39.17:16527917:0.0:0,0:39.16:16478711:0.0:0,0:38.95:27453666:0.0:0,0:60.37:663970:0.0:0,0:39.63:25969683:0.0:0,0:37.18:68940943:0.0:0
T_112219P43,0.0,0,0:38.49,0:38.2,0.0,0:38.89,0:39.17,0:39.25,0:39.42:25540311:0.0:0,0:39.38:18596197:0.0:0,0:39.37:13524850:0.0:0,0:39.17:16527917:0.0:0,0:39.16:16478711:0.0:0,0:38.95:27453666:0.0:0,0:60.37:663970:0.0:0,0:39.63:25969683:0.0:0,0:37.18:68940943:0.0:0
T_120619P42,0.0,0,1:38.49,1:38.2,1.0,1:38.89,1:39.17,1:39.25,1:39.42:25540311:4.5:0,1:39.38:18596197:2.8:7,8:39.37:13524850:2.77:7,6:39.17:16527917:2.77:0,1:39.16:16478711:2.77:0,1:38.95:27453666:3.1:1,2:60.37:663970:3.1:0,2:39.63:25969683:3.1:0,4:37.18:68940943:3.4:0
T_120619P42.5,0.0,0,0:38.49,0:38.2,0.0,0:38.89,0:39.17,0:39.25,0:39.42:25540311:0.0:0,0:39.38:18596197:0.0:0,0:39.37:13524850:0.0:0,0:39.17:16527917:0.0:0,0:39.16:16478711:0.0:0,0:38.95:27453666:0.0:0,0:60.37:663970:0.0:0,0:39.63:25969683:0.0:0,0:37.18:68940943:0.0:0
T_112219P43.5,U,U,U,U,0.0,0:38.89,0:39.17,0:39.25,0:39.42:25540311:0.0:0,0:39.38:18596197:0.0:0,0:39.37:13524850:0.0:0,0:39.17:16527917:0.0:0,0:39.16:16478711:0.0:0,0:38.95:27453666:0.0:0,0:60.37:663970:0.0:0,0:39.63:25969683:0.0:0,0:37.18:68940943:0.0:0
T_112919P43.5,U,U,U,U,0.0,0:38.89,0:39.17,0:39.25,0:39.42:25540311:0.0:0,0:39.38:18596197:0.0:0,0:39.37:13524850:0.0:0,0:39.17:16527917:0.0:0,0:39.16:16478711:0.0:0,0:38.95:27453666:0.0:0,0:60.37:663970:0.0:0,0:39.63:25969683:0.0:0,0:37.18:68940943:0.0:0
T_120619P43.5,U,U,U,U,0.0,0:38.89,0:39.17,0:39.25,0:39.42:25540311:0.0:0,0:39.38:18596197:0.0:0,0:39.37:13524850:0.0:0,0:39.17:16527917:0.0:0,0:39.16:16478711:0.0:0,0:38.95:27453666:0.0:0,0:60.37:663970:0.0:0,0:39.63:25969683:0.0:0,0:37.18:68940943:0.0:0
T_121319P34,U,U,U,U,0.0,0:38.89,0:39.17,0:39.25,0:39.42:25540311:0.0:0,0:39.38:18596197:0.0:0,0:39.37:13524850:0.0:0,0:39.17:16527917:0.0:0,0:39.16:16478711:0.0:0,0:38.95:27453666:0.04:2,2:60.37:663970:0.04:0,2:39.63:25969683:0.04:0,4:37.18:68940943:0.09:1
T_121319P34.5,U,U,U,U,0.0,0:38.89,0:39.17,0:39.25,0:39.42:25540311:0.0:0,0:39.38:18596197:0.0:0,0:39.37:13524850:0.0:0,0:39.17:16527917:0.0:0,0:39.16:16478711:0.02:10,10:38.95:27453666:0.02:0,10:60.37:663970:0.02:0,10:39.63:25969683:0.02:0,U:37.18:68940943:.:U
T_121319P35,U,U,U,U,0.0,6:38.89,6:39.17,6:39.25,6:39.42:25540311:0.09:0,6:39.38:18596197:0.09:0,6:39.37:13524850:0.09:0,6:39.17:16527917:0.09:0,6:39.16:16478711:0.09:0,6:38.95:27453666:0.05:12,17:60.37:663970:0.05:0,17:39.63:25969683:0.05:0,23:37.18:68940943:0.14:33
T_121319P35.5,U,U,U,U,0.0,0:38.89,2:39.17,2:39.25,2:39.42:25540311:0.1:0,2:39.38:18596197:0.1:0,2:39.37:13524850:0.1:0,2:39.17:16527917:0.1:0,2:39.16:16478711:0.1:0,2:38.95:27453666:0.1:0,2:60.37:663970:0.1:0,2:39.63:25969683:0.1:0,U:37.18:68940943:U:U
T_121319P36,U,U,U,U,28.0,28:38.89,28:39.17,29:39.25,39:39.42:25540311:0.09:4,43:39.38:18596197:0.08:10,50:39.37:13524850:0.09:10,50:39.17:16527917:0.09:0,50:39.16:16478711:0.09:0,50:38.95:27453666:0.09:0,50:60.37:663970:0.09:0,50:39.63:25969683:0.03:1,557:37.18:68940943:0.32:75
T_121319P36.5,U,U,U,U,0.0,2:38.89,7:39.17,14:39.25,14:39.42:25540311:0.17:0,14:39.38:18596197:0.11:1,14:39.37:13524850:0.11:0,14:39.17:16527917:0.11:0,14:39.16:16478711:0.11:0,14:38.95:27453666:0.11:35,46:60.37:663970:0.07:5,49:39.63:25969683:0.07:0,U:37.18:68940943:U:U
T_121319P37,U,U,U,U,3.0,9:38.89,8:39.17,35:39.25,56:39.42:25540311:0.14:1,57:39.38:18596197:0.14:0,57:39.37:13524850:0.12:151,199:39.17:16527917:0.11:20,219:39.16:16478711:0.11:0,229:38.95:27453666:0.16:10,239:60.37:663970:0.1:1,238:39.63:25969683:0.06:21,235:37.18:68940943:0.62:313
T_121319P37.5,U,U,U,U,13.0,17:38.89,39:39.17,52:39.25,67:39.42:25540311:0.2:50,113:39.38:18596197:0.22:126,229:39.37:13524850:0.19:4,228:39.17:16527917:0.18:3,231:39.16:16478711:0.2:10,241:38.95:27453666:0.2:0,241:60.37:663970:0.2:0,241:39.63:25969683:0.1:60,421:37.18:68940943:1.14:99
T_121319P38,U,U,U,U,0.0,20:38.89,71:39.17,73:39.25,80:39.42:25540311:0.28:43,103:39.38:18596197:0.31:21,124:39.37:13524850:0.25:13,135:39.17:16527917:0.28:11,144:39.16:16478711:0.27:93,237:38.95:27453666:0.28:71,299:60.37:663970:0.23:15,301:39.63:25969683:0.14:576,U:37.18:68940943:U:U
T_121319P38.5,U,U,U,U,3.0,9:38.89,26:39.17,20:39.25,41:39.42:25540311:0.37:5,46:39.38:18596197:0.38:19,59:39.37:13524850:0.35:57,116:39.17:16527917:0.34:105,186:39.16:16478711:0.4:31,203:38.95:27453666:0.46:168,240:60.37:663970:0.28:113,336:39.63:25969683:0.22:116,432:37.18:68940943:1.67:33
T_121319P39,U,U,U,U,4.0,211:38.89,204:39.17,420:39.25,425:39.42:25540311:0.57:12,427:39.38:18596197:0.64:12,427:39.37:13524850:0.51:51,427:39.17:16527917:0.61:226,561:39.16:16478711:0.57:61,561:38.95:27453666:0.71:70,544:60.37:663970:0.39:38,562:39.63:25969683:0.33:175,U:37.18:68940943:U:U
T_121319P39.5,U,U,U,U,0.0,200:38.89,65:39.17,65:39.25,65:39.42:25540311:0.72:62,121:39.38:18596197:0.86:2,122:39.37:13524850:0.75:2,124:39.17:16527917:0.79:14,126:39.16:16478711:0.79:0,126:38.95:27453666:1.01:53,139:60.37:663970:0.66:24,153:39.63:25969683:0.51:85,179:37.18:68940943:1.57:0
T_121319P40,U,U,U,U,0.0,0:38.89,1:39.17,1:39.25,11:39.42:25540311:1.01:19,28:39.38:18596197:1.04:1,29:39.37:13524850:1.11:4,29:39.17:16527917:1.13:4,33:39.16:16478711:1.13:0,33:38.95:27453666:1.13:0,33:60.37:663970:1.13:0,33:39.63:25969683:0.78:13,35:37.18:68940943:1.95:0
T_121319P40.5,U,U,U,U,0.0,0:38.89,0:39.17,0:39.25,0:39.42:25540311:1.29:57,57:39.38:18596197:1.38:1,58:39.37:13524850:1.44:5,62:39.17:16527917:1.34:1,62:39.16:16478711:1.34:0,62:38.95:27453666:1.34:0,62:60.37:663970:1.34:0,62:39.63:25969683:1.34:0,U:37.18:68940943:U:U
T_121319P41,U,U,U,U,0.0,0:38.89,0:39.17,0:39.25,0:39.42:25540311:1.79:3,3:39.38:18596197:1.79:0,3:39.37:13524850:1.79:0,3:39.17:16527917:1.79:0,3:39.16:16478711:1.79:0,3:38.95:27453666:1.79:0,3:60.37:663970:1.79:0,3:39.63:25969683:1.79:0,3:37.18:68940943:1.79:0
T_121319P41.5,U,U,U,U,0.0,0:38.89,0:39.17,0:39.25,0:39.42:25540311:0.0:0,0:39.38:18596197:0.0:0,0:39.37:13524850:0.0:0,0:39.17:16527917:0.0:0,0:39.16:16478711:0.0:0,0:38.95:27453666:0.0:0,0:60.37:663970:0.0:0,0:39.63:25969683:0.0:0,U:37.18:68940943:U:U
T_121319P42,U,U,U,U,0.0,0:38.89,0:39.17,0:39.25,0:39.42:25540311:0.0:0,0:39.38:18596197:0.0:0,0:39.37:13524850:0.0:0,0:39.17:16527917:0.0:0,0:39.16:16478711:0.0:0,0:38.95:27453666:0.0:0,0:60.37:663970:0.0:0,0:39.63:25969683:0.0:0,0:37.18:68940943:0.0:0
T_121319P42.5,U,U,U,U,0.0,0:38.89,0:39.17,0:39.25,0:39.42:25540311:0.0:0,0:39.38:18596197:0.0:0,0:39.37:13524850:0.0:0,0:39.17:16527917:0.0:0,0:39.16:16478711:0.0:0,0:38.95:27453666:0.0:0,0:60.37:663970:0.0:0,0:39.63:25969683:0.0:0,U:37.18:68940943:U:U
T_121319P43,U,U,U,U,0.0,0:38.89,0:39.17,0:39.25,0:39.42:25540311:0.0:0,0:39.38:18596197:0.0:0,0:39.37:13524850:0.0:0,0:39.17:16527917:0.0:0,0:39.16:16478711:0.0:0,0:38.95:27453666:0.0:0,0:60.37:663970:0.0:0,0:39.63:25969683:0.0:0,0:37.18:68940943:0.0:0
T_121319P43.5,U,U,U,U,0.0,0:38.89,0:39.17,0:39.25,0:39.42:25540311:0.0:0,0:39.38:18596197:0.0:0,0:39.37:13524850:0.0:0,0:39.17:16527917:0.0:0,0:39.16:16478711:0.0:0,0:38.95:27453666:0.0:0,0:60.37:663970:0.0:0,0:39.63:25969683:0.0:0,U:37.18:68940943:U:U
T_112219P44,U,U,U,U,U,U,0:39.17,0:39.25,0:39.42:25540311:6.55:0,0:39.38:18596197:6.55:0,0:39.37:13524850:6.55:0,0:39.17:16527917:6.55:0,0:39.16:16478711:6.55:0,0:38.95:27453666:6.55:0,0:60.37:663970:6.55:0,0:39.63:25969683:6.55:0,0:37.18:68940943:6.55:0
T_112919P44,U,U,U,U,U,U,0:39.17,0:39.25,0:39.42:25540311:7.05:0,0:39.38:18596197:7.05:0,0:39.37:13524850:7.05:0,0:39.17:16527917:7.05:0,0:39.16:16478711:7.05:0,0:38.95:27453666:7.05:0,0:60.37:663970:7.05:0,0:39.63:25969683:7.05:0,U:37.18:68940943:U:U
T_120619P44,U,U,U,U,U,U,0:39.17,0:39.25,0:39.42:25540311:0.0:0,0:39.38:18596197:0.0:0,0:39.37:13524850:0.0:0,0:39.17:16527917:0.0:0,0:39.16:16478711:0.0:0,0:38.95:27453666:0.0:0,0:60.37:663970:0.0:0,0:39.63:25969683:0.0:0,0:37.18:68940943:0.0:0
T_121319P44,U,U,U,U,U,U,0:39.17,0:39.25,0:39.42:25540311:0.0:0,0:39.38:18596197:0.0:0,0:39.37:13524850:0.0:0,0:39.17:16527917:0.0:0,0:39.16:16478711:0.0:0,0:38.95:27453666:0.0:0,0:60.37:663970:0.0:0,0:39.63:25969683:0.0:0,0:37.18:68940943:0.0:0
T_122719P34.5,U,U,U,U,U,U,U,U,0:39.42:25540311:0.0:0,0:39.38:18596197:0.05:5,5:39.37:13524850:0.05:0,5:39.17:16527917:0.05:0,5:39.16:16478711:0.05:0,5:38.95:27453666:0.05:0,5:60.37:663970:0.05:0,5:39.63:25969683:0.03:2,U:37.18:68940943:U:U
T_122719P35,U,U,U,U,U,U,U,U,0:39.42:25540311:0.0:0,0:39.38:18596197:0.0:0,0:39.37:13524850:0.0:0,0:39.17:16527917:0.09:10,10:39.16:16478711:0.06:2,12:38.95:27453666:0.06:0,12:60.37:663970:0.06:0,12:39.63:25969683:0.06:0,U:37.18:68940943:U:U
T_122719P35.5,U,U,U,U,U,U,U,U,0:39.42:25540311:0.0:0,0:39.38:18596197:0.0:0,0:39.37:13524850:0.11:10,10:39.17:16527917:0.11:0,10:39.16:16478711:0.11:0,10:38.95:27453666:0.09:2,12:60.37:663970:0.1:3,12:39.63:25969683:0.1:0,15:37.18:68940943:0.33:46
T_122719P36,U,U,U,U,U,U,U,U,0:39.42:25540311:0.12:1,1:39.38:18596197:0.12:0,1:39.37:13524850:0.11:11,12:39.17:16527917:0.12:2,14:39.16:16478711:0.12:0,14:38.95:27453666:0.12:0,14:60.37:663970:0.1:2,16:39.63:25969683:0.1:0,128:37.18:68940943:0.4:3293
T_122719P36.5,U,U,U,U,U,U,U,U,0:39.42:25540311:0.0:0,0:39.38:18596197:0.0:0,0:39.37:13524850:0.0:0,0:39.17:16527917:0.14:10,10:39.16:16478711:0.14:0,10:38.95:27453666:0.18:10,20:60.37:663970:0.18:0,20:39.63:25969683:0.18:0,50:37.18:68940943:0.63:55
T_122719P37,U,U,U,U,U,U,U,U,0:39.42:25540311:0.25:40,40:39.38:18596197:0.25:0,40:39.37:13524850:0.2:25,54:39.17:16527917:0.21:12,66:39.16:16478711:0.2:40,106:38.95:27453666:0.24:36,136:60.37:663970:0.17:6,141:39.63:25969683:0.14:6,384:37.18:68940943:0.71:275
T_122719P37.5,U,U,U,U,U,U,U,U,0:39.42:25540311:0.29:15,15:39.38:18596197:0.29:98,113:39.37:13524850:0.25:50,160:39.17:16527917:0.23:6,164:39.16:16478711:0.3:5,169:38.95:27453666:0.33:47,216:60.37:663970:0.25:24,236:39.63:25969683:0.16:234,462:37.18:68940943:1.12:624
T_122719P38,U,U,U,U,U,U,U,U,0:39.42:25540311:0.36:50,50:39.38:18596197:0.4:12,62:39.37:13524850:0.36:58,120:39.17:16527917:0.39:53,173:39.16:16478711:0.4:80,253:38.95:27453666:0.42:53,293:60.37:663970:0.3:40,322:39.63:25969683:0.23:202,828:37.18:68940943:1.21:168
T_122719P38.5,U,U,U,U,U,U,U,U,0:39.42:25540311:0.5:11,11:39.38:18596197:0.58:33,44:39.37:13524850:0.53:47,82:39.17:16527917:0.53:114,192:39.16:16478711:0.55:36,218:38.95:27453666:0.56:230,409:60.37:663970:0.44:60,468:39.63:25969683:0.33:38,596:37.18:68940943:1.59:48
T_122719P39,U,U,U,U,U,U,U,U,0:39.42:25540311:0.66:51,42:39.38:18596197:0.76:44,79:39.37:13524850:0.66:5,80:39.17:16527917:0.73:29,107:39.16:16478711:0.69:18,108:38.95:27453666:0.8:131,146:60.37:663970:0.63:3017,3089:39.63:25969683:0.46:65,1646:37.18:68940943:2.11:201
T_122719P39.5,U,U,U,U,U,U,U,U,0:39.42:25540311:0.88:63,54:39.38:18596197:0.94:51,104:39.37:13524850:0.94:19,123:39.17:16527917:0.92:110,214:39.16:16478711:0.95:2,214:38.95:27453666:1.05:19,226:60.37:663970:0.78:212,379:39.63:25969683:0.65:164,481:37.18:68940943:2.55:4
T_122719P40,U,U,U,U,U,U,U,U,0:39.42:25540311:1.14:3,3:39.38:18596197:1.24:234,236:39.37:13524850:1.15:55,290:39.17:16527917:1.19:12,291:39.16:16478711:1.19:0,291:38.95:27453666:1.42:1,291:60.37:663970:1.06:212,239:39.63:25969683:0.86:52,263:37.18:68940943:3.33:1
T_122719P40.5,U,U,U,U,U,U,U,U,0:39.42:25540311:1.38:4,3:39.38:18596197:1.38:0,3:39.37:13524850:1.38:0,3:39.17:16527917:1.38:0,3:39.16:16478711:1.38:0,3:38.95:27453666:1.89:1,4:60.37:663970:1.46:2,3:39.63:25969683:1.22:5,5:37.18:68940943:3.5:1
T_122719P41,U,U,U,U,U,U,U,U,0:39.42:25540311:0.0:0,0:39.38:18596197:0.0:0,0:39.37:13524850:0.0:0,0:39.17:16527917:0.0:0,0:39.16:16478711:0.0:0,0:38.95:27453666:2.31:100,100:60.37:663970:1.88:1,101:39.63:25969683:1.69:6,105:37.18:68940943:2.9:0
T_122719P41.5,U,U,U,U,U,U,U,U,0:39.42:25540311:0.0:0,0:39.38:18596197:0.0:0,0:39.37:13524850:0.0:0,0:39.17:16527917:0.0:0,0:39.16:16478711:0.0:0,0:38.95:27453666:0.0:0,0:60.37:663970:0.0:0,0:39.63:25969683:0.0:0,0:37.18:68940943:0.0:0
T_122719P42,U,U,U,U,U,U,U,U,0:39.42:25540311:0.0:0,0:39.38:18596197:0.0:0,0:39.37:13524850:0.0:0,0:39.17:16527917:0.0:0,0:39.16:16478711:0.0:0,0:38.95:27453666:0.0:0,0:60.37:663970:0.0:0,0:39.63:25969683:2.47:1,0:37.18:68940943:3.35:0
T_122719P42.5,U,U,U,U,U,U,U,U,0:39.42:25540311:0.0:0,0:39.38:18596197:0.0:0,0:39.37:13524850:0.0:0,0:39.17:16527917:0.0:0,0:39.16:16478711:0.0:0,0:38.95:27453666:0.0:0,0:60.37:663970:0.0:0,0:39.63:25969683:0.0:0,U:37.18:68940943:U:U
T_122719P43,U,U,U,U,U,U,U,U,0:39.42:25540311:0.0:0,0:39.38:18596197:0.0:0,0:39.37:13524850:0.0:0,0:39.17:16527917:0.0:0,0:39.16:16478711:0.0:0,0:38.95:27453666:0.0:0,0:60.37:663970:0.0:0,0:39.63:25969683:0.0:0,0:37.18:68940943:0.0:0
T_122719P43.5,U,U,U,U,U,U,U,U,0:39.42:25540311:0.0:0,0:39.38:18596197:0.0:0,0:39.37:13524850:0.0:0,0:39.17:16527917:0.0:0,0:39.16:16478711:0.0:0,0:38.95:27453666:0.0:0,0:60.37:663970:0.0:0,0:39.63:25969683:0.0:0,U:37.18:68940943:.:U
T_122719P44,U,U,U,U,U,U,U,U,0:39.42:25540311:0.0:0,0:39.38:18596197:0.0:0,0:39.37:13524850:0.0:0,0:39.17:16527917:0.0:0,0:39.16:16478711:0.0:0,0:38.95:27453666:0.0:0,0:60.37:663970:0.0:0,0:39.63:25969683:0.0:0,U:37.18:68940943:U:U
T_011720P29,U,U,U,U,U,U,U,U,U,U,U,U,U,3653:38.95:27453666:0.01:0,3653:60.37:663970:0.02:15,3653:39.63:25969683:0.02:0,3853:37.18:68940943:0.05:6
T_011720P30,U,U,U,U,U,U,U,U,U,U,U,U,U,73893:38.95:27453666:0.04:15,73892:60.37:663970:0.03:11,73885:39.63:25969683:0.03:73,73699:37.18:68940943:0.07:210
T_011720P31,U,U,U,U,U,U,U,U,U,U,U,U,U,14554:38.95:27453666:0.05:10,14554:60.37:663970:0.05:0,14554:39.63:25969683:0.04:1,14553:37.18:68940943:0.11:236
T_011720P32,U,U,U,U,U,U,U,U,U,U,U,U,U,7887:38.95:27453666:0.06:17,7898:60.37:663970:0.05:3,7901:39.63:25969683:0.05:45,U:37.18:68940943:U:U
T_011720P33,U,U,U,U,U,U,U,U,U,U,U,U,U,26543:38.95:27453666:0.1:35,26543:60.37:663970:0.09:38,26541:39.63:25969683:0.07:12,25688:37.18:68940943:0.2:655
T_011720P34,U,U,U,U,U,U,U,U,U,U,U,U,U,8654:38.95:27453666:0.14:140,8746:60.37:663970:0.11:10,8740:39.63:25969683:0.1:64,8759:37.18:68940943:0.3:1614
T_011720P35,U,U,U,U,U,U,U,U,U,U,U,U,U,22627:38.95:27453666:0.21:683,22612:60.37:663970:0.16:144,22538:39.63:25969683:0.14:1609,25581:37.18:68940943:0.48:1517
T_011720P36,U,U,U,U,U,U,U,U,U,U,U,U,U,6917:38.95:27453666:0.33:1533,7914:60.37:663970:0.25:355,8022:39.63:25969683:0.21:606,10843:37.18:68940943:0.76:6150
T_011720P37,U,U,U,U,U,U,U,U,U,U,U,U,U,21756:38.95:27453666:0.5:214,21765:60.37:663970:0.36:1993,23271:39.63:25969683:0.34:404,23487:37.18:68940943:1.16:1258
T_011720P38,U,U,U,U,U,U,U,U,U,U,U,U,U,15362:38.95:27453666:0.82:455,15421:60.37:663970:0.59:772,15476:39.63:25969683:0.55:406,15869:37.18:68940943:1.77:2534
T_011720P39,U,U,U,U,U,U,U,U,U,U,U,U,U,2377:38.95:27453666:1.4:197,2471:60.37:663970:0.95:272,2602:39.63:25969683:0.9:178,2733:37.18:68940943:2.5:338
T_011720P40,U,U,U,U,U,U,U,U,U,U,U,U,U,5706:38.95:27453666:1.96:84,5700:60.37:663970:1.63:44,5700:39.63:25969683:1.45:74,5690:37.18:68940943:3.5:165
T_011720P41,U,U,U,U,U,U,U,U,U,U,U,U,U,885:38.95:27453666:2.67:10,889:60.37:663970:2.55:1,888:39.63:25969683:2.12:70,978:37.18:68940943:3.46:0
T_011720P42,U,U,U,U,U,U,U,U,U,U,U,U,U,2505:38.95:27453666:3.35:0,2505:60.37:663970:3.35:0,2505:39.63:25969683:2.96:311,U:37.18:68940943:U:U
T_011720P43,U,U,U,U,U,U,U,U,U,U,U,U,U,142:38.95:27453666:4.59:2,142:60.37:663970:4.59:0,142:39.63:25969683:4.21:10,152:37.18:68940943:5.84:0
T_011720P44,U,U,U,U,U,U,U,U,U,U,U,U,U,25:38.95:27453666:4.91:0,25:60.37:663970:5.31:25,0:39.63:25969683:5.31:0,0:37.18:68940943:5.31:0
T_011720P45,U,U,U,U,U,U,U,U,U,U,U,U,U,734:38.95:27453666:6.52:1,734:60.37:663970:5.95:50,708:39.63:25969683:5.95:0,"708, 28:37.18:68940943:5.95, 0.02:0, 0"
T_011720P46,U,U,U,U,U,U,U,U,U,U,U,U,U,11:38.95:27453666:7.55:0,11:60.37:663970:7.55:0,11:39.63:25969683:7.55:0,11:37.18:68940943:7.55:0
T_011720P47,U,U,U,U,U,U,U,U,U,U,U,U,U,194:38.95:27453666:8.25:0,194:60.37:663970:8.25:0,194:39.63:25969683:8.25:0,194:37.18:68940943:8.95:0
T_011720P50,U,U,U,U,U,U,U,U,U,U,U,U,U,765:38.95:27453666:11.2:0,765:60.37:663970:11.2:0,765:39.63:25969683:11.2:0,U:37.18:68940943:U:U
T_122719P34,U,U,U,U,U,U,U,U,U,U,U,U,U,20:38.95:27453666:0.04:0,20:60.37:663970:0.04:0,20:39.63:25969683:0.04:0,43:37.18:68940943:0.15:11
T_011720P55,U,U,U,U,U,U,U,U,U,U,U,U,U,U,531:60.37:663970:16.4:0,531:39.63:25969683:16.4:0,"531, 1:37.18:68940943:16.4, 0.0:0, 0"
T_112219P45,U,U,U,U,U,U,U,U,U,U,U,U,U,U,U,0:39.63:25969683:5.76:0,0:37.18:68940943:5.76:0
T_112919P45,U,U,U,U,U,U,U,U,U,U,U,U,U,U,U,0:39.63:25969683:6.8:0,U:37.18:68940943:U:U
T_120619P44.5,U,U,U,U,U,U,U,U,U,U,U,U,U,U,U,0:39.63:25969683:0.0:0,U:37.18:68940943:U:U
T_121319P44.5,U,U,U,U,U,U,U,U,U,U,U,U,U,U,U,0:39.63:25969683:0.0:0,0:37.18:68940943:0.0:0
T_122019P35.5,U,U,U,U,U,U,U,U,U,U,U,U,U,U,U,0:39.63:25969683:0.06:2,13:37.18:68940943:0.3:265
T_122019P36.5,U,U,U,U,U,U,U,U,U,U,U,U,U,U,U,0:39.63:25969683:0.0:0,U:37.18:68940943:U:U
T_122019P37.5,U,U,U,U,U,U,U,U,U,U,U,U,U,U,U,0:39.63:25969683:0.19:7,241:37.18:68940943:0.89:754
T_122019P38.5,U,U,U,U,U,U,U,U,U,U,U,U,U,U,U,0:39.63:25969683:0.28:216,620:37.18:68940943:1.94:95
T_122019P39.5,U,U,U,U,U,U,U,U,U,U,U,U,U,U,U,0:39.63:25969683:0.59:658,661:37.18:68940943:2.39:85
T_122019P40.5,U,U,U,U,U,U,U,U,U,U,U,U,U,U,U,0:39.63:25969683:1.17:32,20:37.18:68940943:2.21:0
T_122019P41.5,U,U,U,U,U,U,U,U,U,U,U,U,U,U,U,0:39.63:25969683:0.0:0,0:37.18:68940943:0.0:0
T_122019P42.5,U,U,U,U,U,U,U,U,U,U,U,U,U,U,U,0:39.63:25969683:0.0:0,4:37.18:68940943:4.2:0
T_122019P43.5,U,U,U,U,U,U,U,U,U,U,U,U,U,U,U,0:39.63:25969683:0.0:0,0:37.18:68940943:0.0:0
T_122019P44.5,U,U,U,U,U,U,U,U,U,U,U,U,U,U,U,0:39.63:25969683:0.0:0,0:37.18:68940943:0.0:0
T_122719P44.5,U,U,U,U,U,U,U,U,U,U,U,U,U,U,U,0:39.63:25969683:0.0:0,0:37.18:68940943:0.0:0
