Symbol,20191101,20191105,20191106,20191107,20191108,20191111,20191112,20191113,20191114,20191115,20191118,20191120,20191121,20191122
TEAM_112219P113,22.0,22:114.19,22:115.25,22:114.7:730943:3.3:0,22:118.95:1417379:3.3:0,22:119.47:974309:1.17:1,23:119.88:732680:0.9:5,23:121.49:980916:0.55:2,23:120.84:895012:0.55:3,26:122.73:810056:0.15:1,26:123.94:1393017:0.15:0,26:127.49:1814826:0.05:2,25:0:0:0.05:0,25:125.98:883072:0.05:0
TEAM_112219P114,0.0,0:114.19,5:115.25,7:114.7:730943:3.6:0,7:118.95:1417379:3.6:0,7:119.47:974309:1.45:14,14:119.88:732680:1.0:2,14:121.49:980916:1.0:0,15:120.84:895012:0.8:3,16:122.73:810056:0.4:6,12:123.94:1393017:0.4:0,12:127.49:1814826:0.4:0,12:0:0:0.4:0,12:125.98:883072:0.4:0
TEAM_112219P115,7.0,6:114.19,6:115.25,10:114.7:730943:3.73:0,10:118.95:1417379:2.55:4,10:119.47:974309:2.55:0,10:119.88:732680:1.45:7,14:121.49:980916:0.85:8,15:120.84:895012:0.96:3,18:122.73:810056:0.56:1,19:123.94:1393017:0.12:6,13:127.49:1814826:0.05:1,12:0:0:0.05:0,12:125.98:883072:0.05:0
TEAM_112219P116,12.0,11:114.19,11:115.25,14:114.7:730943:4.4:0,14:118.95:1417379:2.51:2,14:119.47:974309:2.51:0,14:119.88:732680:2.51:0,14:121.49:980916:1.0:1,15:120.84:895012:1.25:9,13:122.73:810056:0.41:25,36:123.94:1393017:0.41:0,36:127.49:1814826:0.2:0,36:0:0:0.2:0,[36:125.98:883072:0.2:0
TEAM_112219P117,0.0,1:114.19,1:115.25,1:114.7:730943:3.48:0,1:118.95:1417379:2.6:8,1:119.47:974309:2.35:2,2:119.88:732680:2.35:0,2:121.49:980916:1.35:6,7:120.84:895012:1.4:6,12:122.73:810056:0.55:5,9:123.94:1393017:0.5:1,4:127.49:1814826:0.08:1,4:0:0:0.08:0,[4:125.98:883072:0.08:0
TEAM_112219P118,0.0,0:114.19,0:115.25,2:114.7:730943:5.5:0,2:118.95:1417379:3.03:5,6:119.47:974309:2.77:1,6:119.88:732680:1.7:4,3:121.49:980916:1.6:5,8:120.84:895012:1.84:4,12:122.73:810056:0.8:8,19:123.94:1393017:0.33:4,21:127.49:1814826:0.32:0,U:0:0:U:U,[21:125.98:883072:0.04:1
TEAM_112219P119,2.0,3:114.19,2:115.25,2:114.7:730943:7.0:0,2:118.95:1417379:7.0:0,2:119.47:974309:3.35:1,1:119.88:732680:2.3:3,4:121.49:980916:2.3:0,4:120.84:895012:2.05:2,5:122.73:810056:2.05:0,5:123.94:1393017:2.05:0,7:127.49:1814826:0.35:0,7:0:0:0.06:3,[6:125.98:883072:0.06:0
TEAM_112219P120,24.0,23:114.19,23:115.25,23:114.7:730943:6.9:1,23:118.95:1417379:6.9:0,23:119.47:974309:3.6:1,24:119.88:732680:3.33:7,25:121.49:980916:2.0:15,31:120.84:895012:2.2:12,30:122.73:810056:1.8:6,29:123.94:1393017:0.72:15,42:127.49:1814826:0.14:127,166:0:0:0.14:0,[166:125.98:883072:0.01:10
TEAM_112219P121,6.0,7:114.19,7:115.25,7:114.7:730943:4.4:0,7:118.95:1417379:4.4:0,7:119.47:974309:4.4:0,7:119.88:732680:4.4:0,7:121.49:980916:2.56:8,11:120.84:895012:2.7:9,8:122.73:810056:1.7:43,40:123.94:1393017:0.89:14,47:127.49:1814826:0.14:24,31:0:0:0.1:2,[29:125.98:883072:0.05:10
TEAM_112219P122,6.0,6:114.19,6:115.25,6:114.7:730943:13.14:0,6:118.95:1417379:13.14:0,6:119.47:974309:5.0:1,6:119.88:732680:3.5:1,6:121.49:980916:3.1:3,12:120.84:895012:3.2:1,12:122.73:810056:1.97:14,22:123.94:1393017:0.87:18,27:127.49:1814826:0.25:11,37:0:0:0.25:0,[37:125.98:883072:0.14:32
TEAM_112219P123,1.0,3:114.19,2:115.25,2:114.7:730943:10.07:0,2:118.95:1417379:10.07:0,2:119.47:974309:10.07:0,2:119.88:732680:10.07:0,2:121.49:980916:10.07:0,2:120.84:895012:3.8:2,4:122.73:810056:2.56:13,16:123.94:1393017:2.5:8,27:127.49:1814826:0.21:13,U:0:0:U:U,[21:125.98:883072:0.12:2
TEAM_112219P124,17.0,17:114.19,17:115.25,17:114.7:730943:6.44:0,17:118.95:1417379:6.44:0,17:119.47:974309:6.5:1,17:119.88:732680:6.5:0,17:121.49:980916:6.5:0,17:120.84:895012:6.5:0,17:122.73:810056:6.5:0,17:123.94:1393017:2.05:23,37:127.49:1814826:0.3:7,U:0:0:U:U,[36:125.98:883072:0.01:11
TEAM_112219P125,18.0,18:114.19,18:115.25,18:114.7:730943:5.65:0,18:118.95:1417379:5.65:0,18:119.47:974309:5.65:0,18:119.88:732680:5.65:0,18:121.49:980916:5.65:0,18:120.84:895012:5.55:1,19:122.73:810056:3.6:12,31:123.94:1393017:1.8:5,47:127.49:1814826:0.59:12,57:0:0:0.8:46,[97:125.98:883072:0.04:149
TEAM_112219P126,2.0,0:114.19,0:115.25,0:114.7:730943:7.36:0,0:118.95:1417379:7.36:0,0:119.47:974309:7.36:0,0:119.88:732680:7.36:0,0:121.49:980916:7.36:0,0:120.84:895012:7.36:0,0:122.73:810056:7.36:0,0:123.94:1393017:2.36:2,2:127.49:1814826:0.95:13,U:0:0:U:U,[33:125.98:883072:0.4:17
TEAM_112219P127,2.0,2:114.19,2:115.25,2:114.7:730943:6.6:0,2:118.95:1417379:6.6:0,2:119.47:974309:6.6:0,2:119.88:732680:6.6:0,2:121.49:980916:6.3:10,12:120.84:895012:6.3:0,12:122.73:810056:6.3:0,12:123.94:1393017:3.2:2,12:127.49:1814826:1.5:15,21:0:0:1.65:25,[35:125.98:883072:1.65:0
TEAM_112219P128,0.0,0:114.19,0:115.25,0:114.7:730943:9.6:0,0:118.95:1417379:9.6:0,0:119.47:974309:9.6:0,0:119.88:732680:9.6:0,0:121.49:980916:9.6:0,0:120.84:895012:9.6:0,0:122.73:810056:9.6:0,0:123.94:1393017:3.6:4,4:127.49:1814826:1.5:19,U:0:0:U:U,[22:125.98:883072:1.7:18
TEAM_112219P129,20.0,20:114.19,20:115.25,20:114.7:730943:14.6:0,20:118.95:1417379:14.6:0,20:119.47:974309:14.6:0,20:119.88:732680:14.6:0,20:121.49:980916:14.6:0,20:120.84:895012:14.6:0,20:122.73:810056:14.6:0,20:123.94:1393017:4.1:2,19:127.49:1814826:1.7:1,20:0:0:2.81:351,[148:125.98:883072:2.81:0
TEAM_112219P130,2.0,2:114.19,2:115.25,2:114.7:730943:15.41:0,2:118.95:1417379:15.41:0,2:119.47:974309:15.41:0,2:119.88:732680:15.41:0,2:121.49:980916:15.41:0,6:120.84:895012:15.41:0,6:122.73:810056:15.41:0,6:123.94:1393017:6.3:10,11:127.49:1814826:2.95:5,U:0:0:U:U,[14:125.98:883072:4.15:13
TEAM_112219P131,6.0,6:114.19,6:115.25,6:114.7:730943:16.41:0,6:118.95:1417379:16.41:0,6:119.47:974309:11.5:4,6:119.88:732680:11.5:0,6:121.49:980916:11.5:0,6:120.84:895012:11.5:0,6:122.73:810056:11.5:0,6:123.94:1393017:11.5:0,6:127.49:1814826:11.5:0,6:0:0:11.5:0,[6:125.98:883072:11.5:0
TEAM_112219P132,0.0,0:114.19,0:115.25,0:114.7:730943:0.0:0,0:118.95:1417379:0.0:0,0:119.47:974309:0.0:0,0:119.88:732680:0.0:0,0:121.49:980916:0.0:0,0:120.84:895012:0.0:0,0:122.73:810056:0.0:0,0:123.94:1393017:0.0:0,0:127.49:1814826:3.3:2,U:0:0:U:U,[2:125.98:883072:5.4:0
TEAM_112919P113,3.0,3:114.19,6:115.25,6:114.7:730943:3.3:3,8:118.95:1417379:2.45:3,9:119.47:974309:2.45:0,9:119.88:732680:2.45:0,9:121.49:980916:0.95:1,12:120.84:895012:1.0:4,13:122.73:810056:1.0:0,13:123.94:1393017:0.25:8,12:127.49:1814826:0.01:2,11:0:0:0.01:0,11:125.98:883072:0.01:0
TEAM_112919P114,1.0,2:114.19,7:115.25,7:114.7:730943:4.05:0,7:118.95:1417379:2.35:3,9:119.47:974309:1.94:3,12:119.88:732680:1.35:1,12:121.49:980916:1.35:0,12:120.84:895012:1.17:3,14:122.73:810056:1.17:0,14:123.94:1393017:0.9:1,14:127.49:1814826:0.31:2,12:0:0:0.31:0,12:125.98:883072:0.12:1
TEAM_112919P115,23.0,21:114.19,22:115.25,22:114.7:730943:5.1:0,22:118.95:1417379:2.7:3,24:119.47:974309:2.2:3,25:119.88:732680:1.56:2,23:121.49:980916:1.35:9,30:120.84:895012:1.4:1,31:122.73:810056:0.85:63,91:123.94:1393017:0.35:69,92:127.49:1814826:0.2:12,82:0:0:0.2:0,82:125.98:883072:0.15:52
TEAM_112919P116,0.0,0:114.19,3:115.25,3:114.7:730943:5.7:0,3:118.95:1417379:5.7:0,3:119.47:974309:2.57:1,4:119.88:732680:2.57:0,4:121.49:980916:1.47:3,7:120.84:895012:1.69:4,6:122.73:810056:1.69:0,6:123.94:1393017:0.45:1,6:127.49:1814826:0.22:10,16:0:0:0.22:0,[16:125.98:883072:0.22:0
TEAM_112919P117,4.0,4:114.19,7:115.25,10:114.7:730943:5.4:0,10:118.95:1417379:5.3:4,14:119.47:974309:5.3:0,14:119.88:732680:2.14:2,14:121.49:980916:2.14:0,14:120.84:895012:2.14:0,14:122.73:810056:2.14:0,14:123.94:1393017:0.89:2,19:127.49:1814826:0.35:5,19:0:0:0.35:0,[19:125.98:883072:0.35:0
TEAM_112919P118,0.0,2:114.19,1:115.25,7:114.7:730943:6.0:0,7:118.95:1417379:6.0:0,7:119.47:974309:6.0:0,7:119.88:732680:2.45:2,9:121.49:980916:1.8:1,10:120.84:895012:2.25:5,11:122.73:810056:2.05:3,11:123.94:1393017:0.85:2,11:127.49:1814826:0.95:0,U:0:0:U:U,[13:125.98:883072:0.3:1
TEAM_112919P119,3.0,3:114.19,3:115.25,3:114.7:730943:3.2:0,3:118.95:1417379:3.2:0,3:119.47:974309:3.9:20,12:119.88:732680:3.4:1,12:121.49:980916:2.3:1,13:120.84:895012:2.55:3,12:122.73:810056:2.15:4,14:123.94:1393017:1.3:1,15:127.49:1814826:0.55:3,15:0:0:0.5:2,[15:125.98:883072:0.45:2
TEAM_112919P120,22.0,18:114.19,20:115.25,20:114.7:730943:8.07:0,20:118.95:1417379:4.64:2,18:119.47:974309:4.64:0,18:119.88:732680:3.9:8,22:121.49:980916:2.6:16,36:120.84:895012:3.2:6,34:122.73:810056:2.0:11,40:123.94:1393017:1.95:6,48:127.49:1814826:0.6:15,38:0:0:0.5:4,[40:125.98:883072:0.37:15
TEAM_112919P121,0.0,4:114.19,4:115.25,4:114.7:730943:8.35:0,4:118.95:1417379:8.35:0,4:119.47:974309:8.35:0,4:119.88:732680:8.35:0,4:121.49:980916:3.0:11,12:120.84:895012:3.3:1,12:122.73:810056:3.3:0,12:123.94:1393017:1.38:17,14:127.49:1814826:0.67:10,17:0:0:0.75:4,[19:125.98:883072:0.65:2
TEAM_112919P122,12.0,12:114.19,2:115.25,2:114.7:730943:9.2:0,2:118.95:1417379:9.2:0,2:119.47:974309:9.2:0,2:119.88:732680:4.2:1,3:121.49:980916:4.2:0,3:120.84:895012:4.2:0,3:122.73:810056:2.75:1,3:123.94:1393017:1.85:16,13:127.49:1814826:0.6:1,13:0:0:0.85:4,[16:125.98:883072:1.05:7
TEAM_112919P123,0.0,0:114.19,0:115.25,0:114.7:730943:0.0:0,0:118.95:1417379:0.0:0,0:119.47:974309:0.0:0,0:119.88:732680:0.0:0,0:121.49:980916:4.33:2,0:120.84:895012:4.33:0,0:122.73:810056:4.33:0,0:123.94:1393017:2.35:8,22:127.49:1814826:1.25:24,U:0:0:U:U,[38:125.98:883072:1.35:1
TEAM_112919P124,0.0,0:114.19,0:115.25,0:114.7:730943:0.0:0,0:118.95:1417379:0.0:0,0:119.47:974309:0.0:0,0:119.88:732680:0.0:0,0:121.49:980916:4.37:40,40:120.84:895012:5.3:40,26:122.73:810056:4.9:1,27:123.94:1393017:2.44:25,44:127.49:1814826:1.31:31,52:0:0:1.45:8,[52:125.98:883072:1.16:6
TEAM_112919P125,123.0,123:114.19,123:115.25,123:114.7:730943:4.9:0,123:118.95:1417379:4.9:0,123:119.47:974309:4.9:0,123:119.88:732680:7.3:1,123:121.49:980916:7.3:0,123:120.84:895012:6.1:13,111:122.73:810056:4.5:1,111:123.94:1393017:2.65:1,111:127.49:1814826:1.55:10,U:0:0:U:U,[111:125.98:883072:1.58:27
TEAM_112919P126,4.0,4:114.19,4:115.25,4:114.7:730943:5.8:0,4:118.95:1417379:5.8:0,4:119.47:974309:5.8:0,4:119.88:732680:5.8:0,4:121.49:980916:6.01:2,4:120.84:895012:6.53:2,4:122.73:810056:6.53:0,4:123.94:1393017:3.9:1,4:127.49:1814826:1.9:4,8:0:0:2.0:3,[11:125.98:883072:2.35:8
TEAM_112919P127,0.0,0:114.19,0:115.25,0:114.7:730943:0.0:0,0:118.95:1417379:0.0:0,0:119.47:974309:0.0:0,0:119.88:732680:0.0:0,0:121.49:980916:0.0:0,0:120.84:895012:0.0:0,0:122.73:810056:0.0:0,0:123.94:1393017:4.5:1,1:127.49:1814826:4.5:0,1:0:0:4.5:0,[1:125.98:883072:3.25:14
TEAM_112919P128,1.0,1:114.19,1:115.25,1:114.7:730943:14.9:0,1:118.95:1417379:14.9:0,1:119.47:974309:14.9:0,1:119.88:732680:14.9:0,1:121.49:980916:14.9:0,1:120.84:895012:14.9:0,1:122.73:810056:14.9:0,1:123.94:1393017:5.2:1,2:127.49:1814826:2.8:43,22:0:0:3.1:2,[23:125.98:883072:3.8:2
TEAM_112919P129,4.0,14:114.19,14:115.25,14:114.7:730943:8.8:0,14:118.95:1417379:8.8:0,14:119.47:974309:8.8:0,14:119.88:732680:8.8:0,14:121.49:980916:8.8:0,14:120.84:895012:8.8:0,14:122.73:810056:8.8:0,14:123.94:1393017:5.1:3,17:127.49:1814826:2.85:10,U:0:0:U:U,[17:125.98:883072:3.5:1
TEAM_112919P130,0.0,0:114.19,0:115.25,0:114.7:730943:0.0:0,0:118.95:1417379:0.0:0,0:119.47:974309:0.0:0,0:119.88:732680:10.8:1,1:121.49:980916:10.8:0,1:120.84:895012:10.8:0,1:122.73:810056:10.8:0,1:123.94:1393017:10.8:0,1:127.49:1814826:10.8:0,1:0:0:10.8:0,[1:125.98:883072:4.65:20
TEAM_112919P131,0.0,0:114.19,0:115.25,0:114.7:730943:0.0:0,0:118.95:1417379:0.0:0,0:119.47:974309:0.0:0,0:119.88:732680:0.0:0,0:121.49:980916:0.0:0,0:120.84:895012:0.0:0,0:122.73:810056:0.0:0,0:123.94:1393017:0.0:0,5:127.49:1814826:7.1:0,U:0:0:U:U,[5:125.98:883072:7.1:0
TEAM_112919P132,0.0,0:114.19,0:115.25,0:114.7:730943:0.0:0,0:118.95:1417379:0.0:0,0:119.47:974309:0.0:0,0:119.88:732680:0.0:0,0:121.49:980916:0.0:0,0:120.84:895012:0.0:0,0:122.73:810056:0.0:0,0:123.94:1393017:0.0:0,0:127.49:1814826:0.0:0,0:0:0:0.0:0,[0:125.98:883072:0.0:0
TEAM_120619P113,0.0,0:114.19,3:115.25,4:114.7:730943:3.9:0,4:118.95:1417379:3.9:0,4:119.47:974309:2.34:2,4:119.88:732680:2.34:0,4:121.49:980916:2.34:0,4:120.84:895012:2.34:0,4:122.73:810056:2.34:0,4:123.94:1393017:2.34:0,4:127.49:1814826:2.34:0,4:0:0:2.34:0,4:125.98:883072:2.34:0
TEAM_120619P114,1.0,1:114.19,1:115.25,1:114.7:730943:3.39:0,1:118.95:1417379:3.2:4,4:119.47:974309:3.2:0,4:119.88:732680:3.2:0,4:121.49:980916:3.2:0,4:120.84:895012:3.2:0,4:122.73:810056:1.55:3,7:123.94:1393017:1.22:4,11:127.49:1814826:0.9:0,11:0:0:0.5:1,12:125.98:883072:0.5:0
TEAM_120619P115,1.0,1:114.19,1:115.25,2:114.7:730943:4.9:0,2:118.95:1417379:4.9:0,2:119.47:974309:4.9:0,2:119.88:732680:4.9:0,2:121.49:980916:1.85:6,5:120.84:895012:1.85:0,5:122.73:810056:1.85:1,6:123.94:1393017:1.85:0,6:127.49:1814826:0.55:4,10:0:0:0.55:0,10:125.98:883072:0.8:4
TEAM_120619P116,10.0,10:114.19,10:115.25,10:114.7:730943:2.5:0,10:118.95:1417379:2.5:0,10:119.47:974309:2.5:0,10:119.88:732680:2.5:0,10:121.49:980916:2.5:0,10:120.84:895012:2.5:0,10:122.73:810056:2.5:0,10:123.94:1393017:2.5:0,10:127.49:1814826:2.5:0,10:0:0:2.5:0,[10:125.98:883072:2.5:0
TEAM_120619P117,0.0,2:114.19,3:115.25,3:114.7:730943:6.85:0,3:118.95:1417379:6.85:0,3:119.47:974309:6.85:0,3:119.88:732680:6.85:0,3:121.49:980916:6.85:0,3:120.84:895012:6.85:0,3:122.73:810056:6.85:0,3:123.94:1393017:6.85:0,3:127.49:1814826:6.85:0,3:0:0:6.85:0,[3:125.98:883072:6.85:0
TEAM_120619P118,0.0,0:114.19,0:115.25,0:114.7:730943:6.8:7,7:118.95:1417379:6.8:0,7:119.47:974309:6.8:0,7:119.88:732680:6.8:0,7:121.49:980916:2.7:9,10:120.84:895012:2.7:0,10:122.73:810056:2.7:0,10:123.94:1393017:2.7:0,10:127.49:1814826:2.7:0,10:0:0:2.7:0,[10:125.98:883072:2.7:0
TEAM_120619P119,0.0,0:114.19,0:115.25,4:114.7:730943:6.0:4,8:118.95:1417379:6.0:0,8:119.47:974309:6.0:0,8:119.88:732680:6.0:0,8:121.49:980916:6.0:0,8:120.84:895012:6.0:0,8:122.73:810056:6.0:0,8:123.94:1393017:6.0:0,11:127.49:1814826:1.37:0,11:0:0:1.37:0,[11:125.98:883072:1.37:0
TEAM_120619P120,3.0,3:114.19,3:115.25,3:114.7:730943:3.6:0,3:118.95:1417379:3.6:0,3:119.47:974309:4.95:1,3:119.88:732680:5.0:2,5:121.49:980916:3.7:3,8:120.84:895012:3.7:0,8:122.73:810056:3.7:0,8:123.94:1393017:1.82:5,10:127.49:1814826:2.3:0,10:0:0:1.45:3,[11:125.98:883072:1.7:12
TEAM_120619P121,0.0,0:114.19,0:115.25,0:114.7:730943:0.0:0,0:118.95:1417379:0.0:0,0:119.47:974309:0.0:0,0:119.88:732680:0.0:0,0:121.49:980916:4.2:3,3:120.84:895012:4.2:0,3:122.73:810056:4.1:6,3:123.94:1393017:2.3:1,4:127.49:1814826:2.3:0,4:0:0:2.3:0,[4:125.98:883072:1.85:3
TEAM_120619P122,0.0,0:114.19,0:115.25,0:114.7:730943:0.0:0,0:118.95:1417379:0.0:0,0:119.47:974309:0.0:0,0:119.88:732680:0.0:0,0:121.49:980916:4.3:10,2:120.84:895012:4.3:0,2:122.73:810056:4.3:0,2:123.94:1393017:4.3:0,2:127.49:1814826:4.3:0,U:0:0:U:U,[2:125.98:883072:4.3:0
TEAM_120619P123,0.0,0:114.19,0:115.25,0:114.7:730943:0.0:0,0:118.95:1417379:7.14:2,2:119.47:974309:7.14:0,2:119.88:732680:7.14:0,2:121.49:980916:5.15:2,2:120.84:895012:5.15:0,2:122.73:810056:5.15:0,2:123.94:1393017:5.15:0,2:127.49:1814826:1.95:4,6:0:0:1.95:0,[6:125.98:883072:2.5:2
TEAM_120619P124,0.0,0:114.19,0:115.25,0:114.7:730943:0.0:0,0:118.95:1417379:0.0:0,0:119.47:974309:0.0:0,0:119.88:732680:0.0:0,0:121.49:980916:0.0:0,0:120.84:895012:0.0:0,0:122.73:810056:0.0:0,0:123.94:1393017:0.0:0,2:127.49:1814826:2.87:0,U:0:0:U:U,[2:125.98:883072:2.4:3
TEAM_120619P125,0.0,0:114.19,0:115.25,0:114.7:730943:0.0:0,0:118.95:1417379:0.0:0,0:119.47:974309:0.0:0,0:119.88:732680:0.0:0,0:121.49:980916:0.0:0,0:120.84:895012:0.0:0,0:122.73:810056:0.0:0,0:123.94:1393017:3.6:1,2:127.49:1814826:2.45:3,5:0:0:2.45:0,[5:125.98:883072:3.5:6
TEAM_120619P126,0.0,0:114.19,0:115.25,0:114.7:730943:0.0:0,0:118.95:1417379:0.0:0,0:119.47:974309:0.0:0,0:119.88:732680:0.0:0,0:121.49:980916:0.0:0,0:120.84:895012:0.0:0,0:122.73:810056:0.0:0,0:123.94:1393017:0.0:0,0:127.49:1814826:0.0:0,0:0:0:0.0:0,[0:125.98:883072:0.0:0
TEAM_120619P127,0.0,0:114.19,0:115.25,0:114.7:730943:0.0:0,0:118.95:1417379:0.0:0,0:119.47:974309:0.0:0,0:119.88:732680:0.0:0,0:121.49:980916:0.0:0,0:120.84:895012:0.0:0,0:122.73:810056:0.0:0,0:123.94:1393017:0.0:0,5:127.49:1814826:3.4:1,6:0:0:3.4:0,[6:125.98:883072:3.4:0
TEAM_120619P128,0.0,0:114.19,0:115.25,0:114.7:730943:0.0:0,0:118.95:1417379:0.0:0,0:119.47:974309:0.0:0,0:119.88:732680:0.0:0,0:121.49:980916:0.0:0,0:120.84:895012:0.0:0,0:122.73:810056:0.0:0,0:123.94:1393017:0.0:0,0:127.49:1814826:0.0:0,U:0:0:U:U,[0:125.98:883072:0.0:0
TEAM_120619P129,0.0,10:114.19,10:115.25,10:114.7:730943:9.4:0,10:118.95:1417379:9.4:0,10:119.47:974309:9.4:0,10:119.88:732680:9.4:0,10:121.49:980916:9.4:0,10:120.84:895012:9.4:0,10:122.73:810056:9.4:0,10:123.94:1393017:9.4:0,10:127.49:1814826:9.4:0,U:0:0:U:U,[10:125.98:883072:9.4:0
TEAM_120619P130,0.0,0:114.19,0:115.25,0:114.7:730943:0.0:0,0:118.95:1417379:0.0:0,0:119.47:974309:0.0:0,0:119.88:732680:0.0:0,0:121.49:980916:0.0:0,0:120.84:895012:0.0:0,0:122.73:810056:0.0:0,0:123.94:1393017:0.0:0,0:127.49:1814826:0.0:0,U:0:0:U:U,[0:125.98:883072:6.7:2
TEAM_120619P131,0.0,0:114.19,0:115.25,0:114.7:730943:0.0:0,0:118.95:1417379:0.0:0,0:119.47:974309:0.0:0,0:119.88:732680:0.0:0,0:121.49:980916:0.0:0,0:120.84:895012:0.0:0,0:122.73:810056:0.0:0,0:123.94:1393017:0.0:0,0:127.49:1814826:0.0:0,0:0:0:0.0:0,[0:125.98:883072:0.0:0
TEAM_120619P132,0.0,0:114.19,0:115.25,0:114.7:730943:0.0:0,0:118.95:1417379:0.0:0,0:119.47:974309:0.0:0,0:119.88:732680:0.0:0,0:121.49:980916:0.0:0,0:120.84:895012:0.0:0,0:122.73:810056:0.0:0,0:123.94:1393017:0.0:0,0:127.49:1814826:0.0:0,0:0:0:0.0:0,[0:125.98:883072:0.0:0
TEAM_121319P113,1.0,1:114.19,5:115.25,5:114.7:730943:5.3:0,5:118.95:1417379:5.3:0,5:119.47:974309:5.3:0,5:119.88:732680:5.3:0,5:121.49:980916:2.05:1,7:120.84:895012:2.05:0,7:122.73:810056:1.7:1,7:123.94:1393017:1.28:1,6:127.49:1814826:1.28:0,6:0:0:1.28:0,6:125.98:883072:1.28:0
TEAM_121319P114,0.0,0:114.19,0:115.25,0:114.7:730943:0.0:0,0:118.95:1417379:0.0:0,0:119.47:974309:0.0:0,0:119.88:732680:0.0:0,0:121.49:980916:0.0:0,0:120.84:895012:0.0:0,0:122.73:810056:0.0:0,0:123.94:1393017:0.0:0,0:127.49:1814826:0.0:0,0:0:0:0.0:0,0:125.98:883072:0.0:0
TEAM_121319P115,0.0,0:114.19,0:115.25,0:114.7:730943:0.0:0,0:118.95:1417379:0.0:0,0:119.47:974309:0.0:0,0:119.88:732680:0.0:0,0:121.49:980916:0.0:0,0:120.84:895012:0.0:0,0:122.73:810056:0.0:0,0:123.94:1393017:0.0:0,2:127.49:1814826:0.99:5,7:0:0:1.1:3,10:125.98:883072:1.1:0
TEAM_121319P116,1.0,1:114.19,2:115.25,2:114.7:730943:6.9:0,2:118.95:1417379:6.9:0,2:119.47:974309:6.9:0,2:119.88:732680:6.9:0,2:121.49:980916:3.0:3,5:120.84:895012:3.0:0,5:122.73:810056:3.0:0,5:123.94:1393017:1.5:1,4:127.49:1814826:1.5:0,4:0:0:1.5:0,[4:125.98:883072:1.5:0
TEAM_121319P117,0.0,0:114.19,0:115.25,0:114.7:730943:0.0:0,0:118.95:1417379:0.0:0,0:119.47:974309:0.0:0,0:119.88:732680:0.0:0,0:121.49:980916:3.19:2,5:120.84:895012:3.19:0,5:122.73:810056:3.19:0,5:123.94:1393017:2.1:3,11:127.49:1814826:1.27:5,15:0:0:1.27:0,[15:125.98:883072:1.27:0
TEAM_121319P118,0.0,0:114.19,0:115.25,0:114.7:730943:0.0:0,0:118.95:1417379:0.0:0,0:119.47:974309:4.85:1,1:119.88:732680:4.85:0,1:121.49:980916:4.85:0,1:120.84:895012:4.85:0,1:122.73:810056:4.85:0,1:123.94:1393017:2.93:1,2:127.49:1814826:2.93:0,2:0:0:2.93:0,[2:125.98:883072:2.93:0
TEAM_121319P119,0.0,0:114.19,0:115.25,0:114.7:730943:0.0:0,0:118.95:1417379:0.0:0,0:119.47:974309:0.0:0,0:119.88:732680:0.0:0,0:121.49:980916:0.0:0,0:120.84:895012:0.0:0,0:122.73:810056:0.0:0,0:123.94:1393017:0.0:0,0:127.49:1814826:0.0:0,0:0:0:0.0:0,[0:125.98:883072:0.0:0
TEAM_121319P120,0.0,0:114.19,0:115.25,0:114.7:730943:0.0:0,0:118.95:1417379:0.0:0,0:119.47:974309:5.83:1,1:119.88:732680:5.83:0,1:121.49:980916:5.83:0,1:120.84:895012:5.83:0,1:122.73:810056:4.1:3,4:123.94:1393017:2.7:2,8:127.49:1814826:2.32:0,8:0:0:2.15:1,[9:125.98:883072:2.15:0
TEAM_121319P121,0.0,0:114.19,0:115.25,0:114.7:730943:0.0:0,0:118.95:1417379:0.0:0,0:119.47:974309:0.0:0,0:119.88:732680:0.0:0,0:121.49:980916:0.0:0,3:120.84:895012:0.0:0,3:122.73:810056:0.0:0,3:123.94:1393017:0.0:0,3:127.49:1814826:0.0:0,3:0:0:0.0:0,[3:125.98:883072:0.0:0
TEAM_121319P122,0.0,0:114.19,0:115.25,0:114.7:730943:0.0:0,0:118.95:1417379:0.0:0,0:119.47:974309:0.0:0,0:119.88:732680:0.0:0,0:121.49:980916:5.1:17,15:120.84:895012:5.1:0,15:122.73:810056:5.1:0,15:123.94:1393017:5.1:0,18:127.49:1814826:2.4:8,25:0:0:2.65:1,[24:125.98:883072:2.65:0
TEAM_121319P123,0.0,0:114.19,0:115.25,0:114.7:730943:0.0:0,0:118.95:1417379:9.7:10,10:119.47:974309:9.7:0,10:119.88:732680:9.7:0,10:121.49:980916:9.7:0,10:120.84:895012:6.7:3,13:122.73:810056:6.7:0,13:123.94:1393017:4.3:1,14:127.49:1814826:4.3:0,14:0:0:2.6:5,[14:125.98:883072:2.6:0
TEAM_121319P124,0.0,0:114.19,0:115.25,0:114.7:730943:0.0:0,0:118.95:1417379:0.0:0,0:119.47:974309:0.0:0,0:119.88:732680:0.0:0,0:121.49:980916:0.0:0,0:120.84:895012:0.0:0,0:122.73:810056:0.0:0,0:123.94:1393017:4.5:8,8:127.49:1814826:4.5:0,8:0:0:4.5:0,[8:125.98:883072:3.8:3
TEAM_121319P125,0.0,0:114.19,5:115.25,5:114.7:730943:10.66:5,0:118.95:1417379:10.66:0,0:119.47:974309:10.66:0,0:119.88:732680:10.66:0,0:121.49:980916:6.95:2,2:120.84:895012:6.95:0,2:122.73:810056:6.95:0,2:123.94:1393017:4.45:2,0:127.49:1814826:4.0:2,2:0:0:4.0:0,[2:125.98:883072:3.9:3
TEAM_121319P126,0.0,0:114.19,0:115.25,0:114.7:730943:0.0:0,0:118.95:1417379:0.0:0,0:119.47:974309:0.0:0,0:119.88:732680:0.0:0,0:121.49:980916:0.0:0,0:120.84:895012:0.0:0,0:122.73:810056:0.0:0,0:123.94:1393017:0.0:0,0:127.49:1814826:3.8:3,3:0:0:3.8:0,[3:125.98:883072:4.1:3
TEAM_121319P127,0.0,0:114.19,0:115.25,0:114.7:730943:0.0:0,0:118.95:1417379:0.0:0,0:119.47:974309:0.0:0,0:119.88:732680:0.0:0,0:121.49:980916:0.0:0,0:120.84:895012:0.0:0,0:122.73:810056:0.0:0,0:123.94:1393017:5.45:2,2:127.49:1814826:4.85:12,U:0:0:U:U,[11:125.98:883072:4.8:10
TEAM_121319P128,0.0,1:114.19,1:115.25,1:114.7:730943:9.53:0,1:118.95:1417379:9.53:0,1:119.47:974309:9.53:0,1:119.88:732680:9.53:0,1:121.49:980916:8.73:1,2:120.84:895012:8.73:0,2:122.73:810056:7.82:1,2:123.94:1393017:7.82:0,2:127.49:1814826:7.82:0,2:0:0:7.82:0,[2:125.98:883072:7.82:0
TEAM_121319P129,0.0,0:114.19,0:115.25,0:114.7:730943:0.0:0,0:118.95:1417379:0.0:0,0:119.47:974309:0.0:0,0:119.88:732680:0.0:0,0:121.49:980916:0.0:0,0:120.84:895012:0.0:0,0:122.73:810056:0.0:0,0:123.94:1393017:0.0:0,0:127.49:1814826:5.5:3,3:0:0:5.5:0,[3:125.98:883072:6.7:2
TEAM_121319P130,0.0,0:114.19,0:115.25,0:114.7:730943:0.0:0,0:118.95:1417379:0.0:0,0:119.47:974309:0.0:0,0:119.88:732680:0.0:0,0:121.49:980916:0.0:0,0:120.84:895012:0.0:0,0:122.73:810056:0.0:0,0:123.94:1393017:0.0:0,0:127.49:1814826:5.6:2,2:0:0:5.6:0,[2:125.98:883072:5.6:0
TEAM_121319P131,0.0,0:114.19,0:115.25,0:114.7:730943:0.0:0,0:118.95:1417379:0.0:0,0:119.47:974309:0.0:0,0:119.88:732680:0.0:0,0:121.49:980916:0.0:0,0:120.84:895012:0.0:0,0:122.73:810056:0.0:0,0:123.94:1393017:0.0:0,0:127.49:1814826:0.0:0,0:0:0:0.0:0,[0:125.98:883072:0.0:0
TEAM_121319P132,0.0,0:114.19,0:115.25,1:114.7:730943:17.83:0,1:118.95:1417379:17.83:0,1:119.47:974309:17.83:0,1:119.88:732680:17.83:0,1:121.49:980916:17.83:0,1:120.84:895012:17.83:0,1:122.73:810056:17.83:0,1:123.94:1393017:17.83:0,1:127.49:1814826:17.83:0,U:0:0:U:U,[1:125.98:883072:17.83:0
TEAM_122019P75,108.0,108:114.19,108:115.25,108:114.7:730943:0.05:0,108:118.95:1417379:0.05:0,108:119.47:974309:0.05:0,108:119.88:732680:0.05:0,108:121.49:980916:0.05:0,108:120.84:895012:0.05:0,108:122.73:810056:0.05:0,108:123.94:1393017:0.05:0,108:127.49:1814826:0.05:0,U:0:0:U:U,108:125.98:883072:0.05:0
TEAM_122019P80,12.0,12:114.19,12:115.25,12:114.7:730943:0.4:0,12:118.95:1417379:0.4:0,12:119.47:974309:0.4:0,12:119.88:732680:0.4:0,12:121.49:980916:0.4:0,12:120.84:895012:0.4:0,12:122.73:810056:0.1:1,13:123.94:1393017:0.1:0,13:127.49:1814826:0.1:0,13:0:0:0.1:0,13:125.98:883072:0.1:0
TEAM_122019P85,25.0,25:114.19,25:115.25,25:114.7:730943:0.28:0,25:118.95:1417379:0.27:1,25:119.47:974309:0.27:0,25:119.88:732680:0.11:1,25:121.49:980916:0.11:0,25:120.84:895012:0.11:0,25:122.73:810056:0.11:1,25:123.94:1393017:0.11:0,25:127.49:1814826:0.11:0,25:0:0:0.11:0,25:125.98:883072:0.11:0
TEAM_122019P90,71.0,72:114.19,74:115.25,84:114.7:730943:0.5:0,84:118.95:1417379:0.5:0,84:119.47:974309:0.5:0,84:119.88:732680:0.5:0,84:121.49:980916:0.5:0,84:120.84:895012:0.5:0,84:122.73:810056:0.5:0,84:123.94:1393017:0.14:1,81:127.49:1814826:0.09:0,81:0:0:0.09:0,81:125.98:883072:0.09:0
TEAM_122019P95,391.0,394:114.19,396:115.25,396:114.7:730943:1.2:0,396:118.95:1417379:0.7:1,396:119.47:974309:0.6:1,396:119.88:732680:0.41:3,398:121.49:980916:0.4:5,403:120.84:895012:0.4:0,403:122.73:810056:0.3:11,410:123.94:1393017:0.3:0,395:127.49:1814826:0.15:3,395:0:0:0.15:0,395:125.98:883072:0.15:0
TEAM_122019P100,1052.0,1045:114.19,1076:115.25,1099:114.7:730943:1.35:3,1098:118.95:1417379:1.21:2,1100:119.47:974309:0.93:54,1073:119.88:732680:0.66:3,1070:121.49:980916:0.7:8,1067:120.84:895012:0.7:7,1072:122.73:810056:0.42:7,1069:123.94:1393017:0.25:238,941:127.49:1814826:0.25:63,942:0:0:0.17:553,977:125.98:883072:0.15:40
TEAM_122019P105,949.0,949:114.19,960:115.25,977:114.7:730943:2.65:8,977:118.95:1417379:1.75:5,975:119.47:974309:1.58:135,1102:119.88:732680:1.2:2,1103:121.49:980916:1.14:13,1109:120.84:895012:1.15:26,1123:122.73:810056:0.8:22,1113:123.94:1393017:0.62:18,1122:127.49:1814826:0.42:17,1120:0:0:0.48:5,U:125.98:883072:U:U
TEAM_122019P110,2353.0,2356:114.19,2366:115.25,2366:114.7:730943:4.15:34,2378:118.95:1417379:3.1:21,2378:119.47:974309:2.4:176,2340:119.88:732680:2.26:4,2340:121.49:980916:1.92:41,2348:120.84:895012:1.95:8,2346:122.73:810056:1.45:1277,1329:123.94:1393017:1.2:6484,4809:127.49:1814826:0.78:32,4800:0:0:0.75:2,4800:125.98:883072:0.7:13
TEAM_122019P115,621.0,641:114.19,643:115.25,675:114.7:730943:5.9:42,665:118.95:1417379:4.6:4,666:119.47:974309:4.0:5,664:119.88:732680:3.2:6,670:121.49:980916:3.15:14,673:120.84:895012:3.3:14,672:122.73:810056:2.59:17,686:123.94:1393017:2.01:185,702:127.49:1814826:1.45:38,689:0:0:1.51:1,689:125.98:883072:1.51:0
TEAM_122019P120,544.0,636:114.19,588:115.25,587:114.7:730943:8.8:0,587:118.95:1417379:7.7:2,587:119.47:974309:6.53:4,588:119.88:732680:6.2:37,594:121.49:980916:5.0:31,603:120.84:895012:5.3:14,609:122.73:810056:4.42:685,1260:123.94:1393017:3.44:56,1252:127.49:1814826:2.46:4,1256:0:0:2.7:1,[1256:125.98:883072:3.0:9
TEAM_122019P125,671.0,686:114.19,685:115.25,684:114.7:730943:11.2:1,685:118.95:1417379:10.34:4,683:119.47:974309:10.34:0,683:119.88:732680:8.14:25,708:121.49:980916:7.71:2,709:120.84:895012:8.0:5,712:122.73:810056:6.7:2,714:123.94:1393017:5.51:39,713:127.49:1814826:4.2:37,U:0:0:U:U,[713:125.98:883072:5.4:21
TEAM_122019P130,99.0,99:114.19,121:115.25,122:114.7:730943:16.1:0,122:118.95:1417379:13.91:3,125:119.47:974309:13.91:0,125:119.88:732680:11.8:1,125:121.49:980916:11.8:0,125:120.84:895012:11.4:12,113:122.73:810056:11.1:2,113:123.94:1393017:8.9:2,111:127.49:1814826:6.5:34,128:0:0:7.14:2,[129:125.98:883072:8.52:20
TEAM_122019P135,381.0,381:114.19,381:115.25,381:114.7:730943:12.4:0,381:118.95:1417379:12.4:0,381:119.47:974309:12.4:0,381:119.88:732680:12.4:0,381:121.49:980916:12.4:0,381:120.84:895012:12.4:0,381:122.73:810056:13.75:1,382:123.94:1393017:11.6:2,383:127.49:1814826:9.7:3,383:0:0:9.7:0,[383:125.98:883072:9.7:0
TEAM_122019P140,85.0,85:114.19,85:115.25,85:114.7:730943:17.46:0,85:118.95:1417379:17.46:0,85:119.47:974309:17.46:0,85:119.88:732680:17.46:0,85:121.49:980916:18.4:2,85:120.84:895012:18.4:0,85:122.73:810056:18.4:0,85:123.94:1393017:16.5:1,84:127.49:1814826:16.5:0,U:0:0:U:U,[84:125.98:883072:14.4:2
TEAM_122019P145,67.0,67:114.19,67:115.25,67:114.7:730943:21.86:0,67:118.95:1417379:21.86:0,67:119.47:974309:21.86:0,67:119.88:732680:21.86:0,67:121.49:980916:21.86:0,67:120.84:895012:21.86:0,67:122.73:810056:21.86:0,67:123.94:1393017:21.86:0,67:127.49:1814826:21.86:0,67:0:0:21.86:0,67:125.98:883072:21.86:0
TEAM_122019P150,8.0,8:114.19,8:115.25,8:114.7:730943:40.09:0,8:118.95:1417379:40.09:0,8:119.47:974309:40.09:0,8:119.88:732680:40.09:0,8:121.49:980916:28.4:1,8:120.84:895012:28.4:0,8:122.73:810056:28.4:0,8:123.94:1393017:28.4:0,8:127.49:1814826:28.4:0,8:0:0:28.4:0,8:125.98:883072:28.4:0
TEAM_122019P155,0.0,0:114.19,0:115.25,0:114.7:730943:27.1:0,0:118.95:1417379:27.1:0,0:119.47:974309:27.1:0,0:119.88:732680:27.1:0,0:121.49:980916:27.1:0,0:120.84:895012:27.1:0,0:122.73:810056:27.1:0,U:123.94:1393017::,0:127.49:1814826:27.1:0,0:0:0:27.1:0,0:125.98:883072:27.1:0
TEAM_122019P160,0.0,0:114.19,0:115.25,0:114.7:730943:39.0:0,0:118.95:1417379:39.0:0,0:119.47:974309:39.0:0,0:119.88:732680:39.0:0,0:121.49:980916:39.0:0,0:120.84:895012:39.0:0,0:122.73:810056:39.0:0,0:123.94:1393017:39.0:0,0:127.49:1814826:39.0:0,U:0:0:U:U,0:125.98:883072:39.0:0
TEAM_122019P165,0.0,0:114.19,0:115.25,0:114.7:730943:31.6:0,0:118.95:1417379:31.6:0,0:119.47:974309:31.6:0,0:119.88:732680:31.6:0,0:121.49:980916:31.6:0,0:120.84:895012:31.6:0,0:122.73:810056:31.6:0,0:123.94:1393017:31.6:0,0:127.49:1814826:31.6:0,0:0:0:31.6:0,0:125.98:883072:31.6:0
TEAM_122019P170,0.0,0:114.19,0:115.25,0:114.7:730943:46.9:0,0:118.95:1417379:46.9:0,0:119.47:974309:46.9:0,0:119.88:732680:46.9:0,0:121.49:980916:46.9:0,0:120.84:895012:46.9:0,0:122.73:810056:46.9:0,0:123.94:1393017:46.9:0,0:127.49:1814826:46.9:0,0:0:0:46.9:0,0:125.98:883072:46.9:0
TEAM_112219P105,U,31:114.19,32:115.25,32:114.7:730943:0.75:0,32:118.95:1417379:0.35:1,31:119.47:974309:0.25:1,31:119.88:732680:0.25:0,U:121.49:980916:.:,31:120.84:895012:0.25:0,31:122.73:810056:0.12:1,30:123.94:1393017:0.05:1,30:127.49:1814826:0.05:0,30:0:0:0.08:1,29:125.98:883072:0.08:0
TEAM_112219P106,U,1:114.19,1:115.25,1:114.7:730943:1.31:0,1:118.95:1417379:1.31:0,1:119.47:974309:1.31:0,1:119.88:732680:1.31:0,1:121.49:980916:1.31:0,1:120.84:895012:1.31:0,1:122.73:810056:1.31:0,1:123.94:1393017:1.31:0,1:127.49:1814826:1.31:0,1:0:0:1.31:0,1:125.98:883072:1.31:0
TEAM_112219P107,U,15:114.19,15:115.25,15:114.7:730943:0.78:0,15:118.95:1417379:0.78:0,15:119.47:974309:0.78:0,15:119.88:732680:0.78:0,15:121.49:980916:0.78:0,15:120.84:895012:0.78:0,15:122.73:810056:0.78:0,15:123.94:1393017:0.78:0,15:127.49:1814826:0.78:0,15:0:0:0.78:0,15:125.98:883072:0.78:0
TEAM_112219P108,U,12:114.19,12:115.25,12:114.7:730943:0.65:0,12:118.95:1417379:0.65:0,12:119.47:974309:0.65:0,12:119.88:732680:0.25:1,12:121.49:980916:0.25:0,12:120.84:895012:0.25:0,12:122.73:810056:0.25:0,U:123.94:1393017::,12:127.49:1814826:0.05:0,12:0:0:0.05:0,12:125.98:883072:0.05:0
TEAM_112219P109,U,0:114.19,0:115.25,0:114.7:730943:0.0:0,0:118.95:1417379:0.0:0,0:119.47:974309:0.0:0,0:119.88:732680:0.0:0,0:121.49:980916:0.2:200,200:120.84:895012:0.2:0,200:122.73:810056:0.2:0,200:123.94:1393017:0.2:0,200:127.49:1814826:0.2:0,200:0:0:0.2:0,200:125.98:883072:0.2:0
TEAM_112219P110,U,34:114.19,52:115.25,51:114.7:730943:1.81:0,51:118.95:1417379:1.55:1,52:119.47:974309:1.55:0,52:119.88:732680:1.55:0,52:121.49:980916:0.26:1,52:120.84:895012:0.26:0,52:122.73:810056:0.12:62,100:123.94:1393017:0.25:1,100:127.49:1814826:0.05:0,100:0:0:0.05:0,100:125.98:883072:0.05:7
TEAM_112219P111,U,0:114.19,1:115.25,1:114.7:730943:1.95:2,3:118.95:1417379:1.82:5,7:119.47:974309:1.82:0,7:119.88:732680:0.49:5,12:121.49:980916:0.34:200,62:120.84:895012:0.34:0,62:122.73:810056:0.34:0,62:123.94:1393017:0.34:0,63:127.49:1814826:0.08:0,63:0:0:0.08:0,63:125.98:883072:0.08:0
TEAM_112219P112,U,20:114.19,20:115.25,19:114.7:730943:2.79:0,19:118.95:1417379:2.79:0,19:119.47:974309:2.79:0,19:119.88:732680:2.79:0,19:121.49:980916:2.79:0,19:120.84:895012:2.79:0,19:122.73:810056:2.79:0,19:123.94:1393017:2.79:0,19:127.49:1814826:2.79:0,19:0:0:2.79:0,19:125.98:883072:2.79:0
TEAM_112919P105,U,153:114.19,153:115.25,153:114.7:730943:1.62:0,153:118.95:1417379:1.62:0,153:119.47:974309:1.62:0,153:119.88:732680:0.3:2,153:121.49:980916:0.3:0,153:120.84:895012:0.3:6,159:122.73:810056:0.3:0,159:123.94:1393017:0.3:0,159:127.49:1814826:0.3:0,U:0:0:U:U,158:125.98:883072:0.05:0
TEAM_112919P106,U,4:114.19,4:115.25,4:114.7:730943:0.8:0,4:118.95:1417379:0.9:1,5:119.47:974309:0.9:0,5:119.88:732680:0.9:0,5:121.49:980916:0.9:0,5:120.84:895012:0.9:0,5:122.73:810056:0.9:0,5:123.94:1393017:0.9:0,5:127.49:1814826:0.9:0,5:0:0:0.9:0,5:125.98:883072:0.9:0
TEAM_112919P107,U,1:114.19,2:115.25,9:114.7:730943:1.55:0,9:118.95:1417379:1.55:0,9:119.47:974309:1.55:0,9:119.88:732680:1.55:0,9:121.49:980916:1.55:0,9:120.84:895012:0.3:3,11:122.73:810056:0.3:0,11:123.94:1393017:0.3:0,11:127.49:1814826:0.05:3,8:0:0:0.05:0,8:125.98:883072:0.05:0
TEAM_112919P108,U,4:114.19,4:115.25,4:114.7:730943:1.4:0,4:118.95:1417379:1.4:0,4:119.47:974309:1.4:0,4:119.88:732680:1.4:0,4:121.49:980916:1.4:0,4:120.84:895012:1.4:0,4:122.73:810056:1.4:0,U:123.94:1393017::,5:127.49:1814826:0.1:0,5:0:0:0.1:0,5:125.98:883072:0.1:0
TEAM_112919P109,U,6:114.19,7:115.25,7:114.7:730943:2.3:0,7:118.95:1417379:2.3:0,7:119.47:974309:2.3:0,7:119.88:732680:2.3:0,7:121.49:980916:2.3:0,7:120.84:895012:2.3:0,7:122.73:810056:2.3:0,U:123.94:1393017:.:,7:127.49:1814826:0.1:5,U:0:0:.:U,5:125.98:883072:0.1:0
TEAM_112919P110,U,126:114.19,127:115.25,128:114.7:730943:2.3:12,136:118.95:1417379:2.3:0,136:119.47:974309:2.3:0,136:119.88:732680:2.3:0,136:121.49:980916:2.3:0,136:120.84:895012:0.6:17,132:122.73:810056:0.35:1,132:123.94:1393017:0.35:0,132:127.49:1814826:0.35:0,132:0:0:0.35:0,132:125.98:883072:0.05:1
TEAM_112919P111,U,0:114.19,0:115.25,0:114.7:730943:0.0:0,0:118.95:1417379:0.0:0,0:119.47:974309:1.45:2,2:119.88:732680:1.45:0,2:121.49:980916:1.45:0,2:120.84:895012:1.45:0,2:122.73:810056:1.45:0,2:123.94:1393017:1.45:0,2:127.49:1814826:1.45:0,U:0:0:U:U,2:125.98:883072:1.45:0
TEAM_112919P112,U,7:114.19,27:115.25,27:114.7:730943:3.8:0,27:118.95:1417379:3.8:0,27:119.47:974309:3.8:0,27:119.88:732680:3.8:0,27:121.49:980916:0.75:1,28:120.84:895012:0.75:0,28:122.73:810056:0.75:0,28:123.94:1393017:0.75:0,28:127.49:1814826:0.75:0,28:0:0:0.75:0,28:125.98:883072:0.75:0
TEAM_120619P105,U,1:114.19,1:115.25,1:114.7:730943:0.95:0,1:118.95:1417379:0.95:0,1:119.47:974309:0.95:0,1:119.88:732680:0.95:0,1:121.49:980916:0.95:0,1:120.84:895012:0.95:0,1:122.73:810056:0.95:0,1:123.94:1393017:0.95:0,1:127.49:1814826:0.95:0,1:0:0:0.95:0,1:125.98:883072:0.95:0
TEAM_120619P106,U,0:114.19,0:115.25,0:114.7:730943:0.0:0,0:118.95:1417379:0.0:0,0:119.47:974309:0.0:0,0:119.88:732680:0.0:0,0:121.49:980916:0.0:0,0:120.84:895012:0.0:0,0:122.73:810056:0.0:0,0:123.94:1393017:0.0:0,0:127.49:1814826:0.0:0,0:0:0:0.0:0,0:125.98:883072:0.0:0
TEAM_120619P107,U,0:114.19,0:115.25,0:114.7:730943:0.0:0,0:118.95:1417379:0.0:0,0:119.47:974309:1.0:4,4:119.88:732680:1.0:0,4:121.49:980916:1.0:0,4:120.84:895012:1.0:0,4:122.73:810056:0.6:1,5:123.94:1393017:0.6:0,5:127.49:1814826:0.6:0,5:0:0:0.6:0,5:125.98:883072:0.6:0
TEAM_120619P108,U,0:114.19,0:115.25,0:114.7:730943:0.0:0,0:118.95:1417379:0.0:0,0:119.47:974309:0.0:0,0:119.88:732680:1.1:3,3:121.49:980916:1.1:0,3:120.84:895012:1.1:0,3:122.73:810056:1.1:0,3:123.94:1393017:1.1:0,3:127.49:1814826:1.1:0,U:0:0:U:U,3:125.98:883072:1.1:0
TEAM_120619P109,U,3:114.19,4:115.25,4:114.7:730943:3.47:0,4:118.95:1417379:3.47:0,4:119.47:974309:3.47:0,4:119.88:732680:3.47:0,4:121.49:980916:3.47:0,4:120.84:895012:3.47:0,4:122.73:810056:0.75:1,5:123.94:1393017:0.3:1,4:127.49:1814826:0.25:0,4:0:0:0.25:0,4:125.98:883072:0.25:0
TEAM_120619P110,U,10:114.19,12:115.25,12:114.7:730943:3.5:0,12:118.95:1417379:3.5:0,12:119.47:974309:3.5:0,12:119.88:732680:3.5:0,12:121.49:980916:3.5:0,12:120.84:895012:1.1:5,12:122.73:810056:0.85:3,15:123.94:1393017:0.61:1,14:127.49:1814826:0.3:4,16:0:0:0.3:0,16:125.98:883072:0.27:7
TEAM_120619P111,U,0:114.19,2:115.25,2:114.7:730943:4.0:0,2:118.95:1417379:4.0:0,2:119.47:974309:4.0:0,2:119.88:732680:1.55:7,9:121.49:980916:1.55:0,9:120.84:895012:1.55:0,9:122.73:810056:1.55:0,9:123.94:1393017:1.55:0,9:127.49:1814826:1.55:0,9:0:0:1.55:0,9:125.98:883072:1.55:0
TEAM_120619P112,U,3:114.19,5:115.25,5:114.7:730943:4.35:0,5:118.95:1417379:4.35:0,5:119.47:974309:4.35:0,5:119.88:732680:4.35:0,5:121.49:980916:4.35:0,5:120.84:895012:1.5:3,7:122.73:810056:0.95:2,9:123.94:1393017:0.95:0,9:127.49:1814826:0.95:0,9:0:0:0.95:0,9:125.98:883072:0.95:0
TEAM_121319P100,U,0:114.19,0:115.25,0:114.7:730943:1.2:5,5:118.95:1417379:1.2:0,5:119.47:974309:1.2:0,5:119.88:732680:1.2:0,5:121.49:980916:1.2:0,5:120.84:895012:1.2:0,5:122.73:810056:0.35:5,U:123.94:1393017::,10:127.49:1814826:0.35:0,U:0:0:U:U,10:125.98:883072:0.35:0
TEAM_121319P105,U,0:114.19,1:115.25,1:114.7:730943:2.6:0,1:118.95:1417379:2.6:0,1:119.47:974309:2.6:0,1:119.88:732680:0.85:20,21:121.49:980916:0.85:0,21:120.84:895012:0.85:1,22:122.73:810056:0.85:0,22:123.94:1393017:0.85:0,22:127.49:1814826:0.85:0,22:0:0:0.85:0,22:125.98:883072:0.85:0
TEAM_121319P109,U,0:114.19,2:115.25,2:114.7:730943:3.7:0,2:118.95:1417379:3.7:0,2:119.47:974309:3.7:0,2:119.88:732680:3.7:0,2:121.49:980916:3.7:0,2:120.84:895012:3.7:0,2:122.73:810056:3.7:0,U:123.94:1393017::,2:127.49:1814826:3.7:0,2:0:0:3.7:0,2:125.98:883072:3.7:0
TEAM_121319P110,U,0:114.19,0:115.25,0:114.7:730943:0.0:0,0:118.95:1417379:0.0:0,0:119.47:974309:0.0:0,0:119.88:732680:0.0:0,0:121.49:980916:1.6:6,6:120.84:895012:1.6:0,6:122.73:810056:1.6:0,6:123.94:1393017:0.85:2,8:127.49:1814826:0.85:0,8:0:0:0.85:0,8:125.98:883072:0.85:0
TEAM_121319P111,U,1:114.19,1:115.25,1:114.7:730943:3.02:0,1:118.95:1417379:3.02:0,1:119.47:974309:3.02:0,1:119.88:732680:3.02:0,1:121.49:980916:1.62:4,5:120.84:895012:1.62:0,5:122.73:810056:1.62:0,5:123.94:1393017:1.62:0,5:127.49:1814826:1.62:0,U:0:0:U:U,5:125.98:883072:1.62:0
TEAM_121319P112,U,0:114.19,1:115.25,1:114.7:730943:5.0:0,1:118.95:1417379:5.0:0,1:119.47:974309:5.0:0,1:119.88:732680:5.0:0,1:121.49:980916:5.0:0,1:120.84:895012:5.0:0,1:122.73:810056:5.0:0,1:123.94:1393017:5.0:0,1:127.49:1814826:5.0:0,1:0:0:5.0:0,1:125.98:883072:5.0:0
TEAM_121319P90,U,0:114.19,1:115.25,1:114.7:730943:0.55:0,1:118.95:1417379:0.55:0,1:119.47:974309:0.55:0,1:119.88:732680:0.55:0,1:121.49:980916:0.55:0,1:120.84:895012:0.55:0,1:122.73:810056:0.55:0,1:123.94:1393017:0.55:0,1:127.49:1814826:0.55:0,U:0:0:U:U,1:125.98:883072:0.55:0
TEAM_121319P95,U,0:114.19,2:115.25,2:114.7:730943:0.7:9,9:118.95:1417379:0.7:0,9:119.47:974309:0.7:0,9:119.88:732680:0.7:0,9:121.49:980916:0.7:0,9:120.84:895012:0.7:0,9:122.73:810056:0.7:0,9:123.94:1393017:0.7:0,9:127.49:1814826:0.7:0,9:0:0:0.7:0,9:125.98:883072:0.7:0
TEAM_122019P65,U,11:114.19,11:115.25,11:114.7:730943:0.1:0,11:118.95:1417379:0.1:0,11:119.47:974309:0.1:0,11:119.88:732680:0.1:0,11:121.49:980916:0.1:0,11:120.84:895012:0.1:0,11:122.73:810056:0.1:0,U:123.94:1393017::,11:127.49:1814826:0.1:0,11:0:0:0.1:0,11:125.98:883072:0.1:0
TEAM_122019P70,U,7:114.19,7:115.25,7:114.7:730943:1.65:0,7:118.95:1417379:1.65:0,7:119.47:974309:1.65:0,7:119.88:732680:1.65:0,7:121.49:980916:1.65:0,7:120.84:895012:1.65:0,7:122.73:810056:1.65:0,7:123.94:1393017:1.65:0,7:127.49:1814826:1.65:0,7:0:0:1.65:0,7:125.98:883072:1.65:0
TEAM_121319P106,U,U,U,0:114.7:730943:0.0:0,0:118.95:1417379:0.0:0,0:119.47:974309:0.0:0,0:119.88:732680:0.0:0,0:121.49:980916:0.0:0,0:120.84:895012:0.0:0,0:122.73:810056:0.0:0,0:123.94:1393017:0.0:0,0:127.49:1814826:0.0:0,U:0:0:U:U,0:125.98:883072:0.0:0
TEAM_121319P107,U,U,U,0:114.7:730943:0.0:0,0:118.95:1417379:0.0:0,0:119.47:974309:0.0:0,0:119.88:732680:1.35:11,11:121.49:980916:1.35:0,11:120.84:895012:1.35:0,11:122.73:810056:0.85:5,U:123.94:1393017::,16:127.49:1814826:0.85:0,U:0:0:U:U,16:125.98:883072:0.85:0
TEAM_121319P108,U,U,U,0:114.7:730943:0.0:0,0:118.95:1417379:0.0:0,0:119.47:974309:0.0:0,0:119.88:732680:0.0:0,0:121.49:980916:1.15:2,2:120.84:895012:1.15:0,2:122.73:810056:1.15:0,2:123.94:1393017:1.15:0,2:127.49:1814826:1.15:0,2:0:0:1.15:0,2:125.98:883072:1.15:0
TEAM_122719P105,U,U,U,0:114.7:730943:0.0:0,0:118.95:1417379:0.0:0,0:119.47:974309:0.0:0,0:119.88:732680:0.0:0,0:121.49:980916:0.0:0,0:120.84:895012:1.55:4,4:122.73:810056:1.55:0,4:123.94:1393017:1.55:0,4:127.49:1814826:0.8:0,4:0:0:0.8:0,4:125.98:883072:0.8:0
TEAM_122719P106,U,U,U,0:114.7:730943:0.0:0,0:118.95:1417379:0.0:0,0:119.47:974309:0.0:0,0:119.88:732680:1.58:2,2:121.49:980916:1.58:0,2:120.84:895012:1.58:0,2:122.73:810056:1.58:0,2:123.94:1393017:1.58:0,2:127.49:1814826:1.58:0,2:0:0:1.58:0,2:125.98:883072:1.58:0
TEAM_122719P107,U,U,U,0:114.7:730943:0.0:0,0:118.95:1417379:0.0:0,0:119.47:974309:0.0:0,0:119.88:732680:0.0:0,0:121.49:980916:0.0:0,0:120.84:895012:0.0:0,0:122.73:810056:0.0:0,U:123.94:1393017::,0:127.49:1814826:0.0:0,0:0:0:0.0:0,0:125.98:883072:0.0:0
TEAM_122719P108,U,U,U,0:114.7:730943:0.0:0,0:118.95:1417379:0.0:0,0:119.47:974309:0.0:0,0:119.88:732680:0.0:0,0:121.49:980916:0.0:0,0:120.84:895012:1.85:3,3:122.73:810056:1.85:0,3:123.94:1393017:1.85:0,3:127.49:1814826:1.85:0,3:0:0:1.85:0,3:125.98:883072:1.85:0
TEAM_122719P109,U,U,U,0:114.7:730943:0.0:0,0:118.95:1417379:0.0:0,0:119.47:974309:0.0:0,0:119.88:732680:0.0:0,0:121.49:980916:0.0:0,0:120.84:895012:0.0:0,0:122.73:810056:0.0:0,0:123.94:1393017:0.0:0,0:127.49:1814826:0.85:1,U:0:0:U:U,1:125.98:883072:0.85:0
TEAM_122719P110,U,U,U,0:114.7:730943:0.0:0,0:118.95:1417379:3.13:22,22:119.47:974309:2.9:7,29:119.88:732680:2.4:3,31:121.49:980916:2.4:0,31:120.84:895012:2.2:73,102:122.73:810056:2.2:0,102:123.94:1393017:1.4:21,100:127.49:1814826:0.95:5,105:0:0:0.95:0,105:125.98:883072:0.95:0
TEAM_122719P111,U,U,U,0:114.7:730943:0.0:0,0:118.95:1417379:0.0:0,0:119.47:974309:0.0:0,0:119.88:732680:0.0:0,0:121.49:980916:0.0:0,0:120.84:895012:0.0:0,0:122.73:810056:0.0:0,0:123.94:1393017:0.0:0,0:127.49:1814826:0.0:0,0:0:0:1.17:2,2:125.98:883072:1.17:0
TEAM_122719P112,U,U,U,0:114.7:730943:0.0:0,0:118.95:1417379:3.7:1,1:119.47:974309:3.7:0,1:119.88:732680:3.7:0,1:121.49:980916:3.7:0,1:120.84:895012:2.9:3,4:122.73:810056:2.2:10,13:123.94:1393017:2.2:0,18:127.49:1814826:1.85:0,18:0:0:1.85:0,U:125.98:883072:U:U
TEAM_122719P113,U,U,U,0:114.7:730943:0.0:0,0:118.95:1417379:0.0:0,0:119.47:974309:0.0:0,0:119.88:732680:0.0:0,0:121.49:980916:0.0:0,0:120.84:895012:0.0:0,0:122.73:810056:2.41:10,10:123.94:1393017:2.41:0,10:127.49:1814826:2.41:0,10:0:0:1.37:2,12:125.98:883072:1.37:0
TEAM_122719P114,U,U,U,0:114.7:730943:0.0:0,0:118.95:1417379:0.0:0,0:119.47:974309:0.0:0,0:119.88:732680:0.0:0,0:121.49:980916:0.0:0,0:120.84:895012:3.47:3,3:122.73:810056:3.47:0,3:123.94:1393017:3.47:0,3:127.49:1814826:1.45:1,U:0:0:U:U,4:125.98:883072:1.45:0
TEAM_122719P115,U,U,U,0:114.7:730943:0.0:0,0:118.95:1417379:0.0:0,0:119.47:974309:0.0:0,0:119.88:732680:0.0:0,0:121.49:980916:0.0:0,0:120.84:895012:0.0:0,0:122.73:810056:0.0:0,0:123.94:1393017:2.46:10,12:127.49:1814826:1.62:10,10:0:0:1.77:5,15:125.98:883072:1.74:24
TEAM_122719P116,U,U,U,0:114.7:730943:0.0:0,0:118.95:1417379:0.0:0,0:119.47:974309:0.0:0,0:119.88:732680:0.0:0,0:121.49:980916:0.0:0,0:120.84:895012:0.0:0,0:122.73:810056:0.0:0,0:123.94:1393017:0.0:0,0:127.49:1814826:0.0:0,0:0:0:0.0:0,[0:125.98:883072:0.0:0
TEAM_122719P117,U,U,U,0:114.7:730943:0.0:0,0:118.95:1417379:0.0:0,0:119.47:974309:5.35:1,1:119.88:732680:5.35:0,1:121.49:980916:5.35:0,1:120.84:895012:4.4:5,6:122.73:810056:4.4:0,6:123.94:1393017:2.99:1,8:127.49:1814826:1.8:1,9:0:0:1.8:0,[9:125.98:883072:2.37:1
TEAM_122719P118,U,U,U,0:114.7:730943:0.0:0,0:118.95:1417379:0.0:0,0:119.47:974309:0.0:0,0:119.88:732680:0.0:0,0:121.49:980916:4.3:3,3:120.84:895012:4.3:0,3:122.73:810056:4.3:0,3:123.94:1393017:2.99:3,3:127.49:1814826:2.99:0,3:0:0:2.99:0,[3:125.98:883072:2.8:6
TEAM_122719P119,U,U,U,0:114.7:730943:0.0:0,0:118.95:1417379:0.0:0,0:119.47:974309:6.05:1,1:119.88:732680:6.05:0,1:121.49:980916:6.05:0,4:120.84:895012:6.05:0,4:122.73:810056:6.05:0,4:123.94:1393017:6.05:0,4:127.49:1814826:6.05:0,4:0:0:6.05:0,[4:125.98:883072:3.1:4
TEAM_122719P120,U,U,U,0:114.7:730943:0.0:0,0:118.95:1417379:0.0:0,0:119.47:974309:0.0:0,0:119.88:732680:0.0:0,0:121.49:980916:5.1:6,6:120.84:895012:5.1:0,6:122.73:810056:4.67:2,8:123.94:1393017:3.63:5,8:127.49:1814826:2.7:13,21:0:0:2.7:0,[21:125.98:883072:2.7:0
TEAM_122719P121,U,U,U,0:114.7:730943:0.0:0,0:118.95:1417379:0.0:0,0:119.47:974309:0.0:0,0:119.88:732680:0.0:0,0:121.49:980916:0.0:0,0:120.84:895012:0.0:0,0:122.73:810056:5.3:4,4:123.94:1393017:5.3:0,6:127.49:1814826:3.2:7,10:0:0:3.4:2,[10:125.98:883072:3.4:0
TEAM_122719P122,U,U,U,0:114.7:730943:0.0:0,0:118.95:1417379:0.0:0,0:119.47:974309:7.8:1,1:119.88:732680:7.8:0,1:121.49:980916:6.2:4,5:120.84:895012:6.2:0,5:122.73:810056:6.2:0,5:123.94:1393017:4.6:1,6:127.49:1814826:4.6:0,6:0:0:4.1:1,[7:125.98:883072:4.0:1
TEAM_122719P123,U,U,U,0:114.7:730943:0.0:0,0:118.95:1417379:0.0:0,0:119.47:974309:0.0:0,0:119.88:732680:0.0:0,0:121.49:980916:6.5:3,3:120.84:895012:6.5:0,3:122.73:810056:6.5:0,3:123.94:1393017:6.5:0,3:127.49:1814826:6.5:0,U:0:0:U:U,[3:125.98:883072:6.5:0
TEAM_122719P124,U,U,U,0:114.7:730943:0.0:0,0:118.95:1417379:11.2:14,14:119.47:974309:11.2:0,14:119.88:732680:11.2:0,14:121.49:980916:11.2:0,14:120.84:895012:8.2:3,17:122.73:810056:8.2:0,17:123.94:1393017:8.2:0,17:127.49:1814826:8.2:0,17:0:0:8.2:0,[17:125.98:883072:5.3:50
TEAM_122719P125,U,U,U,U,0:118.95:1417379:0.0:0,0:119.47:974309:0.0:0,0:119.88:732680:0.0:0,0:121.49:980916:0.0:0,0:120.84:895012:0.0:0,0:122.73:810056:7.44:1,1:123.94:1393017:6.0:1,12:127.49:1814826:4.2:13,17:0:0:4.2:0,[17:125.98:883072:4.2:0
TEAM_122719P126,U,U,U,U,0:118.95:1417379:0.0:0,0:119.47:974309:0.0:0,0:119.88:732680:0.0:0,0:121.49:980916:0.0:0,0:120.84:895012:0.0:0,0:122.73:810056:0.0:0,0:123.94:1393017:0.0:0,4:127.49:1814826:6.9:0,4:0:0:6.9:0,[4:125.98:883072:6.9:0
TEAM_122719P127,U,U,U,U,0:118.95:1417379:0.0:0,0:119.47:974309:0.0:0,0:119.88:732680:0.0:0,0:121.49:980916:0.0:0,0:120.84:895012:0.0:0,0:122.73:810056:0.0:0,0:123.94:1393017:0.0:0,0:127.49:1814826:0.0:0,U:0:0:U:U,[4:125.98:883072:5.3:0
TEAM_122719P130,U,U,U,U,U,0:119.47:974309:13.42:1,1:119.88:732680:13.42:0,1:121.49:980916:13.42:0,1:120.84:895012:13.42:0,1:122.73:810056:13.42:0,1:123.94:1393017:13.42:0,1:127.49:1814826:6.01:2,U:0:0:U:U,[4:125.98:883072:6.97:0
TEAM_122719P135,U,U,U,U,U,0:119.47:974309:0.0:0,0:119.88:732680:0.0:0,0:121.49:980916:0.0:0,0:120.84:895012:0.0:0,0:122.73:810056:0.0:0,0:123.94:1393017:0.0:0,0:127.49:1814826:0.0:0,0:0:0:0.0:0,[0:125.98:883072:0.0:0
TEAM_122719P140,U,U,U,U,U,U,U,0:121.49:980916:0.0:0,0:120.84:895012:0.0:0,0:122.73:810056:0.0:0,0:123.94:1393017:0.0:0,0:127.49:1814826:0.0:0,0:0:0:0.0:0,0:125.98:883072:0.0:0
TEAM_122719P145,U,U,U,U,U,U,U,0:121.49:980916:0.0:0,0:120.84:895012:0.0:0,0:122.73:810056:0.0:0,0:123.94:1393017:0.0:0,0:127.49:1814826:0.0:0,0:0:0:0.0:0,0:125.98:883072:0.0:0
TEAM_011720P100,U,U,U,U,U,U,U,U,249:120.84:895012:1.9:0,249:122.73:810056:1.6:2,247:123.94:1393017:1.5:6,239:127.49:1814826:1.2:4,238:0:0:1.19:1,[237:125.98:883072:1.19:0
TEAM_011720P105,U,U,U,U,U,U,U,U,409:120.84:895012:2.9:2,409:122.73:810056:2.9:0,409:123.94:1393017:1.92:2,408:127.49:1814826:1.65:14,409:0:0:1.6:1,[409:125.98:883072:1.8:4
TEAM_011720P110,U,U,U,U,U,U,U,U,259:120.84:895012:4.2:0,259:122.73:810056:3.5:2,258:123.94:1393017:2.8:2,271:127.49:1814826:2.5:4,270:0:0:2.5:0,[270:125.98:883072:2.5:0
TEAM_011720P115,U,U,U,U,U,U,U,U,326:120.84:895012:6.49:0,326:122.73:810056:6.49:0,326:123.94:1393017:4.03:2,326:127.49:1814826:3.45:24,325:0:0:3.45:0,[325:125.98:883072:3.9:1
TEAM_011720P120,U,U,U,U,U,U,U,U,670:120.84:895012:8.0:0,670:122.73:810056:7.47:4,672:123.94:1393017:7.0:1,691:127.49:1814826:4.8:23,U:125.97:1432718:4.0:16:0:0:.:U,[692:125.98:883072:5.25:0
TEAM_011720P125,U,U,U,U,U,U,U,U,73:120.84:895012:10.0:0,73:122.73:810056:9.2:1,73:123.94:1393017:8.3:3,75:127.49:1814826:7.1:15,U:0:0:U:U,[76:125.98:883072:7.1:0
TEAM_011720P130,U,U,U,U,U,U,U,U,192:120.84:895012:13.1:0,192:122.73:810056:13.1:0,192:123.94:1393017:12.0:1,192:127.49:1814826:9.6:2,192:0:0:9.6:0,[192:125.98:883072:10.7:2
TEAM_011720P135,U,U,U,U,U,U,U,U,86:120.84:895012:22.2:0,86:122.73:810056:22.2:0,86:123.94:1393017:22.2:0,86:127.49:1814826:22.2:0,U:0:0:U:U,[86:125.98:883072:22.2:0
TEAM_011720P140,U,U,U,U,U,U,U,U,25:120.84:895012:21.1:0,25:122.73:810056:21.1:0,25:123.94:1393017:21.1:0,25:127.49:1814826:21.1:0,25:0:0:21.1:0,[25:125.98:883072:21.1:0
TEAM_011720P145,U,U,U,U,U,U,U,U,49:120.84:895012:26.3:0,49:122.73:810056:26.3:0,49:123.94:1393017:26.3:0,49:127.49:1814826:26.3:0,49:0:0:26.3:0,[49:125.98:883072:26.3:0
TEAM_011720P150,U,U,U,U,U,U,U,U,20:120.84:895012:31.1:0,20:122.73:810056:31.1:0,20:123.94:1393017:26.06:3,20:127.49:1814826:26.06:0,20:0:0:26.06:0,[20:125.98:883072:26.06:0
TEAM_011720P155,U,U,U,U,U,U,U,U,11:120.84:895012:47.25:0,11:122.73:810056:47.25:0,11:123.94:1393017:30.66:3,11:127.49:1814826:30.66:0,U:0:0:U:U,[11:125.98:883072:30.66:0
TEAM_011720P160,U,U,U,U,U,U,U,U,0:120.84:895012:28.5:0,0:122.73:810056:28.5:0,0:123.94:1393017:28.5:0,0:127.49:1814826:28.5:0,0:0:0:28.5:0,[0:125.98:883072:28.5:0
TEAM_011720P165,U,U,U,U,U,U,U,U,0:120.84:895012:35.5:0,0:122.73:810056:35.5:0,0:123.94:1393017:35.5:0,0:127.49:1814826:35.5:0,0:0:0:35.5:0,[0:125.98:883072:35.5:0
TEAM_011720P170,U,U,U,U,U,U,U,U,0:120.84:895012:0.0:0,0:122.73:810056:0.0:0,0:123.94:1393017:0.0:0,0:127.49:1814826:0.0:0,U:0:0:U:U,[0:125.98:883072:0.0:0
TEAM_011720P75,U,U,U,U,U,U,U,U,141:120.84:895012:0.55:0,141:122.73:810056:0.55:0,141:123.94:1393017:0.55:0,141:127.49:1814826:0.55:0,141:0:0:0.55:0,141:125.98:883072:0.55:0
TEAM_011720P80,U,U,U,U,U,U,U,U,390:120.84:895012:0.75:0,390:122.73:810056:0.75:0,390:123.94:1393017:0.75:0,390:127.49:1814826:0.75:0,U:0:0:U:U,[390:125.98:883072:0.75:0
TEAM_011720P85,U,U,U,U,U,U,U,U,101:120.84:895012:0.6:0,101:122.73:810056:0.6:0,101:123.94:1393017:0.6:0,101:127.49:1814826:0.6:0,101:0:0:0.6:0,[101:125.98:883072:0.6:0
TEAM_011720P90,U,U,U,U,U,U,U,U,552:120.84:895012:1.04:0,552:122.73:810056:1.04:0,552:123.94:1393017:0.6:5,557:127.49:1814826:0.71:1,556:0:0:0.71:0,[556:125.98:883072:0.71:0
TEAM_011720P95,U,U,U,U,U,U,U,U,55:120.84:895012:1.2:0,55:122.73:810056:1.2:0,55:123.94:1393017:1.2:0,55:127.49:1814826:0.85:0,55:0:0:0.85:0,[55:125.98:883072:0.85:0
TEAM_122719P128,U,U,U,U,U,U,U,U,0:120.84:895012:0.0:0,0:122.73:810056:0.0:0,0:123.94:1393017:7.8:4,4:127.49:1814826:5.48:1,U:0:0:U:U,[5:125.98:883072:5.48:0
TEAM_122719P129,U,U,U,U,U,U,U,U,0:120.84:895012:0.0:0,0:122.73:810056:0.0:0,0:123.94:1393017:0.0:0,0:127.49:1814826:0.0:0,0:0:0:0.0:0,[0:125.98:883072:7.8:2
TEAM_122719P131,U,U,U,U,U,U,U,U,U,0:122.73:810056:0.0:0,0:123.94:1393017:0.0:0,0:127.49:1814826:0.0:0,0:0:0:0.0:0,[0:125.98:883072:0.0:0
TEAM_122719P132,U,U,U,U,U,U,U,U,U,0:122.73:810056:0.0:0,0:123.94:1393017:0.0:0,0:127.49:1814826:0.0:0,U:0:0:U:U,[0:125.98:883072:0.0:0
TEAM_112219P133,U,U,U,U,U,U,U,U,U,U,5:123.94:1393017:9.2:0,5:127.49:1814826:9.2:0,5:0:0:9.2:0,[5:125.98:883072:9.2:0
TEAM_112919P133,U,U,U,U,U,U,U,U,U,U,0:123.94:1393017:0.0:0,0:127.49:1814826:0.0:0,U:0:0:U:U,[0:125.98:883072:0.0:0
TEAM_120619P133,U,U,U,U,U,U,U,U,U,U,0:123.94:1393017:0.0:0,0:127.49:1814826:0.0:0,0:0:0:0.0:0,[0:125.98:883072:0.0:0
TEAM_121319P133,U,U,U,U,U,U,U,U,U,U,0:123.94:1393017:0.0:0,0:127.49:1814826:0.0:0,U:0:0:U:U,[0:125.98:883072:0.0:0
TEAM_122019P114,U,U,U,U,U,U,U,U,U,U,0:123.94:1393017:1.95:1,1:127.49:1814826:1.15:5,6:0:0:1.15:0,U:125.98:883072:U:U
TEAM_122019P116,U,U,U,U,U,U,U,U,U,U,0:123.94:1393017:2.4:4,4:127.49:1814826:2.4:0,4:0:0:2.4:0,[4:125.98:883072:1.85:7
TEAM_122019P117,U,U,U,U,U,U,U,U,U,U,0:123.94:1393017:0.0:0,0:127.49:1814826:1.39:7,7:0:0:1.39:0,[7:125.98:883072:1.39:0
TEAM_122019P118,U,U,U,U,U,U,U,U,U,U,0:123.94:1393017:2.65:6,6:127.49:1814826:1.85:6,12:0:0:2.15:3,[15:125.98:883072:2.15:0
TEAM_122019P119,U,U,U,U,U,U,U,U,U,U,0:123.94:1393017:3.3:7,7:127.49:1814826:3.3:0,7:0:0:3.3:0,[7:125.98:883072:3.3:0
TEAM_122019P121,U,U,U,U,U,U,U,U,U,U,0:123.94:1393017:3.66:5,5:127.49:1814826:3.66:0,5:0:0:2.85:1,[6:125.98:883072:2.85:0
TEAM_122019P122,U,U,U,U,U,U,U,U,U,U,0:123.94:1393017:4.3:8,10:127.49:1814826:3.8:0,10:0:0:3.8:0,[10:125.98:883072:3.8:0
TEAM_122019P123,U,U,U,U,U,U,U,U,U,U,0:123.94:1393017:4.82:3,23:127.49:1814826:2.95:2,25:0:0:3.5:10,[35:125.98:883072:4.2:3
TEAM_122019P124,U,U,U,U,U,U,U,U,U,U,0:123.94:1393017:4.9:22,43:127.49:1814826:4.4:0,43:0:0:4.4:0,[43:125.98:883072:4.6:53
TEAM_122019P126,U,U,U,U,U,U,U,U,U,U,0:123.94:1393017:5.9:29,30:127.49:1814826:4.0:1,U:0:0:U:U,[32:125.98:883072:5.17:3
TEAM_122019P127,U,U,U,U,U,U,U,U,U,U,0:123.94:1393017:6.8:8,21:127.49:1814826:5.0:7,28:0:0:5.3:1,[28:125.98:883072:5.3:0
TEAM_122019P128,U,U,U,U,U,U,U,U,U,U,0:123.94:1393017:7.4:4,4:127.49:1814826:5.5:7,U:0:0:U:U,[4:125.98:883072:5.6:0
TEAM_122019P129,U,U,U,U,U,U,U,U,U,U,0:123.94:1393017:0.0:0,0:127.49:1814826:6.3:8,U:0:0:U:U,[8:125.98:883072:6.3:0
TEAM_122019P131,U,U,U,U,U,U,U,U,U,U,0:123.94:1393017:0.0:0,0:127.49:1814826:6.8:10,10:0:0:6.8:0,[10:125.98:883072:6.8:0
TEAM_122019P132,U,U,U,U,U,U,U,U,U,U,0:123.94:1393017:0.0:0,0:127.49:1814826:0.0:0,0:0:0:0.0:0,[0:125.98:883072:9.2:1
TEAM_122019P133,U,U,U,U,U,U,U,U,U,U,0:123.94:1393017:0.0:0,0:127.49:1814826:0.0:0,0:0:0:0.0:0,[0:125.98:883072:0.0:0
TEAM_122719P133,U,U,U,U,U,U,U,U,U,U,0:123.94:1393017:0.0:0,0:127.49:1814826:0.0:0,U:0:0:U:U,[0:125.98:883072:0.0:0
TEAM_112919P137,U,U,U,U,U,U,U,U,U,U,U,0:127.49:1814826:0.0:0,0:0:0:0.0:0,0:125.98:883072:0.0:0
TEAM_112219P136,U,U,U,U,U,U,U,U,U,U,U,0:127.49:1814826:0.0:0,U:0:0:U:U,0:125.98:883072:0.0:0
TEAM_120619P134,U,U,U,U,U,U,U,U,U,U,U,0:127.49:1814826:0.0:0,U:0:0:U:U,[0:125.98:883072:0.0:0
TEAM_120619P135,U,U,U,U,U,U,U,U,U,U,U,1:127.49:1814826:9.9:0,1:0:0:9.9:0,[1:125.98:883072:9.9:0
TEAM_121319P136,U,U,U,U,U,U,U,U,U,U,U,0:127.49:1814826:0.0:0,0:0:0:0.0:0,0:125.98:883072:0.0:0
TEAM_112219P134,U,U,U,U,U,U,U,U,U,U,U,5:127.49:1814826:9.7:0,U:0:0:U:U,[5:125.98:883072:9.7:0
TEAM_112919P134,U,U,U,U,U,U,U,U,U,U,U,0:127.49:1814826:0.0:0,0:0:0:0.0:0,[0:125.98:883072:0.0:0
TEAM_112219P135,U,U,U,U,U,U,U,U,U,U,U,13:127.49:1814826:16.8:0,13:0:0:16.8:0,[1:125.98:883072:16.8:0
TEAM_112919P136,U,U,U,U,U,U,U,U,U,U,U,0:127.49:1814826:0.0:0,0:0:0:0.0:0,0:125.98:883072:0.0:0
TEAM_112919P135,U,U,U,U,U,U,U,U,U,U,U,1:127.49:1814826:10.22:0,1:0:0:10.22:0,[1:125.98:883072:10.22:0
TEAM_011720P175,U,U,U,U,U,U,U,U,U,U,U,0:127.49:1814826:41.1:0,0:0:0:41.1:0,[0:125.98:883072:41.1:0
TEAM_120619P137,U,U,U,U,U,U,U,U,U,U,U,0:127.49:1814826:0.0:0,0:0:0:0.0:0,0:125.98:883072:0.0:0
TEAM_121319P137,U,U,U,U,U,U,U,U,U,U,U,3:127.49:1814826:16.8:0,3:0:0:16.8:0,3:125.98:883072:16.8:0
TEAM_112219P137,U,U,U,U,U,U,U,U,U,U,U,0:127.49:1814826:0.0:0,0:0:0:0.0:0,0:125.98:883072:0.0:0
TEAM_121319P135,U,U,U,U,U,U,U,U,U,U,U,0:127.49:1814826:0.0:0,0:0:0:0.0:0,[0:125.98:883072:0.0:0
TEAM_122719P150,U,U,U,U,U,U,U,U,U,U,U,0:127.49:1814826:0.0:0,U:0:0:U:U,0:125.98:883072:0.0:0
TEAM_120619P136,U,U,U,U,U,U,U,U,U,U,U,0:127.49:1814826:0.0:0,0:0:0:0.0:0,0:125.98:883072:0.0:0
TEAM_121319P134,U,U,U,U,U,U,U,U,U,U,U,10:127.49:1814826:19.9:0,10:0:0:19.9:0,[10:125.98:883072:19.9:0
TEAM_010320P130,U,U,U,U,U,U,U,U,U,U,U,U,U,0:125.98:883072:0.0:0
TEAM_010320P134,U,U,U,U,U,U,U,U,U,U,U,U,U,0:125.98:883072:0.0:0
TEAM_010320P121,U,U,U,U,U,U,U,U,U,U,U,U,U,0:125.98:883072:0.0:0
TEAM_010320P129,U,U,U,U,U,U,U,U,U,U,U,U,U,0:125.98:883072:0.0:0
TEAM_010320P128,U,U,U,U,U,U,U,U,U,U,U,U,U,0:125.98:883072:0.0:0
TEAM_010320P118,U,U,U,U,U,U,U,U,U,U,U,U,U,1:125.98:883072:2.95:0
TEAM_010320P123,U,U,U,U,U,U,U,U,U,U,U,U,U,0:125.98:883072:0.0:0
TEAM_010320P126,U,U,U,U,U,U,U,U,U,U,U,U,U,0:125.98:883072:0.0:0
TEAM_010320P127,U,U,U,U,U,U,U,U,U,U,U,U,U,0:125.98:883072:0.0:0
TEAM_010320P117,U,U,U,U,U,U,U,U,U,U,U,U,U,0:125.98:883072:0.0:0
TEAM_010320P122,U,U,U,U,U,U,U,U,U,U,U,U,U,0:125.98:883072:0.0:0
TEAM_010320P132,U,U,U,U,U,U,U,U,U,U,U,U,U,0:125.98:883072:0.0:0
TEAM_010320P120,U,U,U,U,U,U,U,U,U,U,U,U,U,0:125.98:883072:0.0:0
TEAM_122719P134,U,U,U,U,U,U,U,U,U,U,U,U,U,0:125.98:883072:0.0:0
TEAM_010320P116,U,U,U,U,U,U,U,U,U,U,U,U,U,0:125.98:883072:0.0:0
TEAM_010320P125,U,U,U,U,U,U,U,U,U,U,U,U,U,0:125.98:883072:0.0:0
TEAM_010320P133,U,U,U,U,U,U,U,U,U,U,U,U,U,0:125.98:883072:0.0:0
TEAM_010320P124,U,U,U,U,U,U,U,U,U,U,U,U,U,0:125.98:883072:0.0:0
TEAM_010320P135,U,U,U,U,U,U,U,U,U,U,U,U,U,0:125.98:883072:0.0:0
TEAM_010320P119,U,U,U,U,U,U,U,U,U,U,U,U,U,0:125.98:883072:0.0:0
TEAM_010320P131,U,U,U,U,U,U,U,U,U,U,U,U,U,0:125.98:883072:0.0:0
